relative_path,actor_id,label,split,source,source_sha1
Actor_01/03-01-01-01-01-01-01.wav,01,neutral,train,RAVDESS,933c122c0f08eee3d2f447359f286f96cb6e0351
Actor_01/03-01-01-01-01-02-01.wav,01,neutral,train,RAVDESS,dd93477f6433e33a2bb8f85e0334071a3cbc4b53
Actor_01/03-01-01-01-02-01-01.wav,01,neutral,train,RAVDESS,0d7de723fdaa09017cff1c65c6f6a61ad60b378a
Actor_01/03-01-01-01-02-02-01.wav,01,neutral,train,RAVDESS,c947fc6f7597837e84ac4ea213b5c8ac2cd77bd7
Actor_01/03-01-02-01-01-01-01.wav,01,neutral,train,RAVDESS,5d161e632c8ed87593ceac27fbc45ca538d73214
Actor_01/03-01-02-01-01-02-01.wav,01,neutral,train,RAVDESS,ff48861e861b77bf307f63cff1d009fbb94a8ca4
Actor_01/03-01-02-01-02-01-01.wav,01,neutral,train,RAVDESS,00d9ebba3036ca7db20bba00b38b461b679c5491
Actor_01/03-01-02-01-02-02-01.wav,01,neutral,train,RAVDESS,6d2afa4ebe1c56e6ddc6e662bfb88d9866edcb02
Actor_01/03-01-02-02-01-01-01.wav,01,neutral,train,RAVDESS,cfea3fb7926cd842a6ab0f4838475deb9d985b54
Actor_01/03-01-02-02-01-02-01.wav,01,neutral,train,RAVDESS,0a1a6be46b05a3a8ad753fcea6191e3d6439e755
Actor_01/03-01-02-02-02-01-01.wav,01,neutral,train,RAVDESS,facc17ca18e83563dad042437af7d9d9daaa50d9
Actor_01/03-01-02-02-02-02-01.wav,01,neutral,train,RAVDESS,c4e020eaa45a6b4f66a0d86ca03c04bc895c23dd
Actor_01/03-01-03-01-01-01-01.wav,01,happy,train,RAVDESS,57c6fcab7f01c49fe874509dbc332885e103e545
Actor_01/03-01-03-01-01-02-01.wav,01,happy,train,RAVDESS,5bba0800d54b73a0182c2cc4e4d31bb9c2221340
Actor_01/03-01-03-01-02-01-01.wav,01,happy,train,RAVDESS,c579bed4e5f2a111a120c7efc206b9244a63107f
Actor_01/03-01-03-01-02-02-01.wav,01,happy,train,RAVDESS,23c42ffb95d1aa03050bc8c5f28c4a7da589131a
Actor_01/03-01-03-02-01-01-01.wav,01,happy,train,RAVDESS,1076f830af2f14d05c30f86f6f6f550488896591
Actor_01/03-01-03-02-01-02-01.wav,01,happy,train,RAVDESS,09a575c2812d6c890f3723e57d613d74799338cf
Actor_01/03-01-03-02-02-01-01.wav,01,happy,train,RAVDESS,cef33d0cbcba6883e5b1de9bbe8fc519cca5b2df
Actor_01/03-01-03-02-02-02-01.wav,01,happy,train,RAVDESS,c96000b3df320bb4d7626826536bd4120f946b81
Actor_01/03-01-04-01-01-01-01.wav,01,sad,train,RAVDESS,6e9cc1f40cbfcc66d27a7e3d8e3e92c60af370fa
Actor_01/03-01-04-01-01-02-01.wav,01,sad,train,RAVDESS,c23e5564b4ecbdb0f518242e9aa68eeaac37648c
Actor_01/03-01-04-01-02-01-01.wav,01,sad,train,RAVDESS,8ba1b4521fff7509fec82b19223af3076202565a
Actor_01/03-01-04-01-02-02-01.wav,01,sad,train,RAVDESS,9686ba28d2c0bbb28bc687ce1b1783ce73fcb8ec
Actor_01/03-01-04-02-01-01-01.wav,01,sad,train,RAVDESS,11fec6c61b96a3353780285ad5b90ce0ce0e23e5
Actor_01/03-01-04-02-01-02-01.wav,01,sad,train,RAVDESS,7e7e56a37c54a3d4a299ae78a0ff7e2e156fc24c
Actor_01/03-01-04-02-02-01-01.wav,01,sad,train,RAVDESS,7102d5e2c11293bd2d272158e29ad277d048f9f7
Actor_01/03-01-04-02-02-02-01.wav,01,sad,train,RAVDESS,f41ab4f81f5e166f04bf3e0b28b7bc87b551b608
Actor_01/03-01-05-01-01-01-01.wav,01,angry,train,RAVDESS,00dea74ccf0744fe0fa0c4d401fbbcd45ea63e9d
Actor_01/03-01-05-01-01-02-01.wav,01,angry,train,RAVDESS,7369c8822aa2796de506e1d427fdb6d2f4af4216
Actor_01/03-01-05-01-02-01-01.wav,01,angry,train,RAVDESS,5b29dd9fff8c7f985a8a0c0e30e310f5b7c56228
Actor_01/03-01-05-01-02-02-01.wav,01,angry,train,RAVDESS,5353f84e063eb379506710a15afb35af56308ca1
Actor_01/03-01-05-02-01-01-01.wav,01,angry,train,RAVDESS,26b69bf981a8f1759e1f0521aa0da7cffd3d2cac
Actor_01/03-01-05-02-01-02-01.wav,01,angry,train,RAVDESS,d245cfb77dbd1c2dab19b768315e1ef23e8e6b79
Actor_01/03-01-05-02-02-01-01.wav,01,angry,train,RAVDESS,737d0ed454384301d1711e4a581da9a80d9de52b
Actor_01/03-01-05-02-02-02-01.wav,01,angry,train,RAVDESS,f001dde0ef6ca9bb241d04d75f328f56334ca557
Actor_01/03-01-06-01-01-01-01.wav,01,fear,train,RAVDESS,44c39b0f0b2ec3db630a00f807b6a3a5a0026cd6
Actor_01/03-01-06-01-01-02-01.wav,01,fear,train,RAVDESS,1827bdc78a0b0c1896251bc129ed36c15c32f079
Actor_01/03-01-06-01-02-01-01.wav,01,fear,train,RAVDESS,34b9828ff641ae2f9fce6e2677b799d83ef2750c
Actor_01/03-01-06-01-02-02-01.wav,01,fear,train,RAVDESS,992a45edb43a0d601af2e2e38684609dc7edbeb4
Actor_01/03-01-06-02-01-01-01.wav,01,fear,train,RAVDESS,821c3a473727b0fdd6e6f4d6a4fc23bb31671775
Actor_01/03-01-06-02-01-02-01.wav,01,fear,train,RAVDESS,0fa9f094a9aa77cc9cf6af09aee1c1eb4ca55aca
Actor_01/03-01-06-02-02-01-01.wav,01,fear,train,RAVDESS,1aabf21db1d9261ff82e9946288224da401366e7
Actor_01/03-01-06-02-02-02-01.wav,01,fear,train,RAVDESS,0cec65a83bd3810bd5963bc0565825a2684e26a1
Actor_01/03-01-07-01-01-01-01.wav,01,disgust,train,RAVDESS,5dea8806f35013950b1ba1bda2878fbb2a41f92b
Actor_01/03-01-07-01-01-02-01.wav,01,disgust,train,RAVDESS,eddf4339de25c18ebe340b0c517785cdf5e66f4d
Actor_01/03-01-07-01-02-01-01.wav,01,disgust,train,RAVDESS,63abce2c95d7f0ab6d25cef7eb6872ae8e309440
Actor_01/03-01-07-01-02-02-01.wav,01,disgust,train,RAVDESS,d803b66f2ca33d73044bb188b5000b81e2d1b301
Actor_01/03-01-07-02-01-01-01.wav,01,disgust,train,RAVDESS,4acdb45c79ceb0d7b6f297358314e167ec459fd4
Actor_01/03-01-07-02-01-02-01.wav,01,disgust,train,RAVDESS,350b96e59b90ba45db57d80cac83dd8272df8362
Actor_01/03-01-07-02-02-01-01.wav,01,disgust,train,RAVDESS,2ccfcfea06a0e2b19a921be310051fbbb182560d
Actor_01/03-01-07-02-02-02-01.wav,01,disgust,train,RAVDESS,37f7506876d1757d46f8c18da56ddf81914261be
Actor_01/03-01-08-01-01-01-01.wav,01,surprise,train,RAVDESS,a6a4908d7018ea38cb89b8a17c05b8a2a8e7c776
Actor_01/03-01-08-01-01-02-01.wav,01,surprise,train,RAVDESS,e4ea916c6d8f2d7945a5497c8e9919a4c052fe14
Actor_01/03-01-08-01-02-01-01.wav,01,surprise,train,RAVDESS,f6865978e4ae1dcd2150fbc8f02d9e8639644e0b
Actor_01/03-01-08-01-02-02-01.wav,01,surprise,train,RAVDESS,0d7aaa7bebd1a3be949bf1c4df17a5b233fb2e92
Actor_01/03-01-08-02-01-01-01.wav,01,surprise,train,RAVDESS,deaf0fc93a75cbf0632baaeebcd3572d0e033f18
Actor_01/03-01-08-02-01-02-01.wav,01,surprise,train,RAVDESS,22046024e91e1b08d7a26bee0289a4b9c552cb4a
Actor_01/03-01-08-02-02-01-01.wav,01,surprise,train,RAVDESS,9aabeadbcc43b58b1117d741d459b32260b1c349
Actor_01/03-01-08-02-02-02-01.wav,01,surprise,train,RAVDESS,d8f13244c524b1ae5fded634b503216a9e5026c8
Actor_02/03-01-01-01-01-01-02.wav,02,neutral,train,RAVDESS,b508fee57c4e4f555d12dcc590883b054283322a
Actor_02/03-01-01-01-01-02-02.wav,02,neutral,train,RAVDESS,db05534cc94d3097ce294772c6ea28843d7bd7d3
Actor_02/03-01-01-01-02-01-02.wav,02,neutral,train,RAVDESS,83c516f951ed80d2b14a06ff5eb89e5847187681
Actor_02/03-01-01-01-02-02-02.wav,02,neutral,train,RAVDESS,2609afebd328c5c85424db4aa746a4fd9f485730
Actor_02/03-01-02-01-01-01-02.wav,02,neutral,train,RAVDESS,8f606d4391cfc9b213c2c25d8d4db501b9f0f09d
Actor_02/03-01-02-01-01-02-02.wav,02,neutral,train,RAVDESS,c78c09287e3cc5061ed136726a2664fa6f5c69be
Actor_02/03-01-02-01-02-01-02.wav,02,neutral,train,RAVDESS,6ac1bca6a82fcc24f2117d260d0ebcfab1b682c9
Actor_02/03-01-02-01-02-02-02.wav,02,neutral,train,RAVDESS,7f3aa6061e01163a704367470aa08c306b8bba26
Actor_02/03-01-02-02-01-01-02.wav,02,neutral,train,RAVDESS,9618ebfbd72c2ce94eb8c5d308a7baaed8c1a0b2
Actor_02/03-01-02-02-01-02-02.wav,02,neutral,train,RAVDESS,5cf2e91208816224df3d9b3ae63f01b5d988ee82
Actor_02/03-01-02-02-02-01-02.wav,02,neutral,train,RAVDESS,8fdc99283e2325bcef2edeb8f93bee5051d90106
Actor_02/03-01-02-02-02-02-02.wav,02,neutral,train,RAVDESS,f00581c8e3c80767e2d01c6d836ee38bc18a1173
Actor_02/03-01-03-01-01-01-02.wav,02,happy,train,RAVDESS,630af2c27f26f5211da1e0e2b6ba988936775d9e
Actor_02/03-01-03-01-01-02-02.wav,02,happy,train,RAVDESS,663058d53a4c0e6a13aca28658e93eded0b3d845
Actor_02/03-01-03-01-02-01-02.wav,02,happy,train,RAVDESS,3f8263c16dcbfff563704e07abb26fe5aa0248c1
Actor_02/03-01-03-01-02-02-02.wav,02,happy,train,RAVDESS,292bf3b41e3cf3982257dc99d1a991ca251834bd
Actor_02/03-01-03-02-01-01-02.wav,02,happy,train,RAVDESS,0e91d5f05db72b31b3aef4e536e4016bdeed7268
Actor_02/03-01-03-02-01-02-02.wav,02,happy,train,RAVDESS,6964c92001166985324a52a534bdd0a8d464cc6d
Actor_02/03-01-03-02-02-01-02.wav,02,happy,train,RAVDESS,28e5b6c261f056d34f70fe1160e15cc9b41cd878
Actor_02/03-01-03-02-02-02-02.wav,02,happy,train,RAVDESS,75f3cad1daff94a6f2cce62ef8df27ccaecb6d91
Actor_02/03-01-04-01-01-01-02.wav,02,sad,train,RAVDESS,d87d3f88a364a85e1422e1971cc5d8e87a24f208
Actor_02/03-01-04-01-01-02-02.wav,02,sad,train,RAVDESS,fe8edaf6c201d2903ef8fdaa4bf288b802a29be1
Actor_02/03-01-04-01-02-01-02.wav,02,sad,train,RAVDESS,5591d4921372db527fcbc1a3444519c65bbc1d9a
Actor_02/03-01-04-01-02-02-02.wav,02,sad,train,RAVDESS,08150d416be39871a21066313d01f46c8f1fdfdc
Actor_02/03-01-04-02-01-01-02.wav,02,sad,train,RAVDESS,bfa61817eb5b6bb1d2ffe86a20e8b0d1857b3f7d
Actor_02/03-01-04-02-01-02-02.wav,02,sad,train,RAVDESS,ad3b36baa9b152ecebe0ac7954f00fa47579df07
Actor_02/03-01-04-02-02-01-02.wav,02,sad,train,RAVDESS,640476dfb8b98f36d74e98cd894c446050a43dab
Actor_02/03-01-04-02-02-02-02.wav,02,sad,train,RAVDESS,75575537e3b9eeaf88c56c3241e77c0728664471
Actor_02/03-01-05-01-01-01-02.wav,02,angry,train,RAVDESS,84df7dd79c9568f1f92d77837548965faee1a954
Actor_02/03-01-05-01-01-02-02.wav,02,angry,train,RAVDESS,43e608c8bd05f6e79e992d06cf2c58633de58048
Actor_02/03-01-05-01-02-01-02.wav,02,angry,train,RAVDESS,5ce39f899b093480304be98be2afbecd0d274642
Actor_02/03-01-05-01-02-02-02.wav,02,angry,train,RAVDESS,cf820527fb2e05c8700bc6d1ede42cefb6f6d504
Actor_02/03-01-05-02-01-01-02.wav,02,angry,train,RAVDESS,b2d43e2562d17f34a817922ba25d8bd3f3910155
Actor_02/03-01-05-02-01-02-02.wav,02,angry,train,RAVDESS,e3e3428c949862c5588501a2114083242953d7dc
Actor_02/03-01-05-02-02-01-02.wav,02,angry,train,RAVDESS,1fe917016e0f0a28ff7303a5f01de8e8b31da9c4
Actor_02/03-01-05-02-02-02-02.wav,02,angry,train,RAVDESS,412ba810fd9ceda21b87f17ae8b0f37e069f5a40
Actor_02/03-01-06-01-01-01-02.wav,02,fear,train,RAVDESS,eda4ff61cb4c4b98ca8d59e4d89d34b5735a5ed4
Actor_02/03-01-06-01-01-02-02.wav,02,fear,train,RAVDESS,89d28c96ff40b7fb3e7b72de494472ba169e1c93
Actor_02/03-01-06-01-02-01-02.wav,02,fear,train,RAVDESS,b8cd62d30290f73659996378d4483146eef55ebe
Actor_02/03-01-06-01-02-02-02.wav,02,fear,train,RAVDESS,c22cc1ebf7baa152485be0afa0636f96b56ea3cd
Actor_02/03-01-06-02-01-01-02.wav,02,fear,train,RAVDESS,e00648929d092add9a8f6b247467f3aee43a9472
Actor_02/03-01-06-02-01-02-02.wav,02,fear,train,RAVDESS,cc8c00bfb768ec6171f9793d8bd0108c2dc0ecad
Actor_02/03-01-06-02-02-01-02.wav,02,fear,train,RAVDESS,c2ad9ad1772d2a7db6dc92c7c967d764c13116b0
Actor_02/03-01-06-02-02-02-02.wav,02,fear,train,RAVDESS,ba090b929c10c333a4bbe3bb05577fea6e1772c4
Actor_02/03-01-07-01-01-01-02.wav,02,disgust,train,RAVDESS,503b198ad2f85ba54b2834d7031178be7fccdde7
Actor_02/03-01-07-01-01-02-02.wav,02,disgust,train,RAVDESS,36307cfab34ef1c0a9c91db7ce1d1b58a206c5a3
Actor_02/03-01-07-01-02-01-02.wav,02,disgust,train,RAVDESS,92f45b75842ac84ae3da832dd1d71fb6de820dd2
Actor_02/03-01-07-01-02-02-02.wav,02,disgust,train,RAVDESS,853876392a8d92a8e29c84e612e7d039d0bb09d2
Actor_02/03-01-07-02-01-01-02.wav,02,disgust,train,RAVDESS,cdd839ebbe83d050dd7198877f49031321224056
Actor_02/03-01-07-02-01-02-02.wav,02,disgust,train,RAVDESS,286d61b87338a62644bfc0f1a24cd9e38d397792
Actor_02/03-01-07-02-02-01-02.wav,02,disgust,train,RAVDESS,84a8b4aaa7f9bebea34755f894831e9102f02770
Actor_02/03-01-07-02-02-02-02.wav,02,disgust,train,RAVDESS,5f10de55872593598a5a33f3e355b8930b87d377
Actor_02/03-01-08-01-01-01-02.wav,02,surprise,train,RAVDESS,f218dfe5c7f9f27074cf7bdaebe4e39089a3b08e
Actor_02/03-01-08-01-01-02-02.wav,02,surprise,train,RAVDESS,f9749f384f1ae8cea2c9c35bebaa10cedfd799f3
Actor_02/03-01-08-01-02-01-02.wav,02,surprise,train,RAVDESS,c3c2a41303f727ae1f6b2056af6d37386e346f64
Actor_02/03-01-08-01-02-02-02.wav,02,surprise,train,RAVDESS,52f6ad20a7698e75eb02b43a15e466f28e281f14
Actor_02/03-01-08-02-01-01-02.wav,02,surprise,train,RAVDESS,c418ce11db3ef643eed1938116865470b904635f
Actor_02/03-01-08-02-01-02-02.wav,02,surprise,train,RAVDESS,2019c722b9143618e45ca7f63375761c0f01c142
Actor_02/03-01-08-02-02-01-02.wav,02,surprise,train,RAVDESS,ce11336da4c639c3b9fdfa5b6ba7c585eae0e55e
Actor_02/03-01-08-02-02-02-02.wav,02,surprise,train,RAVDESS,bdf7785b2e8755a65184b61e4cdd0f4fa661bea8
Actor_03/03-01-01-01-01-01-03.wav,03,neutral,train,RAVDESS,343049430a532a4cdf6754b8234c3a468044478c
Actor_03/03-01-01-01-01-02-03.wav,03,neutral,train,RAVDESS,e3eeb9861f7617f6b41165c830690dcab94a3903
Actor_03/03-01-01-01-02-01-03.wav,03,neutral,train,RAVDESS,0f2b61d67dd86c9c8a0e565ef9f271256bca8fd8
Actor_03/03-01-01-01-02-02-03.wav,03,neutral,train,RAVDESS,80fca7b6f92f07953a8b909f5cf4bca813b52964
Actor_03/03-01-02-01-01-01-03.wav,03,neutral,train,RAVDESS,047a057d584f90c04fe27d0daeb69e3d1930119c
Actor_03/03-01-02-01-01-02-03.wav,03,neutral,train,RAVDESS,1a7d6e02180d1d00c84bd2e96114f29cfbed217d
Actor_03/03-01-02-01-02-01-03.wav,03,neutral,train,RAVDESS,1109223ee5eba6ba0f4c2eac3724c4cf70b6f1c6
Actor_03/03-01-02-01-02-02-03.wav,03,neutral,train,RAVDESS,a7533a2a7709935b374e53cc75b47209b24dd448
Actor_03/03-01-02-02-01-01-03.wav,03,neutral,train,RAVDESS,8b8b3f3c78e6c0e7d3b7b42bc95f22b96a3e0d65
Actor_03/03-01-02-02-01-02-03.wav,03,neutral,train,RAVDESS,389d09dca084ec9a184779fbe17d857d9755fc6a
Actor_03/03-01-02-02-02-01-03.wav,03,neutral,train,RAVDESS,b8af05179bcc1084c18c879d2f2ed30dedb0d12b
Actor_03/03-01-02-02-02-02-03.wav,03,neutral,train,RAVDESS,8a20750d0f420b0fb7ccb040bb06cb8564995df2
Actor_03/03-01-03-01-01-01-03.wav,03,happy,train,RAVDESS,b581eb4e8b4af5de78f39f6a053a1a326d188e0c
Actor_03/03-01-03-01-01-02-03.wav,03,happy,train,RAVDESS,a05b57531125d37c26263bcad0335bc8e3911ca5
Actor_03/03-01-03-01-02-01-03.wav,03,happy,train,RAVDESS,fe230d4f18ed1f921e77bf6cfb5f4dbcf0cf60e9
Actor_03/03-01-03-01-02-02-03.wav,03,happy,train,RAVDESS,8fcb75730e0bfb4e5df5ace6fc5ab05078d0966a
Actor_03/03-01-03-02-01-01-03.wav,03,happy,train,RAVDESS,3ab5ba79b1b484afff4b1eeea3010448839e8de0
Actor_03/03-01-03-02-01-02-03.wav,03,happy,train,RAVDESS,ed21ab729b96be5175ba44ebfb41a6924c0c1c4b
Actor_03/03-01-03-02-02-01-03.wav,03,happy,train,RAVDESS,55f0e5cf1b60bc99ca37a4f9da305b8ba6de1f14
Actor_03/03-01-03-02-02-02-03.wav,03,happy,train,RAVDESS,4ed441e5f381b922c7d49a64804942ab03f866d3
Actor_03/03-01-04-01-01-01-03.wav,03,sad,train,RAVDESS,bb695f49946891f97be7e185232e7bb8db769d01
Actor_03/03-01-04-01-01-02-03.wav,03,sad,train,RAVDESS,92c5f07c908052f9c8deb2a87d886298d05bbb73
Actor_03/03-01-04-01-02-01-03.wav,03,sad,train,RAVDESS,7b072450691a8cd3c981529d3d7b72789fd7c25b
Actor_03/03-01-04-01-02-02-03.wav,03,sad,train,RAVDESS,0565e8931c0d5886cbe54654bd71e4290b452ccd
Actor_03/03-01-04-02-01-01-03.wav,03,sad,train,RAVDESS,3cd737f7704ef0944f2d3cb72083e4083686353a
Actor_03/03-01-04-02-01-02-03.wav,03,sad,train,RAVDESS,e562f66409cec36f2eaeb5812e05d20911bb3108
Actor_03/03-01-04-02-02-01-03.wav,03,sad,train,RAVDESS,8b65788ff5a14e16f65ed0fbc9f0b5219069d0fa
Actor_03/03-01-04-02-02-02-03.wav,03,sad,train,RAVDESS,f684ccf61ca23e37c9b80e230c8a60d80eff23cf
Actor_03/03-01-05-01-01-01-03.wav,03,angry,train,RAVDESS,51a2ce43388c84cba728f60c1412fa2edd4318a1
Actor_03/03-01-05-01-01-02-03.wav,03,angry,train,RAVDESS,10108814efd60f1c0db940e3e6e3f543be1bb666
Actor_03/03-01-05-01-02-01-03.wav,03,angry,train,RAVDESS,a019c30611d9e9ccb5f08dc616c2f440c55f47ea
Actor_03/03-01-05-01-02-02-03.wav,03,angry,train,RAVDESS,2e92c9528f4a29ef725a7a05819f10ce1382ef1e
Actor_03/03-01-05-02-01-01-03.wav,03,angry,train,RAVDESS,f374c2ddbb7c16d35a8025a59b9f781fba355b9a
Actor_03/03-01-05-02-01-02-03.wav,03,angry,train,RAVDESS,9dbe6af18ad43bb0567d235d8813303c524a787d
Actor_03/03-01-05-02-02-01-03.wav,03,angry,train,RAVDESS,f767a17264e6759c261106849d5dd74aeecce73b
Actor_03/03-01-05-02-02-02-03.wav,03,angry,train,RAVDESS,bcec73e3f877a459f88deb915ce02c744d68bdeb
Actor_03/03-01-06-01-01-01-03.wav,03,fear,train,RAVDESS,6b81592b0b4691c5e872843118354e7e559d83f0
Actor_03/03-01-06-01-01-02-03.wav,03,fear,train,RAVDESS,747c423f92887a90ae4ffe77ba337bcc80908be6
Actor_03/03-01-06-01-02-01-03.wav,03,fear,train,RAVDESS,4d9e98281623179d9ec9e4f325cd5d3217f03e42
Actor_03/03-01-06-01-02-02-03.wav,03,fear,train,RAVDESS,1bb4a9f45c21d0207e107f805b74ef3f2f3c78b0
Actor_03/03-01-06-02-01-01-03.wav,03,fear,train,RAVDESS,8e65f39b01a5e5fe8408525ec95fcf27ae1a8e5a
Actor_03/03-01-06-02-01-02-03.wav,03,fear,train,RAVDESS,b6f066b606832ec10961fbb621e7be67482b495b
Actor_03/03-01-06-02-02-01-03.wav,03,fear,train,RAVDESS,2b76f057e4dae7d60771c0386de6b857a82b483e
Actor_03/03-01-06-02-02-02-03.wav,03,fear,train,RAVDESS,8597211db9588624982220175bcd0420eac4051c
Actor_03/03-01-07-01-01-01-03.wav,03,disgust,train,RAVDESS,2e7cfdcd6e6823e90d6b5d117c746a2fea2a18dc
Actor_03/03-01-07-01-01-02-03.wav,03,disgust,train,RAVDESS,f8fa5760094fd8ab218797a49af5e081d9a77a9d
Actor_03/03-01-07-01-02-01-03.wav,03,disgust,train,RAVDESS,dcd7668abc01199cae43c52ce00f1692fc48e92b
Actor_03/03-01-07-01-02-02-03.wav,03,disgust,train,RAVDESS,5ac3b7bf1d6353a7fb193295c30a827a79df3d93
Actor_03/03-01-07-02-01-01-03.wav,03,disgust,train,RAVDESS,22c0aa388cb57bac56a24d9c5df0d873d7a911fd
Actor_03/03-01-07-02-01-02-03.wav,03,disgust,train,RAVDESS,ae7a80f5b13e1b8b420b0879fe9f801c897f6452
Actor_03/03-01-07-02-02-01-03.wav,03,disgust,train,RAVDESS,8400cfd86efe641636dff2a3b21c6be654893eb8
Actor_03/03-01-07-02-02-02-03.wav,03,disgust,train,RAVDESS,e1df92e29fb22d74e0d9825a5b186d0af954c886
Actor_03/03-01-08-01-01-01-03.wav,03,surprise,train,RAVDESS,9d5ad12e9de30c46fd79789f2ebb6b685f1cb0a4
Actor_03/03-01-08-01-01-02-03.wav,03,surprise,train,RAVDESS,f46fe3d8428f5a98bfae48448d0969991601a282
Actor_03/03-01-08-01-02-01-03.wav,03,surprise,train,RAVDESS,786e1e798a308414694c2ff7317b3cdb47e9df5b
Actor_03/03-01-08-01-02-02-03.wav,03,surprise,train,RAVDESS,150e39e0955b6672d308619fd4095a402d6e6336
Actor_03/03-01-08-02-01-01-03.wav,03,surprise,train,RAVDESS,d0cf670be5fc4b9e4dea77f90fd008ccb82df261
Actor_03/03-01-08-02-01-02-03.wav,03,surprise,train,RAVDESS,ae57d50c8cd09f98bfc2161ea49e0bba98c01d50
Actor_03/03-01-08-02-02-01-03.wav,03,surprise,train,RAVDESS,4a769159df3aba807b93ff4bf498fd127adff52e
Actor_03/03-01-08-02-02-02-03.wav,03,surprise,train,RAVDESS,942d2f582457736d90ce1d6fd2e415c022748d30
Actor_04/03-01-01-01-01-01-04.wav,04,neutral,train,RAVDESS,b54b56566fe192658851b01d1bf3e1d42c9f6289
Actor_04/03-01-01-01-01-02-04.wav,04,neutral,train,RAVDESS,471e14ba016459ceeab24d99990b1aa8591f0593
Actor_04/03-01-01-01-02-01-04.wav,04,neutral,train,RAVDESS,4423f79032830d6c9a689b94c14e2526fc7a6f11
Actor_04/03-01-01-01-02-02-04.wav,04,neutral,train,RAVDESS,cefa170906da0f573c61e646dfab9d6ffdff3ef1
Actor_04/03-01-02-01-01-01-04.wav,04,neutral,train,RAVDESS,2f5fbab1d629770235f451e8940e9fa3c2e0aa8e
Actor_04/03-01-02-01-01-02-04.wav,04,neutral,train,RAVDESS,b3a07f41ab5cc522dafd82b7f93f86ee4572a970
Actor_04/03-01-02-01-02-01-04.wav,04,neutral,train,RAVDESS,e84c350b999150782021aa6d3bdc864b5e4a9c0a
Actor_04/03-01-02-01-02-02-04.wav,04,neutral,train,RAVDESS,082a574ec18a40fb1770a81398ee22f82c0b3559
Actor_04/03-01-02-02-01-01-04.wav,04,neutral,train,RAVDESS,472c28242fce3296c9c90d5448ed500956543d49
Actor_04/03-01-02-02-01-02-04.wav,04,neutral,train,RAVDESS,fca7460cf4f8b2a3860a32c537a27bd115e37084
Actor_04/03-01-02-02-02-01-04.wav,04,neutral,train,RAVDESS,521e60cd289a5383429ad8806dde61ccca197a60
Actor_04/03-01-02-02-02-02-04.wav,04,neutral,train,RAVDESS,e00434a74c4e1d4f43d873b1b7aa32c316c60f33
Actor_04/03-01-03-01-01-01-04.wav,04,happy,train,RAVDESS,6fde0fab25db501880227d6d600b7e0406a615e8
Actor_04/03-01-03-01-01-02-04.wav,04,happy,train,RAVDESS,eff9406d5083998b804cbba87f0fc86aee6d8635
Actor_04/03-01-03-01-02-01-04.wav,04,happy,train,RAVDESS,ce8c7969794fc2abbdc807401009f89cbf208c8a
Actor_04/03-01-03-01-02-02-04.wav,04,happy,train,RAVDESS,11cd48b21b6f019eff056e4b5dde4486c35b479d
Actor_04/03-01-03-02-01-01-04.wav,04,happy,train,RAVDESS,6afb5386571250afd3d47784e3360e927752dce4
Actor_04/03-01-03-02-01-02-04.wav,04,happy,train,RAVDESS,d79d94bbed626c50551fe42eafa73f9c4264a5a3
Actor_04/03-01-03-02-02-01-04.wav,04,happy,train,RAVDESS,83a44db906d1ffa765192de119f85d79f910cc5c
Actor_04/03-01-03-02-02-02-04.wav,04,happy,train,RAVDESS,d063f3f8cf7a244bd65f2b37ef5841c6d157be49
Actor_04/03-01-04-01-01-01-04.wav,04,sad,train,RAVDESS,25c62ee1571403adf9c4e404001d0a389fbcbfcf
Actor_04/03-01-04-01-01-02-04.wav,04,sad,train,RAVDESS,884fb943b71b29c37726b4cff8e5d328c2570df9
Actor_04/03-01-04-01-02-01-04.wav,04,sad,train,RAVDESS,5ba3161baf3e2ed87690fa0f4cb7c03914de5bad
Actor_04/03-01-04-01-02-02-04.wav,04,sad,train,RAVDESS,0def100283cde8b5fd62f2a129e5655dd5a79ce2
Actor_04/03-01-04-02-01-01-04.wav,04,sad,train,RAVDESS,ab44cc11de8c42d16adb9e84625f1014504a8146
Actor_04/03-01-04-02-01-02-04.wav,04,sad,train,RAVDESS,b822d0b5b210a27b2761f3c9c9325b679ecc1798
Actor_04/03-01-04-02-02-01-04.wav,04,sad,train,RAVDESS,09c8244c65083a98a23cfd3b1351d56fc90a3c3e
Actor_04/03-01-04-02-02-02-04.wav,04,sad,train,RAVDESS,c1fcab41bf0e0e391682992785d8e548d136e60b
Actor_04/03-01-05-01-01-01-04.wav,04,angry,train,RAVDESS,670fd1cc6141462cc5db31925b2e6f5ce3d88256
Actor_04/03-01-05-01-01-02-04.wav,04,angry,train,RAVDESS,dd67120562c72c7eb1abad27ee03a49222ddb9dd
Actor_04/03-01-05-01-02-01-04.wav,04,angry,train,RAVDESS,5566edf33694713e3b9d415feadfc42832ee9de8
Actor_04/03-01-05-01-02-02-04.wav,04,angry,train,RAVDESS,8b1bccdffbbcf3073e90688c53db216466be2a5c
Actor_04/03-01-05-02-01-01-04.wav,04,angry,train,RAVDESS,413ad66180429abacc53e4595ec8d0372acbd79b
Actor_04/03-01-05-02-01-02-04.wav,04,angry,train,RAVDESS,0680077c3330d73aa90c9434a0d6b75869d7dea1
Actor_04/03-01-05-02-02-01-04.wav,04,angry,train,RAVDESS,6ea6e06fa8f2445b2d8bf80065c14704ac490148
Actor_04/03-01-05-02-02-02-04.wav,04,angry,train,RAVDESS,f833ca467ba04031b9dcfd4819c9313c97fc7abd
Actor_04/03-01-06-01-01-01-04.wav,04,fear,train,RAVDESS,3b5479100d2d8875d3f2b984666facc40b661cae
Actor_04/03-01-06-01-01-02-04.wav,04,fear,train,RAVDESS,8c545a2a1737b661dff3eb1dd57f4dd4986738e9
Actor_04/03-01-06-01-02-01-04.wav,04,fear,train,RAVDESS,9b793a5347e373c377b485245bb5b3848d2c3b9a
Actor_04/03-01-06-01-02-02-04.wav,04,fear,train,RAVDESS,a9d058352e716a8e1962eb540a8d4682022d254f
Actor_04/03-01-06-02-01-01-04.wav,04,fear,train,RAVDESS,90f270a8002510656cb823a037b5819fba37aab6
Actor_04/03-01-06-02-01-02-04.wav,04,fear,train,RAVDESS,a4d7d731118301efe9e8fcaec203044ee6324936
Actor_04/03-01-06-02-02-01-04.wav,04,fear,train,RAVDESS,6f6c75884fa930be4f089eca801dd717a916ab97
Actor_04/03-01-06-02-02-02-04.wav,04,fear,train,RAVDESS,2ae91b859846c7374984060532d52e3bb03d0c84
Actor_04/03-01-07-01-01-01-04.wav,04,disgust,train,RAVDESS,0b1cb8d4ba07afc65bdd9ff7face35ebcf622ba0
Actor_04/03-01-07-01-01-02-04.wav,04,disgust,train,RAVDESS,ed322657b362e7a6d62eaec39a8e15d6a156c2eb
Actor_04/03-01-07-01-02-01-04.wav,04,disgust,train,RAVDESS,5963ba51b09f362a1df6a17e2dd1253099798704
Actor_04/03-01-07-01-02-02-04.wav,04,disgust,train,RAVDESS,31dc3e1bf1438c29130ac0447a900b2e6a827ebd
Actor_04/03-01-07-02-01-01-04.wav,04,disgust,train,RAVDESS,2ba6f2247a9e6dabf0e4c96261b2854f9f3d473c
Actor_04/03-01-07-02-01-02-04.wav,04,disgust,train,RAVDESS,baa8688da70ebff732377db8c18c4c974652efd4
Actor_04/03-01-07-02-02-01-04.wav,04,disgust,train,RAVDESS,4288a329ae123d4362cd46ff6a1aa6fba87489d7
Actor_04/03-01-07-02-02-02-04.wav,04,disgust,train,RAVDESS,7bd4eeb341388dee3e4fae9c742015ddc0e3ac04
Actor_04/03-01-08-01-01-01-04.wav,04,surprise,train,RAVDESS,ea1278996306ffca1806ebffc90074b540e43725
Actor_04/03-01-08-01-01-02-04.wav,04,surprise,train,RAVDESS,4c35b55d5a137c34ff6738bfdf169d7edfc51a78
Actor_04/03-01-08-01-02-01-04.wav,04,surprise,train,RAVDESS,c1a9d7c3130ae817cd59c2ca4aa547d3dfcb4076
Actor_04/03-01-08-01-02-02-04.wav,04,surprise,train,RAVDESS,c27e0e60c26cac48b444e63096f81436f89ef1a2
Actor_04/03-01-08-02-01-01-04.wav,04,surprise,train,RAVDESS,8c1e45c8dca5b0749e4eeec0aee223e5f1f11d24
Actor_04/03-01-08-02-01-02-04.wav,04,surprise,train,RAVDESS,ebcba8908707d7f4b83be24f1ba6fd76bc93d7e6
Actor_04/03-01-08-02-02-01-04.wav,04,surprise,train,RAVDESS,5a6b79de07741227f2fb5e035921e2f0dd95244b
Actor_04/03-01-08-02-02-02-04.wav,04,surprise,train,RAVDESS,f3d45d881be9501603514c03d6c3f11f15e2dc88
Actor_05/03-01-01-01-01-01-05.wav,05,neutral,train,RAVDESS,23d39595f4b93105c54a42f3af05530f67e61adf
Actor_05/03-01-01-01-01-02-05.wav,05,neutral,train,RAVDESS,5c8be5d5a7237b311786a66039d8ebb87ba2d381
Actor_05/03-01-01-01-02-01-05.wav,05,neutral,train,RAVDESS,24836f460de787226975b62f8a045857a4d69005
Actor_05/03-01-01-01-02-02-05.wav,05,neutral,train,RAVDESS,458182d77c6e73e5aadec0b5786447ae986dd809
Actor_05/03-01-02-01-01-01-05.wav,05,neutral,train,RAVDESS,e4b2940fbae55d68b5f22194acf1efe796933e85
Actor_05/03-01-02-01-01-02-05.wav,05,neutral,train,RAVDESS,6e8e97e2ad22aefa179e1a7ff633ac3d23d323e9
Actor_05/03-01-02-01-02-01-05.wav,05,neutral,train,RAVDESS,b3cc46e5cd4c3e8ec489b0e9d7300f1b8a10782d
Actor_05/03-01-02-01-02-02-05.wav,05,neutral,train,RAVDESS,8f3aaec127f3da9451c8b7a1ae70547647fba4dc
Actor_05/03-01-02-02-01-01-05.wav,05,neutral,train,RAVDESS,29c6135fc6468124fa59029587b78faa9770d11a
Actor_05/03-01-02-02-01-02-05.wav,05,neutral,train,RAVDESS,ca43e1149783f64ca8164e092d2d144c5a78e56c
Actor_05/03-01-02-02-02-01-05.wav,05,neutral,train,RAVDESS,ebb842452aa22f9dac18d5438cc71550974e27d8
Actor_05/03-01-02-02-02-02-05.wav,05,neutral,train,RAVDESS,6a58264e2dc9e49c0c1de7c10b335827579a059f
Actor_05/03-01-03-01-01-01-05.wav,05,happy,train,RAVDESS,47eeeac520d031ee78c6ba7fce6abeb8f022f4b7
Actor_05/03-01-03-01-01-02-05.wav,05,happy,train,RAVDESS,996730497ee01b46a2c868831c648b964ff79b77
Actor_05/03-01-03-01-02-01-05.wav,05,happy,train,RAVDESS,4f353780161aa2c5847fe0fb0c4214d13bb5cc4f
Actor_05/03-01-03-01-02-02-05.wav,05,happy,train,RAVDESS,a5c478c648276f380ff4ffdc17c3ec17ea322713
Actor_05/03-01-03-02-01-01-05.wav,05,happy,train,RAVDESS,f91f65ee458d7824d3378f3dc856dfff7bd74740
Actor_05/03-01-03-02-01-02-05.wav,05,happy,train,RAVDESS,abe5ed7513061904971bacd5054834cb4a1c215e
Actor_05/03-01-03-02-02-01-05.wav,05,happy,train,RAVDESS,9b8465dc99354352d3df6b9ad563166e8d9bc199
Actor_05/03-01-03-02-02-02-05.wav,05,happy,train,RAVDESS,020cadb0edc91ea7e1755fa5b1805df14158f745
Actor_05/03-01-04-01-01-01-05.wav,05,sad,train,RAVDESS,d4256e4478669934d7def4c27c00bcb47bd977aa
Actor_05/03-01-04-01-01-02-05.wav,05,sad,train,RAVDESS,c7ab3087cc24fec08f87956cd569ea8efe427746
Actor_05/03-01-04-01-02-01-05.wav,05,sad,train,RAVDESS,f73d436461e1c2a1a9196de1ac45682b3fbfe1f8
Actor_05/03-01-04-01-02-02-05.wav,05,sad,train,RAVDESS,5714db8609ea2895236db10d5a1c5f69335cec8b
Actor_05/03-01-04-02-01-01-05.wav,05,sad,train,RAVDESS,71952ab1ccd77491c2ba79f40de25b031c0ba14f
Actor_05/03-01-04-02-01-02-05.wav,05,sad,train,RAVDESS,53b794ecad60e23090f9d5877f721bf7b9c0ced8
Actor_05/03-01-04-02-02-01-05.wav,05,sad,train,RAVDESS,4aa2c7036fe759c10b447686758936c2cab3b66c
Actor_05/03-01-04-02-02-02-05.wav,05,sad,train,RAVDESS,b1913de3c799882e2e02c65449d6cdb37c727ca7
Actor_05/03-01-05-01-01-01-05.wav,05,angry,train,RAVDESS,801abdc742dbc02c97c8b3859cceaad33b02baf5
Actor_05/03-01-05-01-01-02-05.wav,05,angry,train,RAVDESS,ebeb30d55f1211d3ad7c71a08926e2cf70d0e3b9
Actor_05/03-01-05-01-02-01-05.wav,05,angry,train,RAVDESS,9280164560d5a49310602886636b6e013f471282
Actor_05/03-01-05-01-02-02-05.wav,05,angry,train,RAVDESS,eea947249660f828dac9de790c18c18f51643daf
Actor_05/03-01-05-02-01-01-05.wav,05,angry,train,RAVDESS,22f9c428afb09c28aed4798153724a90028a2f02
Actor_05/03-01-05-02-01-02-05.wav,05,angry,train,RAVDESS,d048e3e1a90efb935014f336a69ee0bbebeff0c1
Actor_05/03-01-05-02-02-01-05.wav,05,angry,train,RAVDESS,143a008c70663a33f551bb39df589994ca51ea40
Actor_05/03-01-05-02-02-02-05.wav,05,angry,train,RAVDESS,1727ce6b4c33bb6c65562a49fbc3dc46815a4a6e
Actor_05/03-01-06-01-01-01-05.wav,05,fear,train,RAVDESS,61c8e684f9044a6186145a3fa76695a187e2e847
Actor_05/03-01-06-01-01-02-05.wav,05,fear,train,RAVDESS,06e350ff274a7fd3faa3cbedb4764247ed2932c9
Actor_05/03-01-06-01-02-01-05.wav,05,fear,train,RAVDESS,1905be1613dede9dc9e79d5fef0ffe2d68c0462b
Actor_05/03-01-06-01-02-02-05.wav,05,fear,train,RAVDESS,a755e943265a488b80f89b60cc274efea7ec72a5
Actor_05/03-01-06-02-01-01-05.wav,05,fear,train,RAVDESS,faf23be037bfc3b4b88c15470c110fa88e7b366f
Actor_05/03-01-06-02-01-02-05.wav,05,fear,train,RAVDESS,76acfcc7404e7f8baf043175d3a69424ac84bc9d
Actor_05/03-01-06-02-02-01-05.wav,05,fear,train,RAVDESS,79a630113b554939c892827c73b9b0167a77ed87
Actor_05/03-01-06-02-02-02-05.wav,05,fear,train,RAVDESS,571e46b63cbad7d819b2d1b73588ca3f82fd000f
Actor_05/03-01-07-01-01-01-05.wav,05,disgust,train,RAVDESS,88a52a2ea2e2c47e13afbe87ad7033ea5bf06996
Actor_05/03-01-07-01-01-02-05.wav,05,disgust,train,RAVDESS,4b66d2803d4ff0fcb384c70ab5a36b1f130b011f
Actor_05/03-01-07-01-02-01-05.wav,05,disgust,train,RAVDESS,f3bb29bd74f5bf5efb8c57593f4c46f1095007d3
Actor_05/03-01-07-01-02-02-05.wav,05,disgust,train,RAVDESS,1f11d17280591d96755dc512fcfcb09e62da8506
Actor_05/03-01-07-02-01-01-05.wav,05,disgust,train,RAVDESS,2351d9dd677469823bcc2fd099d6e87efbeeb3f7
Actor_05/03-01-07-02-01-02-05.wav,05,disgust,train,RAVDESS,6b9fc4ad23d6865b8531e533a44e317d0568f36f
Actor_05/03-01-07-02-02-01-05.wav,05,disgust,train,RAVDESS,9d718996eea270878689e34ca34ff3c39f856001
Actor_05/03-01-07-02-02-02-05.wav,05,disgust,train,RAVDESS,d8fd222a8fe2abaadcd198bd0de5f9971f9dd428
Actor_05/03-01-08-01-01-01-05.wav,05,surprise,train,RAVDESS,8f6242f66fef133711634903764107e6f56e712e
Actor_05/03-01-08-01-01-02-05.wav,05,surprise,train,RAVDESS,87f1e5fd7ba588217626d3ed06303ea1bc261896
Actor_05/03-01-08-01-02-01-05.wav,05,surprise,train,RAVDESS,10c65b2f4c2984286578968a70b6d57b51d8b2bc
Actor_05/03-01-08-01-02-02-05.wav,05,surprise,train,RAVDESS,76b828178905a244a303bd729231baa390e7e13e
Actor_05/03-01-08-02-01-01-05.wav,05,surprise,train,RAVDESS,f7362a6f653916a131fb63fd6040de5c9e631648
Actor_05/03-01-08-02-01-02-05.wav,05,surprise,train,RAVDESS,d2b0bd5fec7604fb3f7d7300e90426a868bddade
Actor_05/03-01-08-02-02-01-05.wav,05,surprise,train,RAVDESS,ac13e993dd6f59a0f027dd0ce5171df2cf1c150e
Actor_05/03-01-08-02-02-02-05.wav,05,surprise,train,RAVDESS,f9c16020b1ba1429111089da1ca1daf4142f99aa
Actor_06/03-01-01-01-01-01-06.wav,06,neutral,train,RAVDESS,05f7d3f800925add09e303a767ed18b830c5208d
Actor_06/03-01-01-01-01-02-06.wav,06,neutral,train,RAVDESS,209699cafe928e40c77af46728fbb95f2653a04a
Actor_06/03-01-01-01-02-01-06.wav,06,neutral,train,RAVDESS,392946ccfb7cd9b8a8134843cfe9fbed95bbe17f
Actor_06/03-01-01-01-02-02-06.wav,06,neutral,train,RAVDESS,daa8750b4e1080522fc8fd3ebda1c4d49724d103
Actor_06/03-01-02-01-01-01-06.wav,06,neutral,train,RAVDESS,721b08548859cdd2200202ed2600b1fe88b2965f
Actor_06/03-01-02-01-01-02-06.wav,06,neutral,train,RAVDESS,33019fe48f5e66db53fb5e180c79b861a7527de8
Actor_06/03-01-02-01-02-01-06.wav,06,neutral,train,RAVDESS,cc563dc9ecc2b5636b8e664a133e0f905f35bf71
Actor_06/03-01-02-01-02-02-06.wav,06,neutral,train,RAVDESS,1c2df89aff53dfe853fdbb850264d196c0f1cb9d
Actor_06/03-01-02-02-01-01-06.wav,06,neutral,train,RAVDESS,c7d7b14daa100c75b3fdec09e10e0443b69a2b6a
Actor_06/03-01-02-02-01-02-06.wav,06,neutral,train,RAVDESS,a650f1d8607d335c7cf9fcffa825276061780809
Actor_06/03-01-02-02-02-01-06.wav,06,neutral,train,RAVDESS,d6e0e456128f908fd79cce9c779a15f37ff728eb
Actor_06/03-01-02-02-02-02-06.wav,06,neutral,train,RAVDESS,3abb77673729e580cbdff90f36064c2ce301c198
Actor_06/03-01-03-01-01-01-06.wav,06,happy,train,RAVDESS,d104d001dac4d349c51e571bc2fca80435bd5363
Actor_06/03-01-03-01-01-02-06.wav,06,happy,train,RAVDESS,e557ea420c04e82c66b8efd9cfedc336d45329f1
Actor_06/03-01-03-01-02-01-06.wav,06,happy,train,RAVDESS,2eeabe630121fca6c03c56c1ff92c65c98ac7f3d
Actor_06/03-01-03-01-02-02-06.wav,06,happy,train,RAVDESS,e25c9b3e467b3311d534ef481c62af58f62a9bad
Actor_06/03-01-03-02-01-01-06.wav,06,happy,train,RAVDESS,7c7f0dab850029eff69c0b175c9fc5b408040ee3
Actor_06/03-01-03-02-01-02-06.wav,06,happy,train,RAVDESS,45e256aea81c2ea335f41c88a2ef450150a85355
Actor_06/03-01-03-02-02-01-06.wav,06,happy,train,RAVDESS,018fe23ee6a608075a4fda200b676f77a4c3ed9d
Actor_06/03-01-03-02-02-02-06.wav,06,happy,train,RAVDESS,c30b97fd9956a82c6aff8343c3ac94063ae4f4e8
Actor_06/03-01-04-01-01-01-06.wav,06,sad,train,RAVDESS,47dc397a26559612cf298dd7607f191d651fc70a
Actor_06/03-01-04-01-01-02-06.wav,06,sad,train,RAVDESS,d320e421102b6c9c5ddb127eed12550926cf8983
Actor_06/03-01-04-01-02-01-06.wav,06,sad,train,RAVDESS,fba894ac45b4b3aaa19a05cb59fd122ced120d17
Actor_06/03-01-04-01-02-02-06.wav,06,sad,train,RAVDESS,e1de82c389d44552d432b6ec0ee8ca7014d3f31e
Actor_06/03-01-04-02-01-01-06.wav,06,sad,train,RAVDESS,e032105bcb24dcb7b223bc62df28d7157099e0aa
Actor_06/03-01-04-02-01-02-06.wav,06,sad,train,RAVDESS,c041e46b5540635b708b80a11ef2f609ea360bcb
Actor_06/03-01-04-02-02-01-06.wav,06,sad,train,RAVDESS,615f764ad9537a0d8648b9d3f2f05031ea53ea7f
Actor_06/03-01-04-02-02-02-06.wav,06,sad,train,RAVDESS,60b1f556c2bcedffda53607954a3c2f5c088a822
Actor_06/03-01-05-01-01-01-06.wav,06,angry,train,RAVDESS,f0698a47a85848e1482225b71218be3710a7ab06
Actor_06/03-01-05-01-01-02-06.wav,06,angry,train,RAVDESS,dbed03fbfa4e0b193df4dfd747314a2db5e46478
Actor_06/03-01-05-01-02-01-06.wav,06,angry,train,RAVDESS,20aea9aaf798686581df05c3a33097df2f53e313
Actor_06/03-01-05-01-02-02-06.wav,06,angry,train,RAVDESS,24cdd4e2d7e3d7a285f439fd087fd1cf552c9291
Actor_06/03-01-05-02-01-01-06.wav,06,angry,train,RAVDESS,1e996529b16c9fc95a24d6edc751c22bc283692f
Actor_06/03-01-05-02-01-02-06.wav,06,angry,train,RAVDESS,62547b7829e83a15fb610eda08e5a81644aa8740
Actor_06/03-01-05-02-02-01-06.wav,06,angry,train,RAVDESS,b5d245629100204a170fd85de8294c6883dd7b48
Actor_06/03-01-05-02-02-02-06.wav,06,angry,train,RAVDESS,e98aa95afd69f244c6586b4dfaba14fd5945ae82
Actor_06/03-01-06-01-01-01-06.wav,06,fear,train,RAVDESS,6a3ae981c1c19084ba95264734b743a8a04bd76b
Actor_06/03-01-06-01-01-02-06.wav,06,fear,train,RAVDESS,3128cb81ef9b2138541286273c20bc7e208af919
Actor_06/03-01-06-01-02-01-06.wav,06,fear,train,RAVDESS,1a376511f7e75f6a58f1fc209ff75f53f87be0e2
Actor_06/03-01-06-01-02-02-06.wav,06,fear,train,RAVDESS,706857cf7ba7ab48f61ad2a2863ca7ec47cf4630
Actor_06/03-01-06-02-01-01-06.wav,06,fear,train,RAVDESS,8678a6b4bb501ee9719e616e5ef4b67058a41a46
Actor_06/03-01-06-02-01-02-06.wav,06,fear,train,RAVDESS,a45c3f03ec5b6c12c9ab533547c7d14098219090
Actor_06/03-01-06-02-02-01-06.wav,06,fear,train,RAVDESS,6fcf28fb1f86e3cbcd25a7b5ceac5d144e588926
Actor_06/03-01-06-02-02-02-06.wav,06,fear,train,RAVDESS,06fdb4093abec07cdea40adb761dbf2f9076b1c3
Actor_06/03-01-07-01-01-01-06.wav,06,disgust,train,RAVDESS,9a86bda4acfdfadfb4bec3954839024a733783af
Actor_06/03-01-07-01-01-02-06.wav,06,disgust,train,RAVDESS,2d8db7332a275f19fb86b1af757d5d9630b19e71
Actor_06/03-01-07-01-02-01-06.wav,06,disgust,train,RAVDESS,2fbe552cb25ab955ad50863df8b4752b9fd768fb
Actor_06/03-01-07-01-02-02-06.wav,06,disgust,train,RAVDESS,ad3a1767c218716df6e59957ffa9405de32f6ef0
Actor_06/03-01-07-02-01-01-06.wav,06,disgust,train,RAVDESS,38e0df4b175bc21c690aa374e994cbfd0755fd9b
Actor_06/03-01-07-02-01-02-06.wav,06,disgust,train,RAVDESS,229d302c5a04cc1ce15ae7c147c965ac54907f96
Actor_06/03-01-07-02-02-01-06.wav,06,disgust,train,RAVDESS,15b6084af31c4ea4b6e281c005ff3b2ed98837eb
Actor_06/03-01-07-02-02-02-06.wav,06,disgust,train,RAVDESS,f6251104209cb836c30847390994add49d3687e1
Actor_06/03-01-08-01-01-01-06.wav,06,surprise,train,RAVDESS,3e5abb25a20da7af12e6b9f8ac72a489406e2555
Actor_06/03-01-08-01-01-02-06.wav,06,surprise,train,RAVDESS,3ee09895e9059e6302061b881e9d52e2e8f77219
Actor_06/03-01-08-01-02-01-06.wav,06,surprise,train,RAVDESS,45c15f134374e9b17658b218dfb95054e5a24656
Actor_06/03-01-08-01-02-02-06.wav,06,surprise,train,RAVDESS,4d8b9e6099ef9167f8754dc6140265ee6dac5f5f
Actor_06/03-01-08-02-01-01-06.wav,06,surprise,train,RAVDESS,421edac3a46b13b947a1e873ec992e87a697d246
Actor_06/03-01-08-02-01-02-06.wav,06,surprise,train,RAVDESS,9a450f42d4bd00dc07543f6a27965eaab16003c7
Actor_06/03-01-08-02-02-01-06.wav,06,surprise,train,RAVDESS,cbd079b222e28e331bd0f71934ae758d9a206593
Actor_06/03-01-08-02-02-02-06.wav,06,surprise,train,RAVDESS,e03e7938879e9d43a02d8be970b149d537be5655
Actor_07/03-01-01-01-01-01-07.wav,07,neutral,train,RAVDESS,e0d9f237cd9af5faafaf53a9bde7bc76548615ed
Actor_07/03-01-01-01-01-02-07.wav,07,neutral,train,RAVDESS,0bc587f8bc5f7334bd3c9ed8cac7478b66de6f33
Actor_07/03-01-01-01-02-01-07.wav,07,neutral,train,RAVDESS,1b80a1061c2d96eb644aa602a0bd5c7109d4b703
Actor_07/03-01-01-01-02-02-07.wav,07,neutral,train,RAVDESS,3d7d0817e7dd2f524cf343d451ad19bdaf7e06c6
Actor_07/03-01-02-01-01-01-07.wav,07,neutral,train,RAVDESS,575ea05f1ec10dc39cd11be659f6ef9149a81ff2
Actor_07/03-01-02-01-01-02-07.wav,07,neutral,train,RAVDESS,65b8a974f3aecae5f9b1cefe91daefeb12efca01
Actor_07/03-01-02-01-02-01-07.wav,07,neutral,train,RAVDESS,f1cc7a0fbab1fe95ca38229ff3b3bb2b45a172c3
Actor_07/03-01-02-01-02-02-07.wav,07,neutral,train,RAVDESS,9be728b2360bd32970576f06d0322fbd64cc78d4
Actor_07/03-01-02-02-01-01-07.wav,07,neutral,train,RAVDESS,0727e9512a1eb7ba6637c989fab231e745accce6
Actor_07/03-01-02-02-01-02-07.wav,07,neutral,train,RAVDESS,f8b1c00688538e413c95ac53ced3d94bbe7f317b
Actor_07/03-01-02-02-02-01-07.wav,07,neutral,train,RAVDESS,e60710355fcc81463d4ffd22863c5655d2a85a09
Actor_07/03-01-02-02-02-02-07.wav,07,neutral,train,RAVDESS,b3312a01967017e6eda3d5a212f6c6489d08d164
Actor_07/03-01-03-01-01-01-07.wav,07,happy,train,RAVDESS,76d159b19f0e7d65fa81dcb0a717ab5a248a8c13
Actor_07/03-01-03-01-01-02-07.wav,07,happy,train,RAVDESS,b15945201fb3caf1a15f8a3b7e7bee2a96f5e738
Actor_07/03-01-03-01-02-01-07.wav,07,happy,train,RAVDESS,80eaa3e7f73471239582cff87ec7ba52543eff86
Actor_07/03-01-03-01-02-02-07.wav,07,happy,train,RAVDESS,80eaa3e7f73471239582cff87ec7ba52543eff86
Actor_07/03-01-03-02-01-01-07.wav,07,happy,train,RAVDESS,3f721bc6a3837d918aacffcc2af1ce6bb6a5bfa7
Actor_07/03-01-03-02-01-02-07.wav,07,happy,train,RAVDESS,b4713dad93d039176b2f58ba4f541228fb4098ac
Actor_07/03-01-03-02-02-01-07.wav,07,happy,train,RAVDESS,8d7832febe4e7a6314941cc6fd1768505090e6c0
Actor_07/03-01-03-02-02-02-07.wav,07,happy,train,RAVDESS,fd5a349c55ba3f5f1473edd4637e716d86a83c11
Actor_07/03-01-04-01-01-01-07.wav,07,sad,train,RAVDESS,44f3676bf766a4d032661e6f7d620fc879eb95cd
Actor_07/03-01-04-01-01-02-07.wav,07,sad,train,RAVDESS,409334d5a41b468579cdd6641be12e4c22532173
Actor_07/03-01-04-01-02-01-07.wav,07,sad,train,RAVDESS,7c26e0044f7ddf5657a90b1d50e54b89d23ffd9b
Actor_07/03-01-04-01-02-02-07.wav,07,sad,train,RAVDESS,71527eb5a19dc2b62b7492f8cc1e9ecc27ff49c1
Actor_07/03-01-04-02-01-01-07.wav,07,sad,train,RAVDESS,9563d7263ba3090374710bf4e0c9a206bdc4bfbc
Actor_07/03-01-04-02-01-02-07.wav,07,sad,train,RAVDESS,1f4f7858c3d229a84f235be3b7ca474b17e146dd
Actor_07/03-01-04-02-02-01-07.wav,07,sad,train,RAVDESS,54d7e358870e7bf57703a98e49cc5ed358deed52
Actor_07/03-01-04-02-02-02-07.wav,07,sad,train,RAVDESS,9152ff89c8068ae79bf9dc8c101c52770fad55b4
Actor_07/03-01-05-01-01-01-07.wav,07,angry,train,RAVDESS,282f657556626d4af45077bd77b552b1f421ae4e
Actor_07/03-01-05-01-01-02-07.wav,07,angry,train,RAVDESS,8bfb5fd697f90d44fa7a2fe2a65d8ff0440395d6
Actor_07/03-01-05-01-02-01-07.wav,07,angry,train,RAVDESS,ce2a006eab232e7044b57f2cae0ac08b7299ebc8
Actor_07/03-01-05-01-02-02-07.wav,07,angry,train,RAVDESS,dbda5f8c33542985ea8a0580a6aaeb52e6537b39
Actor_07/03-01-05-02-01-01-07.wav,07,angry,train,RAVDESS,b5efe89482c77424ab37e89980a19c5ca3e0b888
Actor_07/03-01-05-02-01-02-07.wav,07,angry,train,RAVDESS,0fe03cd13c41504969b2f62d2f08181393966ec8
Actor_07/03-01-05-02-02-01-07.wav,07,angry,train,RAVDESS,3381151b9c92fe7d48d73d26be7385ae031a4117
Actor_07/03-01-05-02-02-02-07.wav,07,angry,train,RAVDESS,cbfcf7789f743ff3daaba5f66ba8df2ccfae61ad
Actor_07/03-01-06-01-01-01-07.wav,07,fear,train,RAVDESS,344d7751a2774584eca018cc9462a8fb6d53d223
Actor_07/03-01-06-01-01-02-07.wav,07,fear,train,RAVDESS,55534ccc580f4b46fc73d2dc1ed663f970dadbbe
Actor_07/03-01-06-01-02-01-07.wav,07,fear,train,RAVDESS,1cf415a9eda91a2427c20e897ccadedeec790a6e
Actor_07/03-01-06-01-02-02-07.wav,07,fear,train,RAVDESS,366f4ad98793b1c0cccf82c67c039e1771c5692e
Actor_07/03-01-06-02-01-01-07.wav,07,fear,train,RAVDESS,632b73eae2bf0f0d78339d147623422062f18db2
Actor_07/03-01-06-02-01-02-07.wav,07,fear,train,RAVDESS,fe3ebed6d44f170dc4802c1d822ec2e5b7c9a745
Actor_07/03-01-06-02-02-01-07.wav,07,fear,train,RAVDESS,762663178a13ddd3310c688b5f3378715f69f622
Actor_07/03-01-06-02-02-02-07.wav,07,fear,train,RAVDESS,f45fbdf81d1358642c8d16efdefbb594d5d5751a
Actor_07/03-01-07-01-01-01-07.wav,07,disgust,train,RAVDESS,f44159ff7ef017c086390fe8cc4bb3518102f316
Actor_07/03-01-07-01-01-02-07.wav,07,disgust,train,RAVDESS,18cae143e0d801582e0e87adc6875c75a9a2e791
Actor_07/03-01-07-01-02-01-07.wav,07,disgust,train,RAVDESS,644aace67d8bb5bd430da8305d5ee90d5451739c
Actor_07/03-01-07-01-02-02-07.wav,07,disgust,train,RAVDESS,8e06f2a3ff5369e2423cd973741c31202009fb67
Actor_07/03-01-07-02-01-01-07.wav,07,disgust,train,RAVDESS,e9e68ec7514b9c4d6cfebcc1dff56f91bd506610
Actor_07/03-01-07-02-01-02-07.wav,07,disgust,train,RAVDESS,8d16c3a411e5eea9e80c39974a5147e4d8981e56
Actor_07/03-01-07-02-02-01-07.wav,07,disgust,train,RAVDESS,10191f899d3d1e3a41283135b53f42429e5219ec
Actor_07/03-01-07-02-02-02-07.wav,07,disgust,train,RAVDESS,3a23a2c70b5a528fc3437508f0093d921d72d2e7
Actor_07/03-01-08-01-01-01-07.wav,07,surprise,train,RAVDESS,dbd346545d7827c5d8f89af3e068c496261b9526
Actor_07/03-01-08-01-01-02-07.wav,07,surprise,train,RAVDESS,cd435fb0e908bce68134f5530c72bd361ec65a8d
Actor_07/03-01-08-01-02-01-07.wav,07,surprise,train,RAVDESS,b046195a3d0a98ec975d1d2b1c5f4c443a5887e6
Actor_07/03-01-08-01-02-02-07.wav,07,surprise,train,RAVDESS,3e2bc1c1326a11a3404d0d013c7de9136fedb1a8
Actor_07/03-01-08-02-01-01-07.wav,07,surprise,train,RAVDESS,9c3c0e87d55e5c0f28cbc78f274fe50c24ca5ff6
Actor_07/03-01-08-02-01-02-07.wav,07,surprise,train,RAVDESS,be5b323c1d407834c1d231b65a2b679646910ca5
Actor_07/03-01-08-02-02-01-07.wav,07,surprise,train,RAVDESS,6d3f938a63e08a31a6ab56bce01bc3fa54dba42a
Actor_07/03-01-08-02-02-02-07.wav,07,surprise,train,RAVDESS,2ddadcb94b30415b0103c65dc6af331ee46985f7
Actor_08/03-01-01-01-01-01-08.wav,08,neutral,train,RAVDESS,db33e1004a89f0065c6e811837c3985fbff8c5ab
Actor_08/03-01-01-01-01-02-08.wav,08,neutral,train,RAVDESS,df0a889831431f7358691cbd7714049637e4dd80
Actor_08/03-01-01-01-02-01-08.wav,08,neutral,train,RAVDESS,280b686e3a02ca38de3631f72fc8f10e3552ee77
Actor_08/03-01-01-01-02-02-08.wav,08,neutral,train,RAVDESS,c7c5cbf2eddd9ccd8de941c7681d98c352062a76
Actor_08/03-01-02-01-01-01-08.wav,08,neutral,train,RAVDESS,4204db4e79970037c3792ce6f776bb553b99b346
Actor_08/03-01-02-01-01-02-08.wav,08,neutral,train,RAVDESS,d4f204b50454a62d8da880fcacf6ae0afca72582
Actor_08/03-01-02-01-02-01-08.wav,08,neutral,train,RAVDESS,831b1e1f75c3ad9a7cbe8d22fe229007dbafa43b
Actor_08/03-01-02-01-02-02-08.wav,08,neutral,train,RAVDESS,e6269dba01c8e43a8860f9397f0207236ead32ee
Actor_08/03-01-02-02-01-01-08.wav,08,neutral,train,RAVDESS,80d5b8930a380e42e1abcd9c604649f2e7fbd5e4
Actor_08/03-01-02-02-01-02-08.wav,08,neutral,train,RAVDESS,7b1557f38b04d7f6035f1a7501a1daa7294330b4
Actor_08/03-01-02-02-02-01-08.wav,08,neutral,train,RAVDESS,d48df47c1e770fd8b0c3a291e0c3a79be83f91cd
Actor_08/03-01-02-02-02-02-08.wav,08,neutral,train,RAVDESS,0e681f1b3021e21fb20489cc4709b2e30a990eb6
Actor_08/03-01-03-01-01-01-08.wav,08,happy,train,RAVDESS,66b224df1b65a70a79f2aed53a18422ce0c8311b
Actor_08/03-01-03-01-01-02-08.wav,08,happy,train,RAVDESS,3e8664e1e555ffe9ecb9c80c790fc2f0aec17984
Actor_08/03-01-03-01-02-01-08.wav,08,happy,train,RAVDESS,f82ed8cee3fc1c331d2bfe679bf16bf2f53e3e49
Actor_08/03-01-03-01-02-02-08.wav,08,happy,train,RAVDESS,8655a8c8bc256e4fe36d1a29366e0874d5e892d0
Actor_08/03-01-03-02-01-01-08.wav,08,happy,train,RAVDESS,e3c5b0a5f69cbdc46a3337949199e1674019f3d5
Actor_08/03-01-03-02-01-02-08.wav,08,happy,train,RAVDESS,d6bce0f30b508a48933f2b6d2c1abf65179e3453
Actor_08/03-01-03-02-02-01-08.wav,08,happy,train,RAVDESS,274b2bae43eb8f0fde897032fa919b71d9c76ac1
Actor_08/03-01-03-02-02-02-08.wav,08,happy,train,RAVDESS,6a3b31436971509e595ef9b07080ae8a058b1406
Actor_08/03-01-04-01-01-01-08.wav,08,sad,train,RAVDESS,da01d96b650735a3a1abc003e07099ccc9b289d0
Actor_08/03-01-04-01-01-02-08.wav,08,sad,train,RAVDESS,9a287ab48370f023f3837c7bd7d7819eff5cf5c5
Actor_08/03-01-04-01-02-01-08.wav,08,sad,train,RAVDESS,8e289cee84d01a00ebf473d54e35a4eb3dff3bd8
Actor_08/03-01-04-01-02-02-08.wav,08,sad,train,RAVDESS,081de38f210ab3fd8a14c3a2dd85afd178f4de72
Actor_08/03-01-04-02-01-01-08.wav,08,sad,train,RAVDESS,c071ed07dfa3cdc783b00baf16c489d0ba51ac98
Actor_08/03-01-04-02-01-02-08.wav,08,sad,train,RAVDESS,07171eb9ef2b0afeaceddac863f30b75ce144947
Actor_08/03-01-04-02-02-01-08.wav,08,sad,train,RAVDESS,73b6b3e273f3bb94a7883a00384fe98350641ca1
Actor_08/03-01-04-02-02-02-08.wav,08,sad,train,RAVDESS,8b8c718d7dfc4ba2d8569c34afe59ddb7a6bcd95
Actor_08/03-01-05-01-01-01-08.wav,08,angry,train,RAVDESS,0eaa5a9ea92de41292b0caa3a20f68fd9bebad18
Actor_08/03-01-05-01-01-02-08.wav,08,angry,train,RAVDESS,cccf5f258fefb3d41034a8088aab2c235e9c7ccb
Actor_08/03-01-05-01-02-01-08.wav,08,angry,train,RAVDESS,827c896dbf585a1b8adb91e78cd49d0f16e84ba7
Actor_08/03-01-05-01-02-02-08.wav,08,angry,train,RAVDESS,c52fe997a8107ff5f8294c995e71c895e64f3f06
Actor_08/03-01-05-02-01-01-08.wav,08,angry,train,RAVDESS,76bf98f657d5a7af9d223ecfae297ffdb02b70ca
Actor_08/03-01-05-02-01-02-08.wav,08,angry,train,RAVDESS,6ab4b137431b38c514163ff6b536baab32c7f9eb
Actor_08/03-01-05-02-02-01-08.wav,08,angry,train,RAVDESS,f82fb51a75e7c15bbda5afb6abb3b4ccab42e667
Actor_08/03-01-05-02-02-02-08.wav,08,angry,train,RAVDESS,1d3cf9eb7919762bf42ab387c89dda5f1f598b27
Actor_08/03-01-06-01-01-01-08.wav,08,fear,train,RAVDESS,c67520a4a0b9d2eb01659c67316e9e6bc06429d7
Actor_08/03-01-06-01-01-02-08.wav,08,fear,train,RAVDESS,2c62b6b42a19b57771efaaaeec21aa8c36e4e8cf
Actor_08/03-01-06-01-02-01-08.wav,08,fear,train,RAVDESS,62c84baa0960992457c08c0c49c5061e0308599e
Actor_08/03-01-06-01-02-02-08.wav,08,fear,train,RAVDESS,f6fa11368daec3a3f32ea66a8e7ea7edc937a422
Actor_08/03-01-06-02-01-01-08.wav,08,fear,train,RAVDESS,65c273f45d256cae3ff71831629d76a60bb6483b
Actor_08/03-01-06-02-01-02-08.wav,08,fear,train,RAVDESS,344690970d800f4508cc6f57a059527e72f0fbe8
Actor_08/03-01-06-02-02-01-08.wav,08,fear,train,RAVDESS,0ff813b7ae8198314850bdffb52297f62f37997d
Actor_08/03-01-06-02-02-02-08.wav,08,fear,train,RAVDESS,4acd40a89d640dcdcf4630db6729274264698be3
Actor_08/03-01-07-01-01-01-08.wav,08,disgust,train,RAVDESS,661e197ece42af730b0f11fa80a0f46dc33eed83
Actor_08/03-01-07-01-01-02-08.wav,08,disgust,train,RAVDESS,8a9a194c3129897b95d60503b5856fdf5291c414
Actor_08/03-01-07-01-02-01-08.wav,08,disgust,train,RAVDESS,085c7a185cbc5af2da790858625466fd0213fe07
Actor_08/03-01-07-01-02-02-08.wav,08,disgust,train,RAVDESS,57c896776712c68eecf8df34e19dfd626fc7e601
Actor_08/03-01-07-02-01-01-08.wav,08,disgust,train,RAVDESS,81182c4e8000a7b239e5e6c9442ce4caa341caf2
Actor_08/03-01-07-02-01-02-08.wav,08,disgust,train,RAVDESS,7a7a33cba8c40e28703acee6b6e1038584a8680e
Actor_08/03-01-07-02-02-01-08.wav,08,disgust,train,RAVDESS,9096e08d8621fa9b9b81ec0c79a0bfb08020ade6
Actor_08/03-01-07-02-02-02-08.wav,08,disgust,train,RAVDESS,67391c10a759575377ea4faa8973f86d3047c27f
Actor_08/03-01-08-01-01-01-08.wav,08,surprise,train,RAVDESS,b280575d9183610b14996c7bdc534d97b12eb64f
Actor_08/03-01-08-01-01-02-08.wav,08,surprise,train,RAVDESS,46814fdf69b846562064dfe7dcb413c497132b1f
Actor_08/03-01-08-01-02-01-08.wav,08,surprise,train,RAVDESS,807560cb1125fa2c11271c06759963d2013094b0
Actor_08/03-01-08-01-02-02-08.wav,08,surprise,train,RAVDESS,8860b31a28e108b80b4294cf071c636876daf70a
Actor_08/03-01-08-02-01-01-08.wav,08,surprise,train,RAVDESS,26163d61fff64744d0de787831318651b6ec9b0e
Actor_08/03-01-08-02-01-02-08.wav,08,surprise,train,RAVDESS,892856c88fdcfa0e1f8739e0e8f03f2d0e900417
Actor_08/03-01-08-02-02-01-08.wav,08,surprise,train,RAVDESS,0957b39638da144ffb750b8638d76f67c84d5821
Actor_08/03-01-08-02-02-02-08.wav,08,surprise,train,RAVDESS,2fba089395c11f0148058aaa96870fc5201c951d
Actor_09/03-01-01-01-01-01-09.wav,09,neutral,train,RAVDESS,c806e7fc25972c88de027062c5799109915f41cf
Actor_09/03-01-01-01-01-02-09.wav,09,neutral,train,RAVDESS,ef32915c45573c29f171b7e2265e2c65e3536fd2
Actor_09/03-01-01-01-02-01-09.wav,09,neutral,train,RAVDESS,344907e6f29f149bf9ccd50b4fbaf38b143774f2
Actor_09/03-01-01-01-02-02-09.wav,09,neutral,train,RAVDESS,65a6da60324fa9784405cbb6fffc5641c488bf3a
Actor_09/03-01-02-01-01-01-09.wav,09,neutral,train,RAVDESS,2ac58eab8df6d9d5ebe512d3636db6177593779f
Actor_09/03-01-02-01-01-02-09.wav,09,neutral,train,RAVDESS,a4972c6d49f83e86b7acfd19af7a8b3c7ba26352
Actor_09/03-01-02-01-02-01-09.wav,09,neutral,train,RAVDESS,f3473cf4b25fbd1eeb73641fff9e7e2617947c75
Actor_09/03-01-02-01-02-02-09.wav,09,neutral,train,RAVDESS,8cb9a5d34b9ee4b742456100b6447edfdf2ecfb2
Actor_09/03-01-02-02-01-01-09.wav,09,neutral,train,RAVDESS,b3596d7d6872d3118c2dc41441df251026f58d63
Actor_09/03-01-02-02-01-02-09.wav,09,neutral,train,RAVDESS,18809a133294d77816d1cbe70474ccc8eb650ea9
Actor_09/03-01-02-02-02-01-09.wav,09,neutral,train,RAVDESS,3ddd2141f9152addcafe5bfc89713d836fa9fc91
Actor_09/03-01-02-02-02-02-09.wav,09,neutral,train,RAVDESS,9f1457275ac3ca336d7f935ba34cf5d9e38590ba
Actor_09/03-01-03-01-01-01-09.wav,09,happy,train,RAVDESS,7da25852cbe94c3afd6313a27e8d9dc849c40426
Actor_09/03-01-03-01-01-02-09.wav,09,happy,train,RAVDESS,5a737a786fa7beeaf4263c85802fdfe863df200d
Actor_09/03-01-03-01-02-01-09.wav,09,happy,train,RAVDESS,a26652e473777c705b70f60623a3ab644ab0f613
Actor_09/03-01-03-01-02-02-09.wav,09,happy,train,RAVDESS,7747ad1ef7a3847ec0095003641ab059c7d2658b
Actor_09/03-01-03-02-01-01-09.wav,09,happy,train,RAVDESS,b2171e6da67cd17eb2b78f67c1d30f9c62f59b36
Actor_09/03-01-03-02-01-02-09.wav,09,happy,train,RAVDESS,cb3a7e038a69419012c4386789a75aad3947b9bc
Actor_09/03-01-03-02-02-01-09.wav,09,happy,train,RAVDESS,5ff126c95a3789938dfae1d5fd0f3c4dd494fc6f
Actor_09/03-01-03-02-02-02-09.wav,09,happy,train,RAVDESS,a80062c219ec9896ef74316091bcfd4694bb7f13
Actor_09/03-01-04-01-01-01-09.wav,09,sad,train,RAVDESS,bf5577480f3108110e3bdf36562bef59d9222717
Actor_09/03-01-04-01-01-02-09.wav,09,sad,train,RAVDESS,e3dbf0f04c695f0e4d78f4ade07aa85793ae3ba8
Actor_09/03-01-04-01-02-01-09.wav,09,sad,train,RAVDESS,adca5044c00a3fff42131564d5b072a340055a9e
Actor_09/03-01-04-01-02-02-09.wav,09,sad,train,RAVDESS,ecf9ffaf0449c92cc778b3d41913cf6d184f920b
Actor_09/03-01-04-02-01-01-09.wav,09,sad,train,RAVDESS,4fcf18291a8dd5d55b951dd1ff054938ded95ecf
Actor_09/03-01-04-02-01-02-09.wav,09,sad,train,RAVDESS,a423af99a7e93b2e6eefe543cd737497f8f5017a
Actor_09/03-01-04-02-02-01-09.wav,09,sad,train,RAVDESS,be654891acd2d2f2513b4558da9745a576c6e657
Actor_09/03-01-04-02-02-02-09.wav,09,sad,train,RAVDESS,28e800ec6b06f68faa7f2703868810ae74809d64
Actor_09/03-01-05-01-01-01-09.wav,09,angry,train,RAVDESS,eaeb6795bab761f9cb7b190cbbe60cf2f7075c82
Actor_09/03-01-05-01-01-02-09.wav,09,angry,train,RAVDESS,8469983990841a01311f60340ec2a45fe731eb59
Actor_09/03-01-05-01-02-01-09.wav,09,angry,train,RAVDESS,1958d19a18f6d800490bd1b2a6346a9430b2c51f
Actor_09/03-01-05-01-02-02-09.wav,09,angry,train,RAVDESS,597379afb813a216f6d816786dd4651188571d39
Actor_09/03-01-05-02-01-01-09.wav,09,angry,train,RAVDESS,16574f2a4a6629073ee6db7208842eed06eaf018
Actor_09/03-01-05-02-01-02-09.wav,09,angry,train,RAVDESS,866f2bb8805c4cecb3f63d06cd11264c1316a17d
Actor_09/03-01-05-02-02-01-09.wav,09,angry,train,RAVDESS,2a111a1874523421979d8f5b08c0ca443faa8736
Actor_09/03-01-05-02-02-02-09.wav,09,angry,train,RAVDESS,7bb2c4fdc759d71c910c5366e9743ec8a8ff0aa5
Actor_09/03-01-06-01-01-01-09.wav,09,fear,train,RAVDESS,0bbb28455ea77d0cb09ecf7f2c995de0c489c36b
Actor_09/03-01-06-01-01-02-09.wav,09,fear,train,RAVDESS,f9d7ae1fb6f46e190adb0b609c1a0d192bf5a106
Actor_09/03-01-06-01-02-01-09.wav,09,fear,train,RAVDESS,fcd5128b458c6d8f6e28787b72cc862008842a95
Actor_09/03-01-06-01-02-02-09.wav,09,fear,train,RAVDESS,cacb8eb52d023dc3cab3e02115773abff8fd7f3d
Actor_09/03-01-06-02-01-01-09.wav,09,fear,train,RAVDESS,cd41aabcbc95cd7e0e91b5de55c58e873f8a6686
Actor_09/03-01-06-02-01-02-09.wav,09,fear,train,RAVDESS,d105432f9a543b5e9869d7fa8816227a333a7112
Actor_09/03-01-06-02-02-01-09.wav,09,fear,train,RAVDESS,bb54abcd6d3be7002062dc757c97b7b840e641e4
Actor_09/03-01-06-02-02-02-09.wav,09,fear,train,RAVDESS,0ed00e61de5221d960e0c9586cdf243db0b33f2c
Actor_09/03-01-07-01-01-01-09.wav,09,disgust,train,RAVDESS,38a44ae90fc69433705abb0440e5abeefdb5e90b
Actor_09/03-01-07-01-01-02-09.wav,09,disgust,train,RAVDESS,58549684d65ce01b94d85c950eed889a2e530219
Actor_09/03-01-07-01-02-01-09.wav,09,disgust,train,RAVDESS,2aecfa298ed56a7354ff2a003af10f84bacaa0d3
Actor_09/03-01-07-01-02-02-09.wav,09,disgust,train,RAVDESS,bd5f8324dbab4a8fac6194133b8d6ca5fda22a81
Actor_09/03-01-07-02-01-01-09.wav,09,disgust,train,RAVDESS,569f350ab85c2c4992c261ae05d4e5a846732b58
Actor_09/03-01-07-02-01-02-09.wav,09,disgust,train,RAVDESS,c0b565d7c7d31af104d2cecc0cebf4d96d97bfa6
Actor_09/03-01-07-02-02-01-09.wav,09,disgust,train,RAVDESS,815853768287600f300089c66113e9679935dd83
Actor_09/03-01-07-02-02-02-09.wav,09,disgust,train,RAVDESS,17fb2d1e251e2a5e0285d6f30858480bbe462120
Actor_09/03-01-08-01-01-01-09.wav,09,surprise,train,RAVDESS,b1478c4dcbe5babf1b0fbf2ee8a4eda7f1538f9f
Actor_09/03-01-08-01-01-02-09.wav,09,surprise,train,RAVDESS,32437f1a6d184548aec464d47a4f68c332f9d5c8
Actor_09/03-01-08-01-02-01-09.wav,09,surprise,train,RAVDESS,7bbd7a2803da225c9281b91424b24b7be10497e4
Actor_09/03-01-08-01-02-02-09.wav,09,surprise,train,RAVDESS,e01dd5eafc4760b9e1faed30a67f95357e7f435f
Actor_09/03-01-08-02-01-01-09.wav,09,surprise,train,RAVDESS,a115dfd0d33bb09d7a0dcdad9591bb6511037f32
Actor_09/03-01-08-02-01-02-09.wav,09,surprise,train,RAVDESS,0ce675ef7f8c7d60f8466a3c36c2992b06138ec1
Actor_09/03-01-08-02-02-01-09.wav,09,surprise,train,RAVDESS,82ae5e91daf088623654196596332f73344cdbd1
Actor_09/03-01-08-02-02-02-09.wav,09,surprise,train,RAVDESS,858e83e3c115173f1d6a88150e4a747bdc18605b
Actor_10/03-01-01-01-01-01-10.wav,10,neutral,train,RAVDESS,6c559bc11798e8865df5610770972f4a1ef2bdb0
Actor_10/03-01-01-01-01-02-10.wav,10,neutral,train,RAVDESS,8fefdf58baffecf55b1ce5c2d5eb53f1d2d3a8d3
Actor_10/03-01-01-01-02-01-10.wav,10,neutral,train,RAVDESS,f91bca92b2b1de859a02926b5e17b5b5dd30b405
Actor_10/03-01-01-01-02-02-10.wav,10,neutral,train,RAVDESS,50dfb988d7ee0d4bf989ab6dbd3150bfc713dc36
Actor_10/03-01-02-01-01-01-10.wav,10,neutral,train,RAVDESS,3d975d958827d1e47f0a01d81dc4569dfc9d165b
Actor_10/03-01-02-01-01-02-10.wav,10,neutral,train,RAVDESS,80516fb9e2ad55bdac7e874ac12a439ec4081bc8
Actor_10/03-01-02-01-02-01-10.wav,10,neutral,train,RAVDESS,1eebcb09701042f5ed2e97c867aad89c7da94f4e
Actor_10/03-01-02-01-02-02-10.wav,10,neutral,train,RAVDESS,77cc2f12e8d4f52a3bc976b0cd0e81f8d56401fa
Actor_10/03-01-02-02-01-01-10.wav,10,neutral,train,RAVDESS,430c7b5f9f6244d71b254c37d4a90c7d1611c8c8
Actor_10/03-01-02-02-01-02-10.wav,10,neutral,train,RAVDESS,5e40fdde90800c0746b138d2afb6ca99457eb27b
Actor_10/03-01-02-02-02-01-10.wav,10,neutral,train,RAVDESS,cb3b95039bedb12b7a032f5f576625f1ddab7ba6
Actor_10/03-01-02-02-02-02-10.wav,10,neutral,train,RAVDESS,c9b51471acc5fff35b2bfb458aa071ea9a6fb9b5
Actor_10/03-01-03-01-01-01-10.wav,10,happy,train,RAVDESS,f66f055c4adda7f7c5261b3302c91546756d4ada
Actor_10/03-01-03-01-01-02-10.wav,10,happy,train,RAVDESS,74b813f5bd4a22027ac5ce70ecbb138c223ebd27
Actor_10/03-01-03-01-02-01-10.wav,10,happy,train,RAVDESS,9e43c8fb4f4819ca5c4721c5231f7d8e5ae96b98
Actor_10/03-01-03-01-02-02-10.wav,10,happy,train,RAVDESS,8ef93231df2121776e8910180216c42f7d8198ed
Actor_10/03-01-03-02-01-01-10.wav,10,happy,train,RAVDESS,7fa36f1cafc8193b6bdf42e030b978796b87959d
Actor_10/03-01-03-02-01-02-10.wav,10,happy,train,RAVDESS,b8bcfa119f38f8d46f95b40a033de0fa94ed7afb
Actor_10/03-01-03-02-02-01-10.wav,10,happy,train,RAVDESS,e80a3ab436450bf4e9e79ad33086e4eb6e1c17b5
Actor_10/03-01-03-02-02-02-10.wav,10,happy,train,RAVDESS,05fbd55487a2eeec3358aa174d1974539c39c443
Actor_10/03-01-04-01-01-01-10.wav,10,sad,train,RAVDESS,6011a368282e3b3e14186c92adccc42fdda8aaf1
Actor_10/03-01-04-01-01-02-10.wav,10,sad,train,RAVDESS,aa47d141f6df8cad1f38f31a1c46765bc455aa2b
Actor_10/03-01-04-01-02-01-10.wav,10,sad,train,RAVDESS,9ed9e4829a0c978350210f59b36784c28bb9398a
Actor_10/03-01-04-01-02-02-10.wav,10,sad,train,RAVDESS,f4f66c3ddadf042087d873dfc46b08ce8787a69f
Actor_10/03-01-04-02-01-01-10.wav,10,sad,train,RAVDESS,0a28256c82ea73854021da8caefb661c894c8041
Actor_10/03-01-04-02-01-02-10.wav,10,sad,train,RAVDESS,c1a7ee7c5d6fa03d17eda4f455b0618b7b6d5b58
Actor_10/03-01-04-02-02-01-10.wav,10,sad,train,RAVDESS,e3d1d6c7c36b557d0ad8fc840dcc57a7728ae887
Actor_10/03-01-04-02-02-02-10.wav,10,sad,train,RAVDESS,c782418cd7fcfe9d302896f7d9f40005ee3eaf88
Actor_10/03-01-05-01-01-01-10.wav,10,angry,train,RAVDESS,5d5888ec8a4e7e97457adb385afc55d782038b67
Actor_10/03-01-05-01-01-02-10.wav,10,angry,train,RAVDESS,12c369579fbf1e9365ab451571779cff59a1386f
Actor_10/03-01-05-01-02-01-10.wav,10,angry,train,RAVDESS,39bc7faff477d38e00c208087433b14f344e9813
Actor_10/03-01-05-01-02-02-10.wav,10,angry,train,RAVDESS,97a41ea6f9620610adafb9d1c839463035e2ef37
Actor_10/03-01-05-02-01-01-10.wav,10,angry,train,RAVDESS,490b0a54a1d2e9f56ec4b578e629b925186092d9
Actor_10/03-01-05-02-01-02-10.wav,10,angry,train,RAVDESS,623be1da020a7b56bb9ca6da6d3122e22dc03559
Actor_10/03-01-05-02-02-01-10.wav,10,angry,train,RAVDESS,2376f1caeb21891ada0d37e6f9bc25c3ec89f538
Actor_10/03-01-05-02-02-02-10.wav,10,angry,train,RAVDESS,86e16db6a1b064ae92fd787acd0334f8fefded66
Actor_10/03-01-06-01-01-01-10.wav,10,fear,train,RAVDESS,f9fdfa66ca9c2aedfcf7474941348c80109bf7e8
Actor_10/03-01-06-01-01-02-10.wav,10,fear,train,RAVDESS,2884027ad31cb535b3f2d1a199c130d5be41dd8f
Actor_10/03-01-06-01-02-01-10.wav,10,fear,train,RAVDESS,df21884d1f60084e1d835dfcae02f44adfa1eb45
Actor_10/03-01-06-01-02-02-10.wav,10,fear,train,RAVDESS,586ddcf420c66783451013029ee8380d31b737e3
Actor_10/03-01-06-02-01-01-10.wav,10,fear,train,RAVDESS,aaf34dd2216cb2b2038e07598a6b2d89b103033a
Actor_10/03-01-06-02-01-02-10.wav,10,fear,train,RAVDESS,b2f537ec580d1b9c2b8b9c341e6c889a17e13f27
Actor_10/03-01-06-02-02-01-10.wav,10,fear,train,RAVDESS,1bce4f39931f09c3d0a93747f3a094f4ab30f6ea
Actor_10/03-01-06-02-02-02-10.wav,10,fear,train,RAVDESS,f993dda4234b8160f9a19e4c60c48ed696fe98e0
Actor_10/03-01-07-01-01-01-10.wav,10,disgust,train,RAVDESS,60b5cf2b53bc76400943f4a3e08d8307e04993bf
Actor_10/03-01-07-01-01-02-10.wav,10,disgust,train,RAVDESS,63796b97bf0bf91b791664d8210162f8626ef27a
Actor_10/03-01-07-01-02-01-10.wav,10,disgust,train,RAVDESS,bb06b013d0ca45cdf8e025ed9fa31d715b77a580
Actor_10/03-01-07-01-02-02-10.wav,10,disgust,train,RAVDESS,a32db54ace0ce330add990d3f4f325b699bac606
Actor_10/03-01-07-02-01-01-10.wav,10,disgust,train,RAVDESS,0943b671ced68a349ba697e05699b06244a29638
Actor_10/03-01-07-02-01-02-10.wav,10,disgust,train,RAVDESS,05d62febe94e393b06e00be0a76ea9e19499316b
Actor_10/03-01-07-02-02-01-10.wav,10,disgust,train,RAVDESS,66dd7fcec9dca73552192a336435344541fe875e
Actor_10/03-01-07-02-02-02-10.wav,10,disgust,train,RAVDESS,9e8d2881f6df82cdc6023dad47f7a49d546cb38f
Actor_10/03-01-08-01-01-01-10.wav,10,surprise,train,RAVDESS,83a703cb87da3df6473c0c93c33977c40d6d6d2b
Actor_10/03-01-08-01-01-02-10.wav,10,surprise,train,RAVDESS,ad94837bdb813e72fa1ee1ce0420a353e34962d8
Actor_10/03-01-08-01-02-01-10.wav,10,surprise,train,RAVDESS,4d4aa244f5e9eae8f275807bf27905ae9112f9c5
Actor_10/03-01-08-01-02-02-10.wav,10,surprise,train,RAVDESS,866d3dfebe48524e0c0e5623762a203026afc590
Actor_10/03-01-08-02-01-01-10.wav,10,surprise,train,RAVDESS,582a09c48b52ea5968d4aee59d62a1f9441d3988
Actor_10/03-01-08-02-01-02-10.wav,10,surprise,train,RAVDESS,40e86d47a06f642713aae2991f42e21a3e18646c
Actor_10/03-01-08-02-02-01-10.wav,10,surprise,train,RAVDESS,80f38d93ac0a6f8ab4ab2da94f79d30bcc582bc2
Actor_10/03-01-08-02-02-02-10.wav,10,surprise,train,RAVDESS,924394436635cae3f2c23e5f378a2b35239c9fab
Actor_11/03-01-01-01-01-01-11.wav,11,neutral,train,RAVDESS,c8008b3cc4227ecf00184d59bbf78d08ab125f42
Actor_11/03-01-01-01-01-02-11.wav,11,neutral,train,RAVDESS,1262fbe09f036f67455bfb144f46ae03e9bc28c6
Actor_11/03-01-01-01-02-01-11.wav,11,neutral,train,RAVDESS,4ae7a533f4c1de312802096e5e2f919b09cc3510
Actor_11/03-01-01-01-02-02-11.wav,11,neutral,train,RAVDESS,b92856dd783931fef84b8a3d6f1948729893fb3d
Actor_11/03-01-02-01-01-01-11.wav,11,neutral,train,RAVDESS,39626310e36502d907a8aafa779114d5ed7d5908
Actor_11/03-01-02-01-01-02-11.wav,11,neutral,train,RAVDESS,3b1c91608786584f3052f4fa321e6ab0800b6858
Actor_11/03-01-02-01-02-01-11.wav,11,neutral,train,RAVDESS,61b490ab5e1a6b172a13d1cb2f90f8545147b218
Actor_11/03-01-02-01-02-02-11.wav,11,neutral,train,RAVDESS,bcfcd8d14d086017d221c5222bb43c7455563710
Actor_11/03-01-02-02-01-01-11.wav,11,neutral,train,RAVDESS,339a5d043529c47176f862aab0ce97cc9b0a71a4
Actor_11/03-01-02-02-01-02-11.wav,11,neutral,train,RAVDESS,b1d81da13da94996c9a84c52f69aa284f1c8b00a
Actor_11/03-01-02-02-02-01-11.wav,11,neutral,train,RAVDESS,f5c3d7459d40339b79bfbb44c9d036bdf9358336
Actor_11/03-01-02-02-02-02-11.wav,11,neutral,train,RAVDESS,40729f286d25cafe73f855eae45e775223cffc01
Actor_11/03-01-03-01-01-01-11.wav,11,happy,train,RAVDESS,542739205e04e9460d1bfefc4f06b7a6acda2c77
Actor_11/03-01-03-01-01-02-11.wav,11,happy,train,RAVDESS,3fc4ef4b610482f53679ca0d86c7f299d5fdb659
Actor_11/03-01-03-01-02-01-11.wav,11,happy,train,RAVDESS,73cc1513e847926e2e12569195d7003d205bc0a1
Actor_11/03-01-03-01-02-02-11.wav,11,happy,train,RAVDESS,37a9a63d4802f24432852c111f6d9d25d5018f80
Actor_11/03-01-03-02-01-01-11.wav,11,happy,train,RAVDESS,4ab53a1d18297bc155ca13972b34043effadd621
Actor_11/03-01-03-02-01-02-11.wav,11,happy,train,RAVDESS,9112e5c23a04a3dc9fcf177f94ac9c1744388bf7
Actor_11/03-01-03-02-02-01-11.wav,11,happy,train,RAVDESS,077772ccb6b80097b73acd9a204effb1155ce78c
Actor_11/03-01-03-02-02-02-11.wav,11,happy,train,RAVDESS,f4225785bfea504b0eb08964037104ac61473ae8
Actor_11/03-01-04-01-01-01-11.wav,11,sad,train,RAVDESS,68d84fa277470083cf82d1a9dcfd017ad87f9817
Actor_11/03-01-04-01-01-02-11.wav,11,sad,train,RAVDESS,a4600dd1a4d9faa21bf4173aa4666603a406e570
Actor_11/03-01-04-01-02-01-11.wav,11,sad,train,RAVDESS,3e8ac8bc2abd2abec81eb3cb30cc4a567c1c380e
Actor_11/03-01-04-01-02-02-11.wav,11,sad,train,RAVDESS,38bd1c5d5b3e39fcbc8326bad4c569c7927848c3
Actor_11/03-01-04-02-01-01-11.wav,11,sad,train,RAVDESS,1236016602f4869339da2fe4966f72657cda1194
Actor_11/03-01-04-02-01-02-11.wav,11,sad,train,RAVDESS,5ee092ba519918f5005ee44611aef40adfe32531
Actor_11/03-01-04-02-02-01-11.wav,11,sad,train,RAVDESS,8d3d12a1b8e14f174293cd1162df6ca8285c8c51
Actor_11/03-01-04-02-02-02-11.wav,11,sad,train,RAVDESS,f202b42a19d6edc226a6bdf11b43e1c09d2ccc1d
Actor_11/03-01-05-01-01-01-11.wav,11,angry,train,RAVDESS,675e5cd2fbbcd6a05794abcc9e5205c93fb52b0a
Actor_11/03-01-05-01-01-02-11.wav,11,angry,train,RAVDESS,7442c39b5a26cc90c8a5ecf5e4c9324722beb510
Actor_11/03-01-05-01-02-01-11.wav,11,angry,train,RAVDESS,0690004e6410e1468a9ca436910e806563637f96
Actor_11/03-01-05-01-02-02-11.wav,11,angry,train,RAVDESS,954904c27b0df25fe995b3d6ed627d215a55609a
Actor_11/03-01-05-02-01-01-11.wav,11,angry,train,RAVDESS,e67014ed2d8baa10cce5e314c235bb1f217e3db1
Actor_11/03-01-05-02-01-02-11.wav,11,angry,train,RAVDESS,b706130f42bc1efd74b9b41aea4107974bb4c9fd
Actor_11/03-01-05-02-02-01-11.wav,11,angry,train,RAVDESS,1c0c7325690f482fe3a5b06c5e1514fae314107e
Actor_11/03-01-05-02-02-02-11.wav,11,angry,train,RAVDESS,f5d77c5cf5319b8d8aaef27c8bff799143dd1701
Actor_11/03-01-06-01-01-01-11.wav,11,fear,train,RAVDESS,785d765135dccbd9850a5d48e176cd23a7fc6ace
Actor_11/03-01-06-01-01-02-11.wav,11,fear,train,RAVDESS,f7f33c02aefdd0b401e7c52a34f332dab561fbef
Actor_11/03-01-06-01-02-01-11.wav,11,fear,train,RAVDESS,c1d6c5aad13a0d6256b514de4e6806099792ff1d
Actor_11/03-01-06-01-02-02-11.wav,11,fear,train,RAVDESS,c39bd11b55d0c3072219d77d10129e850ca0a8e4
Actor_11/03-01-06-02-01-01-11.wav,11,fear,train,RAVDESS,eb4897efbd228bfbbabc1029741582092fdc7098
Actor_11/03-01-06-02-01-02-11.wav,11,fear,train,RAVDESS,8f99cd83da8fdfee475506ecfddd1b9e1e1ecdca
Actor_11/03-01-06-02-02-01-11.wav,11,fear,train,RAVDESS,f87b8fbeafd06a0068ad2537370f99128de49ac9
Actor_11/03-01-06-02-02-02-11.wav,11,fear,train,RAVDESS,73821ec9d7e654894380f0aaedd32245a8cecc9a
Actor_11/03-01-07-01-01-01-11.wav,11,disgust,train,RAVDESS,6c5889ca265c984c37828e07c26ac29109b020dc
Actor_11/03-01-07-01-01-02-11.wav,11,disgust,train,RAVDESS,befce37122872ac738370b068578938c3a7b97bf
Actor_11/03-01-07-01-02-01-11.wav,11,disgust,train,RAVDESS,bcf86686c042e38edd451623c66cffb8475aad9e
Actor_11/03-01-07-01-02-02-11.wav,11,disgust,train,RAVDESS,83a3f73b20d3efad680369fd71e02f0a565ad04c
Actor_11/03-01-07-02-01-01-11.wav,11,disgust,train,RAVDESS,3be2d7ad9ef6c7f2ac364e39d0f68854acc311db
Actor_11/03-01-07-02-01-02-11.wav,11,disgust,train,RAVDESS,6f8cd4964a920639f2ffdac7829a2ce8c9829cc4
Actor_11/03-01-07-02-02-01-11.wav,11,disgust,train,RAVDESS,1ca83f8c4aee379f92f8784fbc7410c3b3c2f584
Actor_11/03-01-07-02-02-02-11.wav,11,disgust,train,RAVDESS,6b420cb34abc0d3b5f4110d217e11e76694c55ec
Actor_11/03-01-08-01-01-01-11.wav,11,surprise,train,RAVDESS,a4ef2bb1ff6f96234aca73693a6794d8300f1025
Actor_11/03-01-08-01-01-02-11.wav,11,surprise,train,RAVDESS,62c3939e8f8ab433c7d68a8babbfd81222e74cf2
Actor_11/03-01-08-01-02-01-11.wav,11,surprise,train,RAVDESS,4ad8d6dbb76bcd0158e44b2374a7cd7b40aecb7f
Actor_11/03-01-08-01-02-02-11.wav,11,surprise,train,RAVDESS,aff1894127c1402662cd07a32293451414bd304c
Actor_11/03-01-08-02-01-01-11.wav,11,surprise,train,RAVDESS,62f947c4021fb6165b7cb3c36de638b5fadb3f12
Actor_11/03-01-08-02-01-02-11.wav,11,surprise,train,RAVDESS,f1609d282be92e94fbc99ce6cee14cc59a32e279
Actor_11/03-01-08-02-02-01-11.wav,11,surprise,train,RAVDESS,f905d81f3e78246e28013da9545d087cc8966d8e
Actor_11/03-01-08-02-02-02-11.wav,11,surprise,train,RAVDESS,80c8add2113d037ad5c99efde73603b3500e31ac
Actor_12/03-01-01-01-01-01-12.wav,12,neutral,train,RAVDESS,3f8ee179f0d9056f537738b73c1160229a412314
Actor_12/03-01-01-01-01-02-12.wav,12,neutral,train,RAVDESS,439f34d813f9f70cfaa6d9c86355b6c0e33e37d9
Actor_12/03-01-01-01-02-01-12.wav,12,neutral,train,RAVDESS,f3fbfbd1c0fd94a79d83942b025f1100294d06af
Actor_12/03-01-01-01-02-02-12.wav,12,neutral,train,RAVDESS,b5b5a7bbce2a89d4a62c424f4438af05473d2498
Actor_12/03-01-02-01-01-01-12.wav,12,neutral,train,RAVDESS,8edf69ea2b1c826d0ba0112fa70e282752421eba
Actor_12/03-01-02-01-01-02-12.wav,12,neutral,train,RAVDESS,3a4662335fe87c11a33a224e0478c5f31c7cb3c8
Actor_12/03-01-02-01-02-01-12.wav,12,neutral,train,RAVDESS,131b7f59e6d75f7dfd2fe8cfc48a83c7b96d8303
Actor_12/03-01-02-01-02-02-12.wav,12,neutral,train,RAVDESS,4aadf1c74c040b323c1c70487e6b7f150840a9d0
Actor_12/03-01-02-02-01-01-12.wav,12,neutral,train,RAVDESS,eee502e88bbbd74de41a5b6ade54564606884abf
Actor_12/03-01-02-02-01-02-12.wav,12,neutral,train,RAVDESS,7440d9facd290c251a8e48059e504859522c1b5b
Actor_12/03-01-02-02-02-01-12.wav,12,neutral,train,RAVDESS,b7fa8109eab70e38e2887196ae9f5222ae78a070
Actor_12/03-01-02-02-02-02-12.wav,12,neutral,train,RAVDESS,c94d725a3f8778b4cd6d8f7694d1b095bb53a29f
Actor_12/03-01-03-01-01-01-12.wav,12,happy,train,RAVDESS,21e49728268cabd21fc584476a169626c17e7122
Actor_12/03-01-03-01-01-02-12.wav,12,happy,train,RAVDESS,b2b56bac358db590b051254b0eb11301a676fd12
Actor_12/03-01-03-01-02-01-12.wav,12,happy,train,RAVDESS,82e017eda96fc5b4ca7be9ec79bd0956436926da
Actor_12/03-01-03-01-02-02-12.wav,12,happy,train,RAVDESS,11a71f66256af2009f77c03c4e2922add334dcdd
Actor_12/03-01-03-02-01-01-12.wav,12,happy,train,RAVDESS,14939c567a272c564e75fcf76fada30f795dc99b
Actor_12/03-01-03-02-01-02-12.wav,12,happy,train,RAVDESS,1da73f6b714fad1f8d2f480b9f2397e2bc6d7557
Actor_12/03-01-03-02-02-01-12.wav,12,happy,train,RAVDESS,cb9de1845c8c4b1e4b34d3f03792ceb40f1c9573
Actor_12/03-01-03-02-02-02-12.wav,12,happy,train,RAVDESS,47fb1ece9646ccb1c2edc46aadeb727390ed494a
Actor_12/03-01-04-01-01-01-12.wav,12,sad,train,RAVDESS,ffa4825d13315f16509578f970503da152568fdd
Actor_12/03-01-04-01-01-02-12.wav,12,sad,train,RAVDESS,70ebc4aba76f2e8360afe354b7a0362805691a25
Actor_12/03-01-04-01-02-01-12.wav,12,sad,train,RAVDESS,fe9d4c6124ff863710a7df8a26f1ed44ae4adab8
Actor_12/03-01-04-01-02-02-12.wav,12,sad,train,RAVDESS,30fbe311189f7d50b2b08af1c426b38c42211dc2
Actor_12/03-01-04-02-01-01-12.wav,12,sad,train,RAVDESS,84dc4d610dddfc32e2f170f459f4ae953ca7c4f3
Actor_12/03-01-04-02-01-02-12.wav,12,sad,train,RAVDESS,ecf87655864055d5851acad0a4dd6e2e1a2b01af
Actor_12/03-01-04-02-02-01-12.wav,12,sad,train,RAVDESS,38b44b1e9ffd65a778b8a7193f7c90d5e88852ea
Actor_12/03-01-04-02-02-02-12.wav,12,sad,train,RAVDESS,37740077958e518cdc4e7d1fd1e70a61a989dfe1
Actor_12/03-01-05-01-01-01-12.wav,12,angry,train,RAVDESS,bc08d440353ebff5ccd1f81a4a253b1093e33ddc
Actor_12/03-01-05-01-01-02-12.wav,12,angry,train,RAVDESS,98cd053556d6d51cefc21b4a536be82dbf442797
Actor_12/03-01-05-01-02-01-12.wav,12,angry,train,RAVDESS,557382fa031484499fef333f8c33994db28b038f
Actor_12/03-01-05-01-02-02-12.wav,12,angry,train,RAVDESS,a7ec5c178759050233715c43e474fde47de2c19b
Actor_12/03-01-05-02-01-01-12.wav,12,angry,train,RAVDESS,3a7df40e0b1c3519b66d1c08a0cad61b17ae69e1
Actor_12/03-01-05-02-01-02-12.wav,12,angry,train,RAVDESS,38a1e0b147396209444aa2ecf23e56f7be794635
Actor_12/03-01-05-02-02-01-12.wav,12,angry,train,RAVDESS,15cc0e49cec31172c511b003c240a787aa5c4dbc
Actor_12/03-01-05-02-02-02-12.wav,12,angry,train,RAVDESS,cea54d3a96b0db48a08084deeff69180773087a9
Actor_12/03-01-06-01-01-01-12.wav,12,fear,train,RAVDESS,ff13f1134b76ea629f38881fab9b9fc2d1c3bfcd
Actor_12/03-01-06-01-01-02-12.wav,12,fear,train,RAVDESS,78996eaf6382b757a11d647f5680d9014cd22501
Actor_12/03-01-06-01-02-01-12.wav,12,fear,train,RAVDESS,d3418254625e3da0c0372b9086af4be337206711
Actor_12/03-01-06-01-02-02-12.wav,12,fear,train,RAVDESS,db9a2e977b12843d42e93adb636be3e454b3f59e
Actor_12/03-01-06-02-01-01-12.wav,12,fear,train,RAVDESS,eed7d985b49dedffd77359960c53c281fb02580a
Actor_12/03-01-06-02-01-02-12.wav,12,fear,train,RAVDESS,3f37fb418024783982a4f0502328c7e547a32a18
Actor_12/03-01-06-02-02-01-12.wav,12,fear,train,RAVDESS,03872c14b6b0784606dd5f4916573cbbd5bf12fa
Actor_12/03-01-06-02-02-02-12.wav,12,fear,train,RAVDESS,748a2a99870aae99324c17f1f6fed0004425a5cd
Actor_12/03-01-07-01-01-01-12.wav,12,disgust,train,RAVDESS,50adc020bcf06e8245c6d16f0d7677c3dfd6a9c0
Actor_12/03-01-07-01-01-02-12.wav,12,disgust,train,RAVDESS,bc032f929695e684693cd212239a4f08e03ee34e
Actor_12/03-01-07-01-02-01-12.wav,12,disgust,train,RAVDESS,4a105bb92ea276e967dc7f0ed23c47a6a3b1eca0
Actor_12/03-01-07-01-02-02-12.wav,12,disgust,train,RAVDESS,25cc19e96980c187605a927c0db664f3edf75e5d
Actor_12/03-01-07-02-01-01-12.wav,12,disgust,train,RAVDESS,0c10ff33a51693accd0f2cec2f84c01e8f46dc70
Actor_12/03-01-07-02-01-02-12.wav,12,disgust,train,RAVDESS,a2fb0d7f00a15bc4b39782d4bde09b99fd845171
Actor_12/03-01-07-02-02-01-12.wav,12,disgust,train,RAVDESS,8ee9a77a4a2b9a3743c4f89837a2b3f5196e66b6
Actor_12/03-01-07-02-02-02-12.wav,12,disgust,train,RAVDESS,0d286aa08b791fe08b77efadb92eeb7c29d31d2a
Actor_12/03-01-08-01-01-01-12.wav,12,surprise,train,RAVDESS,2023197d0b8bce32bfb46224f4870d27efd13442
Actor_12/03-01-08-01-01-02-12.wav,12,surprise,train,RAVDESS,fefdc5acbbed02404b4fea033485ccf2cc39c99a
Actor_12/03-01-08-01-02-01-12.wav,12,surprise,train,RAVDESS,c5119ba6d2155d64a2a97cce163b02bd71e159d8
Actor_12/03-01-08-01-02-02-12.wav,12,surprise,train,RAVDESS,d3aab0bf0d7c0dcafb67e3727c7b9f5727d3bb0e
Actor_12/03-01-08-02-01-01-12.wav,12,surprise,train,RAVDESS,0dcc42e90e6b810be45fc4c744b96069326a7df6
Actor_12/03-01-08-02-01-02-12.wav,12,surprise,train,RAVDESS,5c9032450e1f7aa94836464f48efead687a1b662
Actor_12/03-01-08-02-02-01-12.wav,12,surprise,train,RAVDESS,32b48bacc0cedd1ad19f8ff7d3f989b6e3b337f8
Actor_12/03-01-08-02-02-02-12.wav,12,surprise,train,RAVDESS,4a72156ddc084ab27d4424ca8442e88142db00f3
Actor_13/03-01-01-01-01-01-13.wav,13,neutral,train,RAVDESS,89e7cc4c8084a5920dcf7c82e3929f10b0038d80
Actor_13/03-01-01-01-01-02-13.wav,13,neutral,train,RAVDESS,075d1bb50935951bdb5b80d4c014cf91bc281267
Actor_13/03-01-01-01-02-01-13.wav,13,neutral,train,RAVDESS,41dde71798478b48e899bce85b1a2b103d5949f8
Actor_13/03-01-01-01-02-02-13.wav,13,neutral,train,RAVDESS,a7b43a58d19b877580233daa663d21a26ede9f03
Actor_13/03-01-02-01-01-01-13.wav,13,neutral,train,RAVDESS,ec242bcee22ae9c5a41a9db6dfc69f26feb383c1
Actor_13/03-01-02-01-01-02-13.wav,13,neutral,train,RAVDESS,e424f4d4cf7426e9d6fb4105d0303a92132a37bb
Actor_13/03-01-02-01-02-01-13.wav,13,neutral,train,RAVDESS,f09c9c7fce4657700d9d80422de00de4c99e8c7c
Actor_13/03-01-02-01-02-02-13.wav,13,neutral,train,RAVDESS,8973341613b8f982b0affe6c3fcaad6c11883956
Actor_13/03-01-02-02-01-01-13.wav,13,neutral,train,RAVDESS,2cb56c33251d8781cb57e14877d62121b2bec659
Actor_13/03-01-02-02-01-02-13.wav,13,neutral,train,RAVDESS,e02a14c9a12376118bd859edf910ad304b66748e
Actor_13/03-01-02-02-02-01-13.wav,13,neutral,train,RAVDESS,88db6da33909e52dc0825f994810835c453b84d6
Actor_13/03-01-02-02-02-02-13.wav,13,neutral,train,RAVDESS,259d356fe7c986d5726c2bb37b62c47ebaec7069
Actor_13/03-01-03-01-01-01-13.wav,13,happy,train,RAVDESS,08561b5ef5d52ef0201a431b1d7fe78d65d78d77
Actor_13/03-01-03-01-01-02-13.wav,13,happy,train,RAVDESS,b76d283cbff7f928af77b97ee52a4c48752859ba
Actor_13/03-01-03-01-02-01-13.wav,13,happy,train,RAVDESS,3c4bbf09265a7fa9b3360f457ea24897ae173984
Actor_13/03-01-03-01-02-02-13.wav,13,happy,train,RAVDESS,61d786279f31fd46840193a9dde32ebe59ced437
Actor_13/03-01-03-02-01-01-13.wav,13,happy,train,RAVDESS,9e0123d5b31e956e1778d1565989ab5aad317126
Actor_13/03-01-03-02-01-02-13.wav,13,happy,train,RAVDESS,647b49f700044b5fb05f20fcca72b920a189c049
Actor_13/03-01-03-02-02-01-13.wav,13,happy,train,RAVDESS,66a396c0af84c12b34e6f482c794516b3278c4c9
Actor_13/03-01-03-02-02-02-13.wav,13,happy,train,RAVDESS,7a23697e87d6044d15dcaec2c9441213f3b9912f
Actor_13/03-01-04-01-01-01-13.wav,13,sad,train,RAVDESS,f8dbcaac8a8cc2b9f8c66cd26e2ad03a080a984e
Actor_13/03-01-04-01-01-02-13.wav,13,sad,train,RAVDESS,2424af4c40db5a1614c5c57c798365bce4705d57
Actor_13/03-01-04-01-02-01-13.wav,13,sad,train,RAVDESS,6bea864e6caabf8d1f70b04f92976121b5290031
Actor_13/03-01-04-01-02-02-13.wav,13,sad,train,RAVDESS,513b05e37d31363a3f593d9a5182b3bc9b0fd2c1
Actor_13/03-01-04-02-01-01-13.wav,13,sad,train,RAVDESS,929cbab81cb6505b8340a2afa0711b3f424da6e7
Actor_13/03-01-04-02-01-02-13.wav,13,sad,train,RAVDESS,0b1e219a315aa57cdeb931a4bfb3ad20c460ee88
Actor_13/03-01-04-02-02-01-13.wav,13,sad,train,RAVDESS,1dbd7d781019554b54703b73095ff84b788d3865
Actor_13/03-01-04-02-02-02-13.wav,13,sad,train,RAVDESS,522af61d0170067152a9d008ed71441ba762c5a0
Actor_13/03-01-05-01-01-01-13.wav,13,angry,train,RAVDESS,06f6284083b12d0faaec77b05240c8bd1b130a7b
Actor_13/03-01-05-01-01-02-13.wav,13,angry,train,RAVDESS,7f6aca550b58083cd6441b2ff5c220105d6266aa
Actor_13/03-01-05-01-02-01-13.wav,13,angry,train,RAVDESS,d25fe65548777758d7b24fb877efd07612650ca7
Actor_13/03-01-05-01-02-02-13.wav,13,angry,train,RAVDESS,117750ff08e5807d48c04dbe1f2a0201354815cf
Actor_13/03-01-05-02-01-01-13.wav,13,angry,train,RAVDESS,d8626aa743848da68ad2f15b7af3dddc41550315
Actor_13/03-01-05-02-01-02-13.wav,13,angry,train,RAVDESS,e269ded0ab99b2faf4b4f3b91dfdc0c4b6abe2b8
Actor_13/03-01-05-02-02-01-13.wav,13,angry,train,RAVDESS,da34e50c3525dcefe97aca70147eca6f36806092
Actor_13/03-01-05-02-02-02-13.wav,13,angry,train,RAVDESS,08ba343d7ad932cd8aeb274e35fb6b9efc6c4f9a
Actor_13/03-01-06-01-01-01-13.wav,13,fear,train,RAVDESS,a1fea9af6e105327fd597e786c6e29547fca9937
Actor_13/03-01-06-01-01-02-13.wav,13,fear,train,RAVDESS,42e974c31e65e7f1ee08f5424469f6e2ba6ec8b4
Actor_13/03-01-06-01-02-01-13.wav,13,fear,train,RAVDESS,208d32d5ff1ffc0609af7e7b8c84cc8791126835
Actor_13/03-01-06-01-02-02-13.wav,13,fear,train,RAVDESS,4381bc0bc36d17fc7313682fbfa271c729738119
Actor_13/03-01-06-02-01-01-13.wav,13,fear,train,RAVDESS,e75c96caf06d766c8aeba1ad91e37baa6e3b45de
Actor_13/03-01-06-02-01-02-13.wav,13,fear,train,RAVDESS,4aa232b845d6652fa9598b522b452c4118d3a1b8
Actor_13/03-01-06-02-02-01-13.wav,13,fear,train,RAVDESS,5d0b8149e45f73bbd2e200f0a40b0bc16075ecd1
Actor_13/03-01-06-02-02-02-13.wav,13,fear,train,RAVDESS,d444f43271b660a313810207a05d58a88ec0f036
Actor_13/03-01-07-01-01-01-13.wav,13,disgust,train,RAVDESS,540503cc6c5c66dea8f26d0f0e98badbe0498f7e
Actor_13/03-01-07-01-01-02-13.wav,13,disgust,train,RAVDESS,27d1e726205774de53425ffb0f15ef09bc027c6a
Actor_13/03-01-07-01-02-01-13.wav,13,disgust,train,RAVDESS,61fd9fd6d4d0698b24319ad349fb13308a63b8cd
Actor_13/03-01-07-01-02-02-13.wav,13,disgust,train,RAVDESS,b282b8c2b91014c0e5fa866a5f4656d9adbf93d2
Actor_13/03-01-07-02-01-01-13.wav,13,disgust,train,RAVDESS,bf6cec5be0a193d9c46ca70aa8288ea4847b4ab6
Actor_13/03-01-07-02-01-02-13.wav,13,disgust,train,RAVDESS,706124d111832068dc9317636a1c9149ba5aca60
Actor_13/03-01-07-02-02-01-13.wav,13,disgust,train,RAVDESS,bc1d60806eecc5d21385ef7a86c921d29770b914
Actor_13/03-01-07-02-02-02-13.wav,13,disgust,train,RAVDESS,0c49077ec8da99771aee7fbacb371a3d18b42f6e
Actor_13/03-01-08-01-01-01-13.wav,13,surprise,train,RAVDESS,e51687329532bec5828892b7776945c1f2b20c3f
Actor_13/03-01-08-01-01-02-13.wav,13,surprise,train,RAVDESS,fe5c358bad75a5ddacf316b70b55ec2785f864b1
Actor_13/03-01-08-01-02-01-13.wav,13,surprise,train,RAVDESS,d43a1ce500578eb888c3a459effac3352c56d102
Actor_13/03-01-08-01-02-02-13.wav,13,surprise,train,RAVDESS,812991c4f8dc21ba905918ba42cf4237148fbc6d
Actor_13/03-01-08-02-01-01-13.wav,13,surprise,train,RAVDESS,13affa6a784e20af556998214ef7b5fbd827e14a
Actor_13/03-01-08-02-01-02-13.wav,13,surprise,train,RAVDESS,b36bbfbbf409e29a4800043703c58ec9561122ac
Actor_13/03-01-08-02-02-01-13.wav,13,surprise,train,RAVDESS,9601630aa017d53b9d5e19ef1ed01d0961e62afd
Actor_13/03-01-08-02-02-02-13.wav,13,surprise,train,RAVDESS,6daf42bc2ef8fd0ba40637e56908aa261c91d2ae
Actor_14/03-01-01-01-01-01-14.wav,14,neutral,train,RAVDESS,f0a7cbb04a6417b48b98e91fc12b047a3b0ee145
Actor_14/03-01-01-01-01-02-14.wav,14,neutral,train,RAVDESS,c8f8c84d6187eddb186db578b41dffa193192fc8
Actor_14/03-01-01-01-02-01-14.wav,14,neutral,train,RAVDESS,22bedfe03833c98284667871a6a3f2070b1af31d
Actor_14/03-01-01-01-02-02-14.wav,14,neutral,train,RAVDESS,12a1622fbe1886e556ec5ca9f90f1d2ba5d02143
Actor_14/03-01-02-01-01-01-14.wav,14,neutral,train,RAVDESS,c334986b3bd3bdb3339316a00823446bef4fecc6
Actor_14/03-01-02-01-01-02-14.wav,14,neutral,train,RAVDESS,ac5c5de39aa51cd4c1b6103d1698a5fd3b7d300a
Actor_14/03-01-02-01-02-01-14.wav,14,neutral,train,RAVDESS,be9cf8222fcc4c07a6be4807ad68337f5d24bde1
Actor_14/03-01-02-01-02-02-14.wav,14,neutral,train,RAVDESS,0c7f3575e958e1ab9e10d50188e4581f3df70571
Actor_14/03-01-02-02-01-01-14.wav,14,neutral,train,RAVDESS,5b4a0fbb3324b81d37fa58a25d45891465e89559
Actor_14/03-01-02-02-01-02-14.wav,14,neutral,train,RAVDESS,149f1e44f1eeb588e78c496b73e4c295a82c0d70
Actor_14/03-01-02-02-02-01-14.wav,14,neutral,train,RAVDESS,b84291dac6e68e7d6f1b0a970352a9362d6c3e53
Actor_14/03-01-02-02-02-02-14.wav,14,neutral,train,RAVDESS,0b28ed7875567bbe2b50223c6db00ea213b37133
Actor_14/03-01-03-01-01-01-14.wav,14,happy,train,RAVDESS,52c3266440283a419d5bfdfbf91634a12abb8c65
Actor_14/03-01-03-01-01-02-14.wav,14,happy,train,RAVDESS,d20941dcd7a989adcc0099bfb5888d338e527305
Actor_14/03-01-03-01-02-01-14.wav,14,happy,train,RAVDESS,f395eba67a86ec4d156eee6b9cfad69ab6eebeaf
Actor_14/03-01-03-01-02-02-14.wav,14,happy,train,RAVDESS,4388192109c7f220c26de85d550c3011308844e7
Actor_14/03-01-03-02-01-01-14.wav,14,happy,train,RAVDESS,b4bad6197b1d21c20aa77ec220972e16fe6dcd8d
Actor_14/03-01-03-02-01-02-14.wav,14,happy,train,RAVDESS,02a91862e0eab3be7ceda8a814249a71f69d8b08
Actor_14/03-01-03-02-02-01-14.wav,14,happy,train,RAVDESS,4570e1c8eb8f8a658fd8f62b7718b69cc3f50b3d
Actor_14/03-01-03-02-02-02-14.wav,14,happy,train,RAVDESS,a001758451afcfd446a48d25202d09fc2e1a8446
Actor_14/03-01-04-01-01-01-14.wav,14,sad,train,RAVDESS,01b6822c7bc09c10e126f90bee9fc3a39e25883b
Actor_14/03-01-04-01-01-02-14.wav,14,sad,train,RAVDESS,4ccec63fcdc5052b37a6fdd1e0ddc16771781297
Actor_14/03-01-04-01-02-01-14.wav,14,sad,train,RAVDESS,5b51cf20d2b0cdd14817ecaee4ae9b4f22eb85e7
Actor_14/03-01-04-01-02-02-14.wav,14,sad,train,RAVDESS,cfbd7e48d5278c5cd6ed0fe645761f0c30703328
Actor_14/03-01-04-02-01-01-14.wav,14,sad,train,RAVDESS,75ef13cf5f6f4723cab56a22fa7cc4398e42d676
Actor_14/03-01-04-02-01-02-14.wav,14,sad,train,RAVDESS,58dd5333457e4c9b6144f4a20794b329bec57442
Actor_14/03-01-04-02-02-01-14.wav,14,sad,train,RAVDESS,c22f858a4f3731d7c9994cf597b39f6939a71a1e
Actor_14/03-01-04-02-02-02-14.wav,14,sad,train,RAVDESS,8a78825dcce73dd06ac99af2ebd2d80544eb0f6b
Actor_14/03-01-05-01-01-01-14.wav,14,angry,train,RAVDESS,11e4638e508b700feebe79ba527f422b8e07fb7f
Actor_14/03-01-05-01-01-02-14.wav,14,angry,train,RAVDESS,9ca4bb867251155b2dc6dcb3f647a9d808f13796
Actor_14/03-01-05-01-02-01-14.wav,14,angry,train,RAVDESS,16656d05f20963f75642762338c9acfbeca4c33e
Actor_14/03-01-05-01-02-02-14.wav,14,angry,train,RAVDESS,59db909f6482299db600e0f4bf84431d5e32da8b
Actor_14/03-01-05-02-01-01-14.wav,14,angry,train,RAVDESS,496779d5789b1f561e1a3e269ee283d205e2c4e3
Actor_14/03-01-05-02-01-02-14.wav,14,angry,train,RAVDESS,96d17f0de5eaa9051fe6b91dbc43b3f5b371f819
Actor_14/03-01-05-02-02-01-14.wav,14,angry,train,RAVDESS,fdf203da5feac0674636d8ef7389f48d41a459ec
Actor_14/03-01-05-02-02-02-14.wav,14,angry,train,RAVDESS,42f406b1cee2cff017a98da883a04a63baed02f8
Actor_14/03-01-06-01-01-01-14.wav,14,fear,train,RAVDESS,fea5b300b282754b0fcddd62eb16810a4ad0fef6
Actor_14/03-01-06-01-01-02-14.wav,14,fear,train,RAVDESS,86c527613339cc26d3f2c25736e88fe5801b9ad2
Actor_14/03-01-06-01-02-01-14.wav,14,fear,train,RAVDESS,8f61565d2f270fe6e676e3ea1a478482df5023bf
Actor_14/03-01-06-01-02-02-14.wav,14,fear,train,RAVDESS,b0831f67c1ed19b21f37d1ea84d8eb5ffb42633c
Actor_14/03-01-06-02-01-01-14.wav,14,fear,train,RAVDESS,b38ae7a1910e4509fee33f0961b4085188a8741d
Actor_14/03-01-06-02-01-02-14.wav,14,fear,train,RAVDESS,03ab1e21603adcb12a1aa87a06431144047b82fb
Actor_14/03-01-06-02-02-01-14.wav,14,fear,train,RAVDESS,660434d2ce724d75d58a1bbe34f9c85add6f8411
Actor_14/03-01-06-02-02-02-14.wav,14,fear,train,RAVDESS,09a6ee87973dccad46f17285627fe2aae5782f73
Actor_14/03-01-07-01-01-01-14.wav,14,disgust,train,RAVDESS,e06686ba27594a4f7eb5fcc14bfd48839b8d31b8
Actor_14/03-01-07-01-01-02-14.wav,14,disgust,train,RAVDESS,806bf82d50f72011a4a54475f20c3fce530ba562
Actor_14/03-01-07-01-02-01-14.wav,14,disgust,train,RAVDESS,2f3c895ec5f4002df4f25b760c33245ba023ea54
Actor_14/03-01-07-01-02-02-14.wav,14,disgust,train,RAVDESS,ee490042165893c6e903b31adc3082c853c7147e
Actor_14/03-01-07-02-01-01-14.wav,14,disgust,train,RAVDESS,4c70a1bacbf59910c38179fd2b0974b2204d0942
Actor_14/03-01-07-02-01-02-14.wav,14,disgust,train,RAVDESS,dcef3c53beb76320166e3a6d5a80eb22a9bd9a2c
Actor_14/03-01-07-02-02-01-14.wav,14,disgust,train,RAVDESS,9ca2e2022678d455c53ab09babfe833e95e8ac3f
Actor_14/03-01-07-02-02-02-14.wav,14,disgust,train,RAVDESS,67d48c1ea508f95c09e69a312e38cb5c3c67dd04
Actor_14/03-01-08-01-01-01-14.wav,14,surprise,train,RAVDESS,6127556f664039fe51cdece4af2c8731b72873ba
Actor_14/03-01-08-01-01-02-14.wav,14,surprise,train,RAVDESS,0230f8229ef823ad537e0e7f00494d7a1191049e
Actor_14/03-01-08-01-02-01-14.wav,14,surprise,train,RAVDESS,5b2ddbc135dc2cca64a6a68d396450884796bc68
Actor_14/03-01-08-01-02-02-14.wav,14,surprise,train,RAVDESS,9b8fadb00574fb8fac9e1ab383504bb6a9c452e7
Actor_14/03-01-08-02-01-01-14.wav,14,surprise,train,RAVDESS,4bfb827725d100d80784b59aa5a0e9bbcc7f09e4
Actor_14/03-01-08-02-01-02-14.wav,14,surprise,train,RAVDESS,998ce3e64a541f8b880521dd4a374cb0b1478dee
Actor_14/03-01-08-02-02-01-14.wav,14,surprise,train,RAVDESS,ccea8ee8fcf9bf9dc18232b39ded567b6ba6c4f7
Actor_14/03-01-08-02-02-02-14.wav,14,surprise,train,RAVDESS,1861d8a84b8834fb0c9ef1a82ec4ae713af58d54
Actor_15/03-01-01-01-01-01-15.wav,15,neutral,train,RAVDESS,635eb3e11264563e70b37f8704d9a58f6809aaad
Actor_15/03-01-01-01-01-02-15.wav,15,neutral,train,RAVDESS,b37000178d1f46e3090e98e627ccf25981cb7527
Actor_15/03-01-01-01-02-01-15.wav,15,neutral,train,RAVDESS,9b4d15a02c62783ca601718f87aadda66e4960d9
Actor_15/03-01-01-01-02-02-15.wav,15,neutral,train,RAVDESS,7df327ce97cfd2fc4e0e57e47fcac2080b98bc86
Actor_15/03-01-02-01-01-01-15.wav,15,neutral,train,RAVDESS,eda6d21599b6ef5bd845482e2bfe37081ae2f9d6
Actor_15/03-01-02-01-01-02-15.wav,15,neutral,train,RAVDESS,7913f251964cac65b27bdf06af1cccc9159ee587
Actor_15/03-01-02-01-02-01-15.wav,15,neutral,train,RAVDESS,0833235abd5d03ebe79cd51f73c97f1c73fbfc98
Actor_15/03-01-02-01-02-02-15.wav,15,neutral,train,RAVDESS,977db73b8e18d1ebe88d317402a6dd621002b00c
Actor_15/03-01-02-02-01-01-15.wav,15,neutral,train,RAVDESS,a458d42381b2c262b3c2f35b4e8538bf55091b7f
Actor_15/03-01-02-02-01-02-15.wav,15,neutral,train,RAVDESS,3666738bab4bc3e98186eb4b06d1419b1c04e27f
Actor_15/03-01-02-02-02-01-15.wav,15,neutral,train,RAVDESS,0e5999349300954d5b36b7011d442d2054a74ed6
Actor_15/03-01-02-02-02-02-15.wav,15,neutral,train,RAVDESS,0f517506bc04ac321854d7f1db856e5ccef10b47
Actor_15/03-01-03-01-01-01-15.wav,15,happy,train,RAVDESS,2455e4643d02247bcf01dbf26897f9af41d00e2d
Actor_15/03-01-03-01-01-02-15.wav,15,happy,train,RAVDESS,b7b742b367ed6a91a4f2988487e56facbf02045d
Actor_15/03-01-03-01-02-01-15.wav,15,happy,train,RAVDESS,f2454c70d14700d96893ff3d6224dee1058b68fb
Actor_15/03-01-03-01-02-02-15.wav,15,happy,train,RAVDESS,b55015c26271ba14ca08d0827a7fe5d4183be513
Actor_15/03-01-03-02-01-01-15.wav,15,happy,train,RAVDESS,ab46a145a6be468f2af76b4bcf3e182c1ceee2ae
Actor_15/03-01-03-02-01-02-15.wav,15,happy,train,RAVDESS,2567395c0eae7a22c5bd743d019b48b67b9e224d
Actor_15/03-01-03-02-02-01-15.wav,15,happy,train,RAVDESS,a0e6ec3261ccdb15256cd7c6fae0de11c4eb6ef5
Actor_15/03-01-03-02-02-02-15.wav,15,happy,train,RAVDESS,3d2d96c0c1c731eb6e05647a68327e2adce489a1
Actor_15/03-01-04-01-01-01-15.wav,15,sad,train,RAVDESS,5ddecb8ce215ae2b8848fd557d4b3f7c5b049a81
Actor_15/03-01-04-01-01-02-15.wav,15,sad,train,RAVDESS,55e763e76104f7afd3653c833b058b8021bc2b23
Actor_15/03-01-04-01-02-01-15.wav,15,sad,train,RAVDESS,aefe5cec09499ec3df1b5aa213e2ef50a3d75c41
Actor_15/03-01-04-01-02-02-15.wav,15,sad,train,RAVDESS,f0bc1451fd53eb38090f1f8b2421f145f7930150
Actor_15/03-01-04-02-01-01-15.wav,15,sad,train,RAVDESS,da341f426db889cc64f03a27f2f2dde7f4286920
Actor_15/03-01-04-02-01-02-15.wav,15,sad,train,RAVDESS,2661adab5946d3595b242993e381bd8d41d3bd42
Actor_15/03-01-04-02-02-01-15.wav,15,sad,train,RAVDESS,892ea6057e081b14f948ba0e52d0c283ce5cca79
Actor_15/03-01-04-02-02-02-15.wav,15,sad,train,RAVDESS,7937783bef66dbb651cf7203251f86746b5a568b
Actor_15/03-01-05-01-01-01-15.wav,15,angry,train,RAVDESS,a50ade60e5883af6fa022fc3404a26029afd6ff7
Actor_15/03-01-05-01-01-02-15.wav,15,angry,train,RAVDESS,a5801c5283c90d16d111ec47ff0b673194ffaa0b
Actor_15/03-01-05-01-02-01-15.wav,15,angry,train,RAVDESS,69799a0c1cf7f8d2c273f05b3ff9375a51d1653b
Actor_15/03-01-05-01-02-02-15.wav,15,angry,train,RAVDESS,0a9360723e2a223f285b61834238fdbc1920c40f
Actor_15/03-01-05-02-01-01-15.wav,15,angry,train,RAVDESS,0fea895b7840e0ca8cda4162cc9fa614704f9305
Actor_15/03-01-05-02-01-02-15.wav,15,angry,train,RAVDESS,94716c4166e743243a45c813c66f221708634b49
Actor_15/03-01-05-02-02-01-15.wav,15,angry,train,RAVDESS,f19f08eeac73045b98a2649409f0e9ee255474a4
Actor_15/03-01-05-02-02-02-15.wav,15,angry,train,RAVDESS,372820104f10cba726588a9717d56c6a43bf36b2
Actor_15/03-01-06-01-01-01-15.wav,15,fear,train,RAVDESS,60538f992b2093519efb4da89a892fc9a653d73f
Actor_15/03-01-06-01-01-02-15.wav,15,fear,train,RAVDESS,6de0e79f84678d8b2e9e29bdb4c25dc60e765b6b
Actor_15/03-01-06-01-02-01-15.wav,15,fear,train,RAVDESS,f06ffa7c18c638161a7f2e70c6e7314c8b9d4e1a
Actor_15/03-01-06-01-02-02-15.wav,15,fear,train,RAVDESS,c93cb2618c5735ec2cfa2ec0e11bda009a96123c
Actor_15/03-01-06-02-01-01-15.wav,15,fear,train,RAVDESS,0aeb4a454e08890e84f032b8940866344739f9ed
Actor_15/03-01-06-02-01-02-15.wav,15,fear,train,RAVDESS,c5b63d78a581c08039803cbef14d21ee93f791fb
Actor_15/03-01-06-02-02-01-15.wav,15,fear,train,RAVDESS,ba9b6cffca79a48c4799bb1e13c9095665467808
Actor_15/03-01-06-02-02-02-15.wav,15,fear,train,RAVDESS,6a2ff434521792a8f28a2817922ad41c1a109e31
Actor_15/03-01-07-01-01-01-15.wav,15,disgust,train,RAVDESS,2bdfe79894096b03365e4b642fa4313b4e692cbc
Actor_15/03-01-07-01-01-02-15.wav,15,disgust,train,RAVDESS,f16e79900b884854163498f05d2d9bd7bb2e0946
Actor_15/03-01-07-01-02-01-15.wav,15,disgust,train,RAVDESS,5bc1753c0b75b351ff9dadf3a7ecaba812d06990
Actor_15/03-01-07-01-02-02-15.wav,15,disgust,train,RAVDESS,fee798cd2f8c227c08f9cf4db784c6e7f7126239
Actor_15/03-01-07-02-01-01-15.wav,15,disgust,train,RAVDESS,6f9fce5f14c981e94b249e551a034adf47f91294
Actor_15/03-01-07-02-01-02-15.wav,15,disgust,train,RAVDESS,4f207ece6d68d5f18fba1b85bfeb7f54d7a49eef
Actor_15/03-01-07-02-02-01-15.wav,15,disgust,train,RAVDESS,cb981b68656cd68d1d4efcf2b88d3831100e3c81
Actor_15/03-01-07-02-02-02-15.wav,15,disgust,train,RAVDESS,e329f39e4ee2c4ace0733c6a68b237a28639fe7d
Actor_15/03-01-08-01-01-01-15.wav,15,surprise,train,RAVDESS,31dbdf9129abdf36372b420c393922c2c613da9c
Actor_15/03-01-08-01-01-02-15.wav,15,surprise,train,RAVDESS,b0e971e7f36dfb242b57cf5569dc2fb43f87f9ee
Actor_15/03-01-08-01-02-01-15.wav,15,surprise,train,RAVDESS,37e33341c632591b1752d6206909a0f2d86d8104
Actor_15/03-01-08-01-02-02-15.wav,15,surprise,train,RAVDESS,3cf4255d62a0621aa9aea8f0536254eba8a35982
Actor_15/03-01-08-02-01-01-15.wav,15,surprise,train,RAVDESS,ec4640fae6002ac1eadad944b75c7b8692834925
Actor_15/03-01-08-02-01-02-15.wav,15,surprise,train,RAVDESS,2554bd13f4d10ee9ce1d010b31f2a73ee1a8f759
Actor_15/03-01-08-02-02-01-15.wav,15,surprise,train,RAVDESS,f499c96070d90b9953a23a103fc8be4e3a02de9c
Actor_15/03-01-08-02-02-02-15.wav,15,surprise,train,RAVDESS,d599964eae1e866a9d837da2555f3b67566b987d
Actor_16/03-01-01-01-01-01-16.wav,16,neutral,train,RAVDESS,ce5cf4d479d3c5a26dab8f8efa8d8895368d295d
Actor_16/03-01-01-01-01-02-16.wav,16,neutral,train,RAVDESS,5a0429293e733fbab722d4a4807fc8f6145279d7
Actor_16/03-01-01-01-02-01-16.wav,16,neutral,train,RAVDESS,9265bc7390e3780466cffd337df495d01fbcbf05
Actor_16/03-01-01-01-02-02-16.wav,16,neutral,train,RAVDESS,b15f8630c38cc1cedf64cd86242f983adb5dd5e9
Actor_16/03-01-02-01-01-01-16.wav,16,neutral,train,RAVDESS,fd12dd288de015e30ec2d914d15fc490916c048f
Actor_16/03-01-02-01-01-02-16.wav,16,neutral,train,RAVDESS,91fdf98e11a727f9eae9dc7dcae75bae0bc636a7
Actor_16/03-01-02-01-02-01-16.wav,16,neutral,train,RAVDESS,d9347d6717882aabfc6cfa8df057dcbe90285f40
Actor_16/03-01-02-01-02-02-16.wav,16,neutral,train,RAVDESS,877ae0474277c45ef6f37cc3b73c44efa216c508
Actor_16/03-01-02-02-01-01-16.wav,16,neutral,train,RAVDESS,36d679eda070d5d2cd2cd81542415bcb160e7b85
Actor_16/03-01-02-02-01-02-16.wav,16,neutral,train,RAVDESS,1857cb0a9dc2dc38fa0cacf4cac14ef15a55f662
Actor_16/03-01-02-02-02-01-16.wav,16,neutral,train,RAVDESS,bf90dcbff45620388b044edbfc8a7bd26493fce6
Actor_16/03-01-02-02-02-02-16.wav,16,neutral,train,RAVDESS,b36cee6804789f289db204aa34d1adcfe5398a96
Actor_16/03-01-03-01-01-01-16.wav,16,happy,train,RAVDESS,88ab9afdd8346302adca28472c401f4b421bd2c5
Actor_16/03-01-03-01-01-02-16.wav,16,happy,train,RAVDESS,5116557b09431f1024f919dc0da7f8415d47e309
Actor_16/03-01-03-01-02-01-16.wav,16,happy,train,RAVDESS,7bc2a312af029e4d94217b407e75c61026e62364
Actor_16/03-01-03-01-02-02-16.wav,16,happy,train,RAVDESS,63f10a8dc5fe170dbca0da2a4735bb5b3ba446f9
Actor_16/03-01-03-02-01-01-16.wav,16,happy,train,RAVDESS,42b3c6afdba3cef8f7b853e2fb7d4803aa58a166
Actor_16/03-01-03-02-01-02-16.wav,16,happy,train,RAVDESS,c89b7e7ec8df99a56090f044eb6344d8fef6ace4
Actor_16/03-01-03-02-02-01-16.wav,16,happy,train,RAVDESS,e3e44cabbf2d854906ea4d7614fab7da63a52016
Actor_16/03-01-03-02-02-02-16.wav,16,happy,train,RAVDESS,ef1df62fca59ce91ccc05845e3d33b5d6c6e956c
Actor_16/03-01-04-01-01-01-16.wav,16,sad,train,RAVDESS,cd966df36bb3b3dc3f265a19b7e352b0d67d2039
Actor_16/03-01-04-01-01-02-16.wav,16,sad,train,RAVDESS,670ed47aab7e131b39133db4a6f843846ebbfdbe
Actor_16/03-01-04-01-02-01-16.wav,16,sad,train,RAVDESS,c811196804ae6101d7e0fce36be623180a1d9898
Actor_16/03-01-04-01-02-02-16.wav,16,sad,train,RAVDESS,fc31c6ccb1de77323a525ee8341a02b08bba46c8
Actor_16/03-01-04-02-01-01-16.wav,16,sad,train,RAVDESS,34ddd19a6af456246405306f7a0173e8da3de0f5
Actor_16/03-01-04-02-01-02-16.wav,16,sad,train,RAVDESS,32164a5453a77e043c8a5e48b7d154638aafee30
Actor_16/03-01-04-02-02-01-16.wav,16,sad,train,RAVDESS,76335a0d9d6d088e38e7f21dbbc1fe6d5e7a158a
Actor_16/03-01-04-02-02-02-16.wav,16,sad,train,RAVDESS,d9bade50eda35034ceae7f67b0d5b0abcd58b84d
Actor_16/03-01-05-01-01-01-16.wav,16,angry,train,RAVDESS,3aa320b2ab27fd7596329096cca16b88a5150fd1
Actor_16/03-01-05-01-01-02-16.wav,16,angry,train,RAVDESS,acfa7555d100c6e117cc2413073e34a1394e066f
Actor_16/03-01-05-01-02-01-16.wav,16,angry,train,RAVDESS,e747a91d018c7321888f302cd1bf0c42bb7612ca
Actor_16/03-01-05-01-02-02-16.wav,16,angry,train,RAVDESS,615defe007b14709fba700ebd1e24c5f6318fc03
Actor_16/03-01-05-02-01-01-16.wav,16,angry,train,RAVDESS,ca0214307695cad11abdfb8759546b6145bab796
Actor_16/03-01-05-02-01-02-16.wav,16,angry,train,RAVDESS,455fb8ced59dc70c5e50e977fc5ffaeb1a761812
Actor_16/03-01-05-02-02-01-16.wav,16,angry,train,RAVDESS,1897f57cccbd1b2608a6b9a671c5c1699372e462
Actor_16/03-01-05-02-02-02-16.wav,16,angry,train,RAVDESS,33f145bf4165849a61a381ae66f7c48f362b1444
Actor_16/03-01-06-01-01-01-16.wav,16,fear,train,RAVDESS,e8add5f60397d6fab906ed462295ee85238cf217
Actor_16/03-01-06-01-01-02-16.wav,16,fear,train,RAVDESS,ae3621c21f31d6d7b7d34d47eb097359ef9716ea
Actor_16/03-01-06-01-02-01-16.wav,16,fear,train,RAVDESS,a3d113ef7bab4e813d60db1522a26bc0b1c7bb0e
Actor_16/03-01-06-01-02-02-16.wav,16,fear,train,RAVDESS,1c419b14514f08ae2c53e8a610e80b988689029c
Actor_16/03-01-06-02-01-01-16.wav,16,fear,train,RAVDESS,82d6caace6f61c375ebcdf007da58ac5294111fa
Actor_16/03-01-06-02-01-02-16.wav,16,fear,train,RAVDESS,7e41e57c8cd2ecc3464150b0cbef9d7f22c8b900
Actor_16/03-01-06-02-02-01-16.wav,16,fear,train,RAVDESS,3605124f56ab83bae43fe5529e194098a864200f
Actor_16/03-01-06-02-02-02-16.wav,16,fear,train,RAVDESS,f40f5c8bc1aaa5dc56a05d835bfcf972a266d564
Actor_16/03-01-07-01-01-01-16.wav,16,disgust,train,RAVDESS,54ba7f7f9395f42447412d7d3843b2a9b95fbf8e
Actor_16/03-01-07-01-01-02-16.wav,16,disgust,train,RAVDESS,6c39f33e4bb8ca8e571f67c1ecd77fa304f98b1b
Actor_16/03-01-07-01-02-01-16.wav,16,disgust,train,RAVDESS,19af995ab6d711ece321184fb4666c4e557fc4d0
Actor_16/03-01-07-01-02-02-16.wav,16,disgust,train,RAVDESS,8b763b2a62e8e7e0e1a82380016cf8a639dcb1c0
Actor_16/03-01-07-02-01-01-16.wav,16,disgust,train,RAVDESS,73a2db5270fcda50bc5398a726fa6be1fdd776b4
Actor_16/03-01-07-02-01-02-16.wav,16,disgust,train,RAVDESS,a0b6342d377da04e1e17b732f5e2350f9efc4d2c
Actor_16/03-01-07-02-02-01-16.wav,16,disgust,train,RAVDESS,dc657166e436d1623d51c408890b20dcc93aca55
Actor_16/03-01-07-02-02-02-16.wav,16,disgust,train,RAVDESS,f829b734d8d2ee7b6d950bae9dcdf3def27ae89a
Actor_16/03-01-08-01-01-01-16.wav,16,surprise,train,RAVDESS,f911091ce978aa8e1c0a4c53a06e654d8c1cda7c
Actor_16/03-01-08-01-01-02-16.wav,16,surprise,train,RAVDESS,a78a77bff1c7b1551e5132d6c19467a365a9918b
Actor_16/03-01-08-01-02-01-16.wav,16,surprise,train,RAVDESS,225ac3a578de25fe8d2cea55c8e0a562248649ba
Actor_16/03-01-08-01-02-02-16.wav,16,surprise,train,RAVDESS,2e37458e7f262ea97827d394133604f04a913327
Actor_16/03-01-08-02-01-01-16.wav,16,surprise,train,RAVDESS,cb8c1e63ff72d3a1da173cdd82f3ee21f89c427d
Actor_16/03-01-08-02-01-02-16.wav,16,surprise,train,RAVDESS,ab7855fa6a83346f706d756acd674d45e87ac88b
Actor_16/03-01-08-02-02-01-16.wav,16,surprise,train,RAVDESS,9b5e4e14119f49f0ec6e8d15b08483de5dda5d8a
Actor_16/03-01-08-02-02-02-16.wav,16,surprise,train,RAVDESS,2d17bf614eb6fd1b0716c0fd5ef5c09297ebc2b0
Actor_17/03-01-01-01-01-01-17.wav,17,neutral,validation,RAVDESS,5d0aef7fbd07fec0c2b1e4610be2abf21e665b99
Actor_17/03-01-01-01-01-02-17.wav,17,neutral,validation,RAVDESS,955c10ed5114f63c69177b550ef18628e3f7cb93
Actor_17/03-01-01-01-02-01-17.wav,17,neutral,validation,RAVDESS,eaf1fc27e7dbac1232e94139701e265b63a1d8f9
Actor_17/03-01-01-01-02-02-17.wav,17,neutral,validation,RAVDESS,6e42b7a8a120d66160dda9651645639a18978785
Actor_17/03-01-02-01-01-01-17.wav,17,neutral,validation,RAVDESS,0cefba029f17212192901b08b32e47a89878832e
Actor_17/03-01-02-01-01-02-17.wav,17,neutral,validation,RAVDESS,b37c2dcfe1294c5bdb0ad92b7a5355d2c4eda28e
Actor_17/03-01-02-01-02-01-17.wav,17,neutral,validation,RAVDESS,d99254f7abdd08ea63a53be00a11b013bffe11a2
Actor_17/03-01-02-01-02-02-17.wav,17,neutral,validation,RAVDESS,da3152c187fef3f4420e267358c7c3aef904f56b
Actor_17/03-01-02-02-01-01-17.wav,17,neutral,validation,RAVDESS,0f4c63b1e37665d5200103e03bd542780e3b33fd
Actor_17/03-01-02-02-01-02-17.wav,17,neutral,validation,RAVDESS,623125d4f3abf93e9fc78b01b38e9faa3d25caec
Actor_17/03-01-02-02-02-01-17.wav,17,neutral,validation,RAVDESS,bb89ba684acdb10aa589fdf6bab67faf22d0e1fb
Actor_17/03-01-02-02-02-02-17.wav,17,neutral,validation,RAVDESS,9af9a88b35811f39d68f5775347f3e70151131a6
Actor_17/03-01-03-01-01-01-17.wav,17,happy,validation,RAVDESS,756157765aba72a9e8717f9229757861ea373b00
Actor_17/03-01-03-01-01-02-17.wav,17,happy,validation,RAVDESS,8ea1606ad66180fea0206c7e40a1716851165d90
Actor_17/03-01-03-01-02-01-17.wav,17,happy,validation,RAVDESS,46dc0fe4bafbe41351fb7dc397c213ab0b563fa9
Actor_17/03-01-03-01-02-02-17.wav,17,happy,validation,RAVDESS,05839864e9b3d392b8ae43484b4d011832625ea9
Actor_17/03-01-03-02-01-01-17.wav,17,happy,validation,RAVDESS,05828e59125f38e4c0b1b1ffb7fce1c9d46699eb
Actor_17/03-01-03-02-01-02-17.wav,17,happy,validation,RAVDESS,f809baccb9c71c0b4cfc23d9354f45edbcf915fe
Actor_17/03-01-03-02-02-01-17.wav,17,happy,validation,RAVDESS,63e51f8211c141e25ecbe90a89ccca125b54048d
Actor_17/03-01-03-02-02-02-17.wav,17,happy,validation,RAVDESS,162e5f0e0bf2620f41cf88b20f8a103d90e06695
Actor_17/03-01-04-01-01-01-17.wav,17,sad,validation,RAVDESS,a500d2098d430df344347d991d0ac6564dad92a6
Actor_17/03-01-04-01-01-02-17.wav,17,sad,validation,RAVDESS,4a9ee450942bb393570d84f69dfd9d5ec050b39e
Actor_17/03-01-04-01-02-01-17.wav,17,sad,validation,RAVDESS,d4ce46b3111f242c7b72df3f56be957653127e29
Actor_17/03-01-04-01-02-02-17.wav,17,sad,validation,RAVDESS,faca45f19e35f7e4628fd8a64d868b2fc8eb2d3b
Actor_17/03-01-04-02-01-01-17.wav,17,sad,validation,RAVDESS,9a58557d42f4fe1f906289e71fa8e27a1267cf7d
Actor_17/03-01-04-02-01-02-17.wav,17,sad,validation,RAVDESS,63935fa1c1a652c569edb87800b73b6d0785ae6c
Actor_17/03-01-04-02-02-01-17.wav,17,sad,validation,RAVDESS,24d84da3ce8340226136d224a69a8aa8118cd5f8
Actor_17/03-01-04-02-02-02-17.wav,17,sad,validation,RAVDESS,f7de149a4475f96905f538b39c376f5b8b8ac283
Actor_17/03-01-05-01-01-01-17.wav,17,angry,validation,RAVDESS,ce086739e1cf99dfed951118411b4a32cceb5821
Actor_17/03-01-05-01-01-02-17.wav,17,angry,validation,RAVDESS,17c815dd4959a6354886cf5bbfa126f3d7360ea0
Actor_17/03-01-05-01-02-01-17.wav,17,angry,validation,RAVDESS,0e9ec457feb186b130950764beefc1315b634aff
Actor_17/03-01-05-01-02-02-17.wav,17,angry,validation,RAVDESS,239059b6c6b304e97f0e9f6a5ba8f7b9f6f377aa
Actor_17/03-01-05-02-01-01-17.wav,17,angry,validation,RAVDESS,9a892a36c853c8c499be9264015d7faa5dfb42c5
Actor_17/03-01-05-02-01-02-17.wav,17,angry,validation,RAVDESS,72a35b70810e24006c9fe097a59bee3bae6ef2ca
Actor_17/03-01-05-02-02-01-17.wav,17,angry,validation,RAVDESS,a8100375c160b0255c79fad8922dbc2a9b2063d8
Actor_17/03-01-05-02-02-02-17.wav,17,angry,validation,RAVDESS,31232c2d658201e1c83121379dcfb432592e8fa6
Actor_17/03-01-06-01-01-01-17.wav,17,fear,validation,RAVDESS,01f588e367dfa2e6c46e16013e4f09922205e9b8
Actor_17/03-01-06-01-01-02-17.wav,17,fear,validation,RAVDESS,e4cc286ed27565eff5db6e08049dcdab0766d397
Actor_17/03-01-06-01-02-01-17.wav,17,fear,validation,RAVDESS,b5114f7eb4bdb897b8eb3a06b969e0763d56288c
Actor_17/03-01-06-01-02-02-17.wav,17,fear,validation,RAVDESS,5ebb4c8305cce8070a8bd6801e146732ba3d81a6
Actor_17/03-01-06-02-01-01-17.wav,17,fear,validation,RAVDESS,9c8debb35a75de10cc454f77256d8719e3f335ea
Actor_17/03-01-06-02-01-02-17.wav,17,fear,validation,RAVDESS,a01f961e59f9d6d45f1c6a1a5a487e3d283c0e0c
Actor_17/03-01-06-02-02-01-17.wav,17,fear,validation,RAVDESS,6a45b362dcd8e63a02c8941dd13fa45eb2cf6c03
Actor_17/03-01-06-02-02-02-17.wav,17,fear,validation,RAVDESS,091bd23047a71bd7b0b97a3fee347cb4426db776
Actor_17/03-01-07-01-01-01-17.wav,17,disgust,validation,RAVDESS,3f8bf58a1cee1363d0aef213276c7dfe318562c9
Actor_17/03-01-07-01-01-02-17.wav,17,disgust,validation,RAVDESS,d63b7942ca45f7bbf63e4197971e056d08d68b65
Actor_17/03-01-07-01-02-01-17.wav,17,disgust,validation,RAVDESS,0f130b4792288cf67c58a7b79c3c19682215324e
Actor_17/03-01-07-01-02-02-17.wav,17,disgust,validation,RAVDESS,e9f680e976a21faddfa11c80a239921c785a73ef
Actor_17/03-01-07-02-01-01-17.wav,17,disgust,validation,RAVDESS,37757640f686b66ebedb791ef5563368dbe3afba
Actor_17/03-01-07-02-01-02-17.wav,17,disgust,validation,RAVDESS,614062283d1838c9eac91737b402ad82627a64ed
Actor_17/03-01-07-02-02-01-17.wav,17,disgust,validation,RAVDESS,7c7813dbac2a5e5a46684da1148624b4a7b9112f
Actor_17/03-01-07-02-02-02-17.wav,17,disgust,validation,RAVDESS,09b762ebb83854feb123ab3b4322e65d7c4b8465
Actor_17/03-01-08-01-01-01-17.wav,17,surprise,validation,RAVDESS,6986b8d57a8acfcc244ab4a6e12ffd92bcd05c87
Actor_17/03-01-08-01-01-02-17.wav,17,surprise,validation,RAVDESS,9113aa0a503c75b6ee783fb7c4692a07e3ea8a91
Actor_17/03-01-08-01-02-01-17.wav,17,surprise,validation,RAVDESS,16f1a7dc4a3d83c765e04a32d8952a16cc717b1b
Actor_17/03-01-08-01-02-02-17.wav,17,surprise,validation,RAVDESS,864dfb76ff263b65deefba4aa887efbc280e8994
Actor_17/03-01-08-02-01-01-17.wav,17,surprise,validation,RAVDESS,74c5e8d23133f490b43fb3e1fb1cfe899a72116f
Actor_17/03-01-08-02-01-02-17.wav,17,surprise,validation,RAVDESS,7c910ee3b3f9d62d5f167e72ae7bd3e44c9cc0b8
Actor_17/03-01-08-02-02-01-17.wav,17,surprise,validation,RAVDESS,544d0021f1cee897eaf6659e7bb4b0a72d0c83bd
Actor_17/03-01-08-02-02-02-17.wav,17,surprise,validation,RAVDESS,6e95d4277d24a58a078b02eb4a4b1d36e086108a
Actor_18/03-01-01-01-01-01-18.wav,18,neutral,validation,RAVDESS,71adfdb6570db6b9972b7a8e45bc636c295ff74e
Actor_18/03-01-01-01-01-02-18.wav,18,neutral,validation,RAVDESS,31a422532e330be6771c0c6d7e28aea08ca8d065
Actor_18/03-01-01-01-02-01-18.wav,18,neutral,validation,RAVDESS,e85ad8467d017e68cb1b3ded00b887bd15f5d0a7
Actor_18/03-01-01-01-02-02-18.wav,18,neutral,validation,RAVDESS,f829ceeefa41a022f68647c96625ed867ed3c2e5
Actor_18/03-01-02-01-01-01-18.wav,18,neutral,validation,RAVDESS,996bf5f9f1bdd4df5651480276dae9dabd2bdade
Actor_18/03-01-02-01-01-02-18.wav,18,neutral,validation,RAVDESS,848f29f96cd6fe4be37f57e7d2a190514232dab9
Actor_18/03-01-02-01-02-01-18.wav,18,neutral,validation,RAVDESS,4be183678e94773cfe24ce2032cc6dcca8b8f03f
Actor_18/03-01-02-01-02-02-18.wav,18,neutral,validation,RAVDESS,135400bc400f43d9379ed3376f8ab577db9fe278
Actor_18/03-01-02-02-01-01-18.wav,18,neutral,validation,RAVDESS,ea7994c34e2590292094c45bf3b4ca44e027454d
Actor_18/03-01-02-02-01-02-18.wav,18,neutral,validation,RAVDESS,11c8feb3286cc459002701098e460609e83505bb
Actor_18/03-01-02-02-02-01-18.wav,18,neutral,validation,RAVDESS,11dbab1d4292c671b83162f9ed5f51c0fe2fdb1c
Actor_18/03-01-02-02-02-02-18.wav,18,neutral,validation,RAVDESS,825b606eea22b89fb7a3a72399790fc9b228b67d
Actor_18/03-01-03-01-01-01-18.wav,18,happy,validation,RAVDESS,df58cf18b60ec67d91f14627ec11fec635d1f8af
Actor_18/03-01-03-01-01-02-18.wav,18,happy,validation,RAVDESS,9b154f33adf7e618d1d8445e5ea303639a18ab58
Actor_18/03-01-03-01-02-01-18.wav,18,happy,validation,RAVDESS,cd0decb7fc3f69b16af4688ea19c878f1f98fcc0
Actor_18/03-01-03-01-02-02-18.wav,18,happy,validation,RAVDESS,bfbf01cd1eccd9ff6d458824d57c75107edd478a
Actor_18/03-01-03-02-01-01-18.wav,18,happy,validation,RAVDESS,7897697ac99310e1a864d723acb9df88f79c3336
Actor_18/03-01-03-02-01-02-18.wav,18,happy,validation,RAVDESS,d5911394d4cbaef0e816aa71b297e6d878714bc1
Actor_18/03-01-03-02-02-01-18.wav,18,happy,validation,RAVDESS,1a3c0ac83b106e34141c5965ad1b244428e4b486
Actor_18/03-01-03-02-02-02-18.wav,18,happy,validation,RAVDESS,3232142ecda97e418f6c68cb10fb497db4c43d18
Actor_18/03-01-04-01-01-01-18.wav,18,sad,validation,RAVDESS,4a2556067287c74b51ab1e5a7a7ce5bb9c69a9dc
Actor_18/03-01-04-01-01-02-18.wav,18,sad,validation,RAVDESS,c2472375b2c28b89ee480a68232631e16cd16cf3
Actor_18/03-01-04-01-02-01-18.wav,18,sad,validation,RAVDESS,4f2571db2b80526a811b9a2e9bded2e2e167fbcf
Actor_18/03-01-04-01-02-02-18.wav,18,sad,validation,RAVDESS,9d5a27cbb0f024c84ce97c4b5e40386dbba1006e
Actor_18/03-01-04-02-01-01-18.wav,18,sad,validation,RAVDESS,e901fb12ff4b518f471124854c9a95e8a66c2b26
Actor_18/03-01-04-02-01-02-18.wav,18,sad,validation,RAVDESS,ca6e56e21f569698114dba42f7cd6972d18d6495
Actor_18/03-01-04-02-02-01-18.wav,18,sad,validation,RAVDESS,99009b4fdda73cfbf6e0318389c59f2c9117773a
Actor_18/03-01-04-02-02-02-18.wav,18,sad,validation,RAVDESS,b6122aed6781b71dd9871e14e98efc12e42a8d68
Actor_18/03-01-05-01-01-01-18.wav,18,angry,validation,RAVDESS,36825e7fff6336e6ea78fe3acae2524677ecfa26
Actor_18/03-01-05-01-01-02-18.wav,18,angry,validation,RAVDESS,ec265a5628a7fd489787d1f6e8e8d650824aba8f
Actor_18/03-01-05-01-02-01-18.wav,18,angry,validation,RAVDESS,2b060e30f8fbc66eeb8cfcd552be42fa97178678
Actor_18/03-01-05-01-02-02-18.wav,18,angry,validation,RAVDESS,2690004e1e0127f4efe4adcdda7d7fd062337d89
Actor_18/03-01-05-02-01-01-18.wav,18,angry,validation,RAVDESS,866df5e4f0e58286b388cb25111cda338fb066e5
Actor_18/03-01-05-02-01-02-18.wav,18,angry,validation,RAVDESS,2852399747e64e7605fce63ea153d1fb03666e8b
Actor_18/03-01-05-02-02-01-18.wav,18,angry,validation,RAVDESS,44752bd7665365670368c1e298acaf0d1dccecb7
Actor_18/03-01-05-02-02-02-18.wav,18,angry,validation,RAVDESS,faffb7175598d126e6ad24cf084cd1cc493f79bd
Actor_18/03-01-06-01-01-01-18.wav,18,fear,validation,RAVDESS,df04257537f7cd309830b8fb4cf947786ca0f6e4
Actor_18/03-01-06-01-01-02-18.wav,18,fear,validation,RAVDESS,91052eded4c09a2a51fa6261bdcab9ea89497e32
Actor_18/03-01-06-01-02-01-18.wav,18,fear,validation,RAVDESS,266bfdc6a917535ee9cf62e539074f8826351dc4
Actor_18/03-01-06-01-02-02-18.wav,18,fear,validation,RAVDESS,70f46f59f1f46a6bd8999afba50716bb3bafa5c8
Actor_18/03-01-06-02-01-01-18.wav,18,fear,validation,RAVDESS,e49f3de933b074448379bf58350cef8907455797
Actor_18/03-01-06-02-01-02-18.wav,18,fear,validation,RAVDESS,d330b45f09d830e28d1768e35b14ed00a47d8297
Actor_18/03-01-06-02-02-01-18.wav,18,fear,validation,RAVDESS,79980a05f91baefcedfddfe767d9da2672a6d4fd
Actor_18/03-01-06-02-02-02-18.wav,18,fear,validation,RAVDESS,a2314551845fab837b1e67ac585aca9532efe590
Actor_18/03-01-07-01-01-01-18.wav,18,disgust,validation,RAVDESS,9d873efade9bc7bbc21d58cb307e16e34917c973
Actor_18/03-01-07-01-01-02-18.wav,18,disgust,validation,RAVDESS,a64c2a23f3c89e40f171496d122cd6346150ca8f
Actor_18/03-01-07-01-02-01-18.wav,18,disgust,validation,RAVDESS,18dd00b4d58609f439e7a534ce0dad6a45ce5f1c
Actor_18/03-01-07-01-02-02-18.wav,18,disgust,validation,RAVDESS,58f8d0767b10c3062a38f197981606ac1742e24e
Actor_18/03-01-07-02-01-01-18.wav,18,disgust,validation,RAVDESS,9811b1a8d85e8468ca2b4f73a0c900d47f38763f
Actor_18/03-01-07-02-01-02-18.wav,18,disgust,validation,RAVDESS,4550625fdcb5ce170bed6751fcde7b98fd615069
Actor_18/03-01-07-02-02-01-18.wav,18,disgust,validation,RAVDESS,73dfaa40a6d4c52ed80905083c56d88a8b98ef44
Actor_18/03-01-07-02-02-02-18.wav,18,disgust,validation,RAVDESS,518708af55a6754662f47c6d492557332832057b
Actor_18/03-01-08-01-01-01-18.wav,18,surprise,validation,RAVDESS,65dc21ac79e1547d10d549ae09c860304f9ebe1f
Actor_18/03-01-08-01-01-02-18.wav,18,surprise,validation,RAVDESS,a3fd124f5e69cf2f819f1e29e5b30c88bf8d0394
Actor_18/03-01-08-01-02-01-18.wav,18,surprise,validation,RAVDESS,3c6c9e033ddc8f4c289f51ad8655c44d57261974
Actor_18/03-01-08-01-02-02-18.wav,18,surprise,validation,RAVDESS,71b3c4a7d35ed766d47257ab0f166f5262973019
Actor_18/03-01-08-02-01-01-18.wav,18,surprise,validation,RAVDESS,e7e5c73a852473acbad7b1787c4201bfb5a0e9d1
Actor_18/03-01-08-02-01-02-18.wav,18,surprise,validation,RAVDESS,3c8e2669dc287571c9cfd1394a7611738395c992
Actor_18/03-01-08-02-02-01-18.wav,18,surprise,validation,RAVDESS,b5579a4d0e4d9446521be9000d9918e7ede3cfdb
Actor_18/03-01-08-02-02-02-18.wav,18,surprise,validation,RAVDESS,d41a1a46ef83a5612c83456b498e4f307b8b3337
Actor_19/03-01-01-01-01-01-19.wav,19,neutral,validation,RAVDESS,f1d12a1a48001df868e60e75b3c9917db8ddcf17
Actor_19/03-01-01-01-01-02-19.wav,19,neutral,validation,RAVDESS,0ce44cb3b4e4ce259455884d8c5167d84fca4050
Actor_19/03-01-01-01-02-01-19.wav,19,neutral,validation,RAVDESS,691d67124e5b46a1d3ea153b1ec97cb3ae8ea823
Actor_19/03-01-01-01-02-02-19.wav,19,neutral,validation,RAVDESS,11f6d51f67e6320466003217b5843f0bdfbbad2a
Actor_19/03-01-02-01-01-01-19.wav,19,neutral,validation,RAVDESS,9b1349e43ab0ac4c0b829b2f5f0085e5e1c36aef
Actor_19/03-01-02-01-01-02-19.wav,19,neutral,validation,RAVDESS,cf9f0c0e160a9a6296608f5e6c353c1218598643
Actor_19/03-01-02-01-02-01-19.wav,19,neutral,validation,RAVDESS,37819237c2c66e2fe06dfade2c3ebec60b56c76c
Actor_19/03-01-02-01-02-02-19.wav,19,neutral,validation,RAVDESS,e57600c999fb2beda15823f08a531c90be26219f
Actor_19/03-01-02-02-01-01-19.wav,19,neutral,validation,RAVDESS,3e406c65d7d4cf04602fceaa757a55952b80a589
Actor_19/03-01-02-02-01-02-19.wav,19,neutral,validation,RAVDESS,4a4fbc67e1097364e9d24eb2b27fc042fa2bf8c4
Actor_19/03-01-02-02-02-01-19.wav,19,neutral,validation,RAVDESS,ce714450632cdcc44f391a62b1b12fa2822000a9
Actor_19/03-01-02-02-02-02-19.wav,19,neutral,validation,RAVDESS,7cff3b7852ca5809dc73280ab9c3215fd87fa6a3
Actor_19/03-01-03-01-01-01-19.wav,19,happy,validation,RAVDESS,ae598d0be21c442b6032f0c4201d9f2bba115507
Actor_19/03-01-03-01-01-02-19.wav,19,happy,validation,RAVDESS,6dcb91b2983ebb3810f2652f5b2377d2d6b2434f
Actor_19/03-01-03-01-02-01-19.wav,19,happy,validation,RAVDESS,d3c3919563f44ceb8ed56bacd8b05e701643b0d9
Actor_19/03-01-03-01-02-02-19.wav,19,happy,validation,RAVDESS,3f206a14c57b71a6ada8a67fd46e767d2ba45de9
Actor_19/03-01-03-02-01-01-19.wav,19,happy,validation,RAVDESS,bfb264cfab7fc1f22d2c9e571a0e66c2274ebb4b
Actor_19/03-01-03-02-01-02-19.wav,19,happy,validation,RAVDESS,31820616c9de68e601904e8faf92e0bda62f5a11
Actor_19/03-01-03-02-02-01-19.wav,19,happy,validation,RAVDESS,60d74a3ce5844e1b53c02a18ae013f0940cf6799
Actor_19/03-01-03-02-02-02-19.wav,19,happy,validation,RAVDESS,e0b28e12261f3898761737dd9ec9a34d7d10e3ef
Actor_19/03-01-04-01-01-01-19.wav,19,sad,validation,RAVDESS,8ae7ea205c882f624f02066e4f88c419f8dc94ec
Actor_19/03-01-04-01-01-02-19.wav,19,sad,validation,RAVDESS,7dd344c6ade9123e3763ed80a3529536828b1393
Actor_19/03-01-04-01-02-01-19.wav,19,sad,validation,RAVDESS,ea5bce0620d5bc9f0b14060d25a11dd43fddc0f8
Actor_19/03-01-04-01-02-02-19.wav,19,sad,validation,RAVDESS,cad4f7871cd77e3c9ae3a743f5e2d9857b7c8005
Actor_19/03-01-04-02-01-01-19.wav,19,sad,validation,RAVDESS,7257a24f5f93fe8c4392244fc4686423070e1e13
Actor_19/03-01-04-02-01-02-19.wav,19,sad,validation,RAVDESS,b40f88d3396d2b2683ddee14598e141cb925d766
Actor_19/03-01-04-02-02-01-19.wav,19,sad,validation,RAVDESS,83abdac63a9b008852110dfe54577cea795bd20b
Actor_19/03-01-04-02-02-02-19.wav,19,sad,validation,RAVDESS,084bd1b42bc44f93e700c93a90b7800acf476dc8
Actor_19/03-01-05-01-01-01-19.wav,19,angry,validation,RAVDESS,5d79cfafa73d0c7286b5c45d04abb1d6dce7ffe2
Actor_19/03-01-05-01-01-02-19.wav,19,angry,validation,RAVDESS,4ab7604b923ac55b777ec5ca225e28f682767463
Actor_19/03-01-05-01-02-01-19.wav,19,angry,validation,RAVDESS,db77d01e65c674ddc2a74f677e7aa8c80ed62e9e
Actor_19/03-01-05-01-02-02-19.wav,19,angry,validation,RAVDESS,a6cde1326a7cd6d744319de39556df55d1c05b92
Actor_19/03-01-05-02-01-01-19.wav,19,angry,validation,RAVDESS,cbacf4b0d9caf2e97f58c44aaabe42cc1a7f88be
Actor_19/03-01-05-02-01-02-19.wav,19,angry,validation,RAVDESS,d1d935d3239d1cada8ccf776186bb69b47d9e64e
Actor_19/03-01-05-02-02-01-19.wav,19,angry,validation,RAVDESS,48b4109930adb07a080021e28f7d8613a53b03d3
Actor_19/03-01-05-02-02-02-19.wav,19,angry,validation,RAVDESS,f943026f4f504146a609c2307ee423ea6963f4ac
Actor_19/03-01-06-01-01-01-19.wav,19,fear,validation,RAVDESS,ec83fc80492764eb0d23241cf453eb8b6894d2de
Actor_19/03-01-06-01-01-02-19.wav,19,fear,validation,RAVDESS,e75460595f1e4743bf9799f0d80a2d19ee5c2fa5
Actor_19/03-01-06-01-02-01-19.wav,19,fear,validation,RAVDESS,7ff8baf5a16eb1286ed3b4ed1fc9cc9fbf43c93f
Actor_19/03-01-06-01-02-02-19.wav,19,fear,validation,RAVDESS,dd46b7438a38a6cba66f2dc59df2592c97401527
Actor_19/03-01-06-02-01-01-19.wav,19,fear,validation,RAVDESS,8635f85b539ff7fdd0345b30b5073e601974a95a
Actor_19/03-01-06-02-01-02-19.wav,19,fear,validation,RAVDESS,021759727599115d6460061fc0815146b6ff2229
Actor_19/03-01-06-02-02-01-19.wav,19,fear,validation,RAVDESS,2277d2ab41c7a490c8f011d0595b0d47a3316666
Actor_19/03-01-06-02-02-02-19.wav,19,fear,validation,RAVDESS,14795706c7425d9bafe50805a9e8588eb54d7c95
Actor_19/03-01-07-01-01-01-19.wav,19,disgust,validation,RAVDESS,0c85fb848b66b2da1a6c9cf4b63856498fa7581b
Actor_19/03-01-07-01-01-02-19.wav,19,disgust,validation,RAVDESS,7068c86d7c23515d9f95e85affce55cfcda0fe29
Actor_19/03-01-07-01-02-01-19.wav,19,disgust,validation,RAVDESS,6d12afc6c8dfa3e578987a107461e25e62f7e071
Actor_19/03-01-07-01-02-02-19.wav,19,disgust,validation,RAVDESS,1803e1eadced6984f827d042e2a34727d3f1bb02
Actor_19/03-01-07-02-01-01-19.wav,19,disgust,validation,RAVDESS,2ae2f69fbddb9c06a0868e864c8122f27245cfc4
Actor_19/03-01-07-02-01-02-19.wav,19,disgust,validation,RAVDESS,e1acfd9b3bdf1882ab804ce45db5e91be4f25ab0
Actor_19/03-01-07-02-02-01-19.wav,19,disgust,validation,RAVDESS,1c3cdf7bc373364304708e083458a8c3aad4c7ce
Actor_19/03-01-07-02-02-02-19.wav,19,disgust,validation,RAVDESS,1a9fb7b1ac1c2a0f75e6b2bd6b794d1bebcdba3e
Actor_19/03-01-08-01-01-01-19.wav,19,surprise,validation,RAVDESS,51622a763688ea1805068260418194d2e05cb47a
Actor_19/03-01-08-01-01-02-19.wav,19,surprise,validation,RAVDESS,9829daf3729a9d516eabf4b15ea43d4caf8bfa57
Actor_19/03-01-08-01-02-01-19.wav,19,surprise,validation,RAVDESS,9de1ac78b0372015eab994ec2bc663d3cf26e113
Actor_19/03-01-08-01-02-02-19.wav,19,surprise,validation,RAVDESS,5f69d7abedbe355b537c5d3d4b50ca2778466607
Actor_19/03-01-08-02-01-01-19.wav,19,surprise,validation,RAVDESS,e1696fbf5ccdfed1860c145fa18d40be18d012f5
Actor_19/03-01-08-02-01-02-19.wav,19,surprise,validation,RAVDESS,1b505e6fec894e4381cef3c4ad5f60ef30be01c1
Actor_19/03-01-08-02-02-01-19.wav,19,surprise,validation,RAVDESS,3d8cac7e9e7f0657e787977719d9db5ba58b7699
Actor_19/03-01-08-02-02-02-19.wav,19,surprise,validation,RAVDESS,e7278c34acd8c7ff27f0b38bbd2e958639872d23
Actor_20/03-01-01-01-01-01-20.wav,20,neutral,validation,RAVDESS,7e5aef404fa70ac1d3ac892a8186e91b9f3e2917
Actor_20/03-01-01-01-01-02-20.wav,20,neutral,validation,RAVDESS,70fe387884b3e1beb73faf5d690ef7a7bc7e4ced
Actor_20/03-01-01-01-02-01-20.wav,20,neutral,validation,RAVDESS,5f08f8fb30b12c803ecc098a3e6c8eb4b8b5fdef
Actor_20/03-01-01-01-02-02-20.wav,20,neutral,validation,RAVDESS,4ecdb2006c2bd15e2c669a688a4f5ed68d1a48e6
Actor_20/03-01-02-01-01-01-20.wav,20,neutral,validation,RAVDESS,3e40a3d061e5807cee44a4a0d3119f44566029ee
Actor_20/03-01-02-01-01-02-20.wav,20,neutral,validation,RAVDESS,31499799272fcfaafc4a97a04534502a0bb643f4
Actor_20/03-01-02-01-02-01-20.wav,20,neutral,validation,RAVDESS,75a392a3eb1e618850760474072bbb790491f6bd
Actor_20/03-01-02-01-02-02-20.wav,20,neutral,validation,RAVDESS,132f3d564d4ddc6e28099ffaf171dff0f22aae83
Actor_20/03-01-02-02-01-01-20.wav,20,neutral,validation,RAVDESS,78f82d247e8dc5c380343c41cfb77b2d75e51f21
Actor_20/03-01-02-02-01-02-20.wav,20,neutral,validation,RAVDESS,02503e9ee8db2cde6c306cbdb7cd97d885220202
Actor_20/03-01-02-02-02-01-20.wav,20,neutral,validation,RAVDESS,553d92ae5a2d234c861d6bc99076a1c584bad0c3
Actor_20/03-01-02-02-02-02-20.wav,20,neutral,validation,RAVDESS,6ea02c3bed3ff8e7510b273c999d206da66583fd
Actor_20/03-01-03-01-01-01-20.wav,20,happy,validation,RAVDESS,c8233c18e889c59ceae3c847a0909bf13b3f8c8a
Actor_20/03-01-03-01-01-02-20.wav,20,happy,validation,RAVDESS,267fd845cbfaca1f330cd0ff03962cb789c58647
Actor_20/03-01-03-01-02-01-20.wav,20,happy,validation,RAVDESS,d1c0c97d9b162131fe56cd45f79c7b5e572ad9e5
Actor_20/03-01-03-01-02-02-20.wav,20,happy,validation,RAVDESS,9325bb62de412baaeab458e3342ef71215530bf3
Actor_20/03-01-03-02-01-01-20.wav,20,happy,validation,RAVDESS,014dff58a7384d5d5f81030726f4d4581bb664c8
Actor_20/03-01-03-02-01-02-20.wav,20,happy,validation,RAVDESS,2ad18470f8c3fb1d16a835f17233097681258b33
Actor_20/03-01-03-02-02-01-20.wav,20,happy,validation,RAVDESS,eb3bd02694b4ebecb3b96ad05b3246fa7e224583
Actor_20/03-01-03-02-02-02-20.wav,20,happy,validation,RAVDESS,3f91034574c4bced7c6a527d16252d2ed3dc715d
Actor_20/03-01-04-01-01-01-20.wav,20,sad,validation,RAVDESS,624dd7977a65beb7caa63b0fbbcdd4bc6b6f85b2
Actor_20/03-01-04-01-01-02-20.wav,20,sad,validation,RAVDESS,72413aad87a57c9a4700d315fb6f6ac8328ef303
Actor_20/03-01-04-01-02-01-20.wav,20,sad,validation,RAVDESS,a86952924d899899c8e0bb3cded632b352277258
Actor_20/03-01-04-01-02-02-20.wav,20,sad,validation,RAVDESS,b9b459f870ece3ab309d77d7dd29757de8ca4619
Actor_20/03-01-04-02-01-01-20.wav,20,sad,validation,RAVDESS,1a62f927cce8f519a20b413e288b6ddf392478c0
Actor_20/03-01-04-02-01-02-20.wav,20,sad,validation,RAVDESS,906db2b4ae1c9ec17e336f78b614f3ea70d1e133
Actor_20/03-01-04-02-02-01-20.wav,20,sad,validation,RAVDESS,bc2bdf9d33f99cae5b37edbda86747ba4fe114ff
Actor_20/03-01-04-02-02-02-20.wav,20,sad,validation,RAVDESS,7657354a804fe7e2fec26f2f64ce576a3e8ce095
Actor_20/03-01-05-01-01-01-20.wav,20,angry,validation,RAVDESS,fb92e644040e6e7ff4d8457e5b50b4d998e30bab
Actor_20/03-01-05-01-01-02-20.wav,20,angry,validation,RAVDESS,f125541087f9ae5f58c2db4a89f2cec22bb8a29e
Actor_20/03-01-05-01-02-01-20.wav,20,angry,validation,RAVDESS,9aa0485e5cf70e76d7698e753fa7ee8fc5fa4091
Actor_20/03-01-05-01-02-02-20.wav,20,angry,validation,RAVDESS,2e3388c47ede1217a927e01dd4beb2c4ba24d0be
Actor_20/03-01-05-02-01-01-20.wav,20,angry,validation,RAVDESS,790c14ebd50633556061e2fff079160b813576dc
Actor_20/03-01-05-02-01-02-20.wav,20,angry,validation,RAVDESS,b402e493b08d7928810245eba32c181f33430b57
Actor_20/03-01-05-02-02-01-20.wav,20,angry,validation,RAVDESS,066a8abee500e327d1f1c700dbfc7780ccf94167
Actor_20/03-01-05-02-02-02-20.wav,20,angry,validation,RAVDESS,b8b5f0142d58eed52d34a86b9266145798f20b1d
Actor_20/03-01-06-01-01-01-20.wav,20,fear,validation,RAVDESS,fff576285ea1bbb731a8a704f0702e7255eaa15f
Actor_20/03-01-06-01-01-02-20.wav,20,fear,validation,RAVDESS,9493bd1d3021c705a972e35723db66e7b14c5729
Actor_20/03-01-06-01-02-01-20.wav,20,fear,validation,RAVDESS,58e54f0fb7093d2d8637e4e2b4f726407631e254
Actor_20/03-01-06-01-02-02-20.wav,20,fear,validation,RAVDESS,73be5f933c7339e725fa5aa060c06c53ed971988
Actor_20/03-01-06-02-01-01-20.wav,20,fear,validation,RAVDESS,2b3d6426b10438fae7021a754306047b2303e1ff
Actor_20/03-01-06-02-01-02-20.wav,20,fear,validation,RAVDESS,7805ee1240e6d9552e655a6af515e1759d7154b1
Actor_20/03-01-06-02-02-01-20.wav,20,fear,validation,RAVDESS,737ee7d4ca7dd8cf3b7c8a387bc65968f54927ef
Actor_20/03-01-06-02-02-02-20.wav,20,fear,validation,RAVDESS,a6c865d19e0359a9030b026398aebf5287d4a5f6
Actor_20/03-01-07-01-01-01-20.wav,20,disgust,validation,RAVDESS,99bb7fbb7c7702f56e8255d0a867691760444d7b
Actor_20/03-01-07-01-01-02-20.wav,20,disgust,validation,RAVDESS,07d9847bb44311b25a43d596350362d5a34c28b0
Actor_20/03-01-07-01-02-01-20.wav,20,disgust,validation,RAVDESS,c7fa5b077ae9bb9a8dd230a54447bedea174886d
Actor_20/03-01-07-01-02-02-20.wav,20,disgust,validation,RAVDESS,2da8eb152c1678058b0d629be01db9cd15e3a210
Actor_20/03-01-07-02-01-01-20.wav,20,disgust,validation,RAVDESS,6b19a000612f5bd0dad039dfdebcb352270e8035
Actor_20/03-01-07-02-01-02-20.wav,20,disgust,validation,RAVDESS,330e5f47f9d6d98ed1dd415bb197d6782a4335d1
Actor_20/03-01-07-02-02-01-20.wav,20,disgust,validation,RAVDESS,4cfc4d7dc546f43a1c22a0ed3960b321a963d625
Actor_20/03-01-07-02-02-02-20.wav,20,disgust,validation,RAVDESS,e452c0d9c5096d274b00cd3ad9524bc1db065567
Actor_20/03-01-08-01-01-01-20.wav,20,surprise,validation,RAVDESS,e51077f1be1bba204ac4c03bbf22da61b36f350d
Actor_20/03-01-08-01-01-02-20.wav,20,surprise,validation,RAVDESS,8ee8ffb8fb815ee3fb5b3ad8e0d67a6fa89801e7
Actor_20/03-01-08-01-02-01-20.wav,20,surprise,validation,RAVDESS,961eb659460fd9958b07e2faf0cdec065dabe631
Actor_20/03-01-08-01-02-02-20.wav,20,surprise,validation,RAVDESS,6f6f6a0527708bfa99bd69250291e3fc61d57277
Actor_20/03-01-08-02-01-01-20.wav,20,surprise,validation,RAVDESS,45631e6879115e7c291fca825361742910043317
Actor_20/03-01-08-02-01-02-20.wav,20,surprise,validation,RAVDESS,eb9762d5de5dfe3e7e972ad8499c2aac61072b03
Actor_20/03-01-08-02-02-01-20.wav,20,surprise,validation,RAVDESS,976304c8984d9c10396e38f0bcf7feeafef14a17
Actor_20/03-01-08-02-02-02-20.wav,20,surprise,validation,RAVDESS,cf6211801505bd63ba8e5feaf50abe1c81c25678
Actor_21/03-01-01-01-01-01-21.wav,21,neutral,test,RAVDESS,e3764637e750b6f235ac7f46ad3f96ff96e924d9
Actor_21/03-01-01-01-01-02-21.wav,21,neutral,test,RAVDESS,dcb7b9783007283420909f17e7233b1b31a70955
Actor_21/03-01-01-01-02-01-21.wav,21,neutral,test,RAVDESS,c60f818dc0d055265c1e98b37cfe93cd789ad1e2
Actor_21/03-01-01-01-02-02-21.wav,21,neutral,test,RAVDESS,53667a5422e8f7a54fcfe88cf2aa7a18a0f3dfd1
Actor_21/03-01-02-01-01-01-21.wav,21,neutral,test,RAVDESS,2e694dbd4bc8e24d1a8f710042559f2943acc995
Actor_21/03-01-02-01-01-02-21.wav,21,neutral,test,RAVDESS,ebf037d7b00b6be41ff1b2418c5720cb432e7ab2
Actor_21/03-01-02-01-02-01-21.wav,21,neutral,test,RAVDESS,b4cf2312229a652bc0829a09ab7c76ce034e98ed
Actor_21/03-01-02-01-02-02-21.wav,21,neutral,test,RAVDESS,f1820c7224c3c44d5c6e1bc99cb0bcd51f0d3076
Actor_21/03-01-02-02-01-01-21.wav,21,neutral,test,RAVDESS,1164425a888be1b2aefd9d53b11f78457079ef78
Actor_21/03-01-02-02-01-02-21.wav,21,neutral,test,RAVDESS,41ec4689ab1375907ebfea222ba7b557d5cff43f
Actor_21/03-01-02-02-02-01-21.wav,21,neutral,test,RAVDESS,34c14eac701f14e6330bc819e612b26fa9a9966e
Actor_21/03-01-02-02-02-02-21.wav,21,neutral,test,RAVDESS,6e58f2583b63be777f4819e8b3447fe8128da230
Actor_21/03-01-03-01-01-01-21.wav,21,happy,test,RAVDESS,712830907e1e16c3fe182fab7832a814af81db88
Actor_21/03-01-03-01-01-02-21.wav,21,happy,test,RAVDESS,5cfc5a49dd263d689bd48b70387afe5767839170
Actor_21/03-01-03-01-02-01-21.wav,21,happy,test,RAVDESS,19eadc0ad636bf04250c4d9f02a785333a183a4d
Actor_21/03-01-03-01-02-02-21.wav,21,happy,test,RAVDESS,6bfd5d2091f9c36e666a3675ccefc5ce9704e287
Actor_21/03-01-03-02-01-01-21.wav,21,happy,test,RAVDESS,716a4236efc2b9c05324b57017e8b63f96720b55
Actor_21/03-01-03-02-01-02-21.wav,21,happy,test,RAVDESS,049f810061fdabe0c4e629da1e968f8c717aa1bf
Actor_21/03-01-03-02-02-01-21.wav,21,happy,test,RAVDESS,912e526e3c7bed94a16c9c69427dceada8bb19a9
Actor_21/03-01-03-02-02-02-21.wav,21,happy,test,RAVDESS,041f755c60542a1122d69ab9356f620d1485495f
Actor_21/03-01-04-01-01-01-21.wav,21,sad,test,RAVDESS,921360f7305384d24ad5d8ec2e5cf8ce1e281d1f
Actor_21/03-01-04-01-01-02-21.wav,21,sad,test,RAVDESS,d40d218fcffa078442d82f954133da18ac854fc1
Actor_21/03-01-04-01-02-01-21.wav,21,sad,test,RAVDESS,b4b27c0a660c28bf5eeac483c63a99850d92a944
Actor_21/03-01-04-01-02-02-21.wav,21,sad,test,RAVDESS,a3ba014b52145fed84765bf5d7e691be3185933d
Actor_21/03-01-04-02-01-01-21.wav,21,sad,test,RAVDESS,79bef5136ad60c9d02ea28a9a5d0035eb4d9979c
Actor_21/03-01-04-02-01-02-21.wav,21,sad,test,RAVDESS,587bcb47225911114ea20b9091954423b2e4779f
Actor_21/03-01-04-02-02-01-21.wav,21,sad,test,RAVDESS,0bdac66c9fb4812497ed4771689a6bc129e40fe1
Actor_21/03-01-04-02-02-02-21.wav,21,sad,test,RAVDESS,f07cb02ded579b896f43656e5bfe7cadfcfaec8d
Actor_21/03-01-05-01-01-01-21.wav,21,angry,test,RAVDESS,98a8da62e11053c8a42682a762fcbba3662caae8
Actor_21/03-01-05-01-01-02-21.wav,21,angry,test,RAVDESS,bfa6879b483ca7a91c3aaf3a36a34711d531438c
Actor_21/03-01-05-01-02-01-21.wav,21,angry,test,RAVDESS,91699a737f7756b13413d6f7851ecd5818b05ad8
Actor_21/03-01-05-01-02-02-21.wav,21,angry,test,RAVDESS,6b90ce0d757d826f7b0f1013377848da7bee5773
Actor_21/03-01-05-02-01-01-21.wav,21,angry,test,RAVDESS,6448cf5188e2d06cecd0c04d9ed24feef9066b46
Actor_21/03-01-05-02-01-02-21.wav,21,angry,test,RAVDESS,3768fb447ad09d38d42646bef1880b20f2ff18b0
Actor_21/03-01-05-02-02-01-21.wav,21,angry,test,RAVDESS,060f2b4359001f904e8a2b05086476dfd1b59c6d
Actor_21/03-01-05-02-02-02-21.wav,21,angry,test,RAVDESS,86d81cd662599b0f216c8075bfb0f0bad6ff4094
Actor_21/03-01-06-01-01-01-21.wav,21,fear,test,RAVDESS,cfc82956197dbe5e135e4d9b37da95ddb96f62a0
Actor_21/03-01-06-01-01-02-21.wav,21,fear,test,RAVDESS,3005feabab9e7e0015a672b2339feed583a27ede
Actor_21/03-01-06-01-02-01-21.wav,21,fear,test,RAVDESS,17f0e8dc881e97be842cd3f9665e72c4a9d27a39
Actor_21/03-01-06-01-02-02-21.wav,21,fear,test,RAVDESS,2783026ea24354aba64a6b44ed345b82fe02c194
Actor_21/03-01-06-02-01-01-21.wav,21,fear,test,RAVDESS,5cba38dc58d6f63fdf1d48de4461297f0b06f2b7
Actor_21/03-01-06-02-01-02-21.wav,21,fear,test,RAVDESS,887f7576194af92f870f0c4fa0a0d3ccd868a03f
Actor_21/03-01-06-02-02-01-21.wav,21,fear,test,RAVDESS,5433b51118c588f1ae9b675524265150ccbf5841
Actor_21/03-01-06-02-02-02-21.wav,21,fear,test,RAVDESS,6be79794b25212ffe341397c3215514c57843c79
Actor_21/03-01-07-01-01-01-21.wav,21,disgust,test,RAVDESS,313f65dc70a63378d0b8e0bb9f5dc554d5bedb48
Actor_21/03-01-07-01-01-02-21.wav,21,disgust,test,RAVDESS,29c143c30f2a308746a340f4d484917a16666595
Actor_21/03-01-07-01-02-01-21.wav,21,disgust,test,RAVDESS,8535fd65ff0556713023dcc6351696e14e8afc99
Actor_21/03-01-07-01-02-02-21.wav,21,disgust,test,RAVDESS,c5fa69428259b6febb48ea3471def18019107166
Actor_21/03-01-07-02-01-01-21.wav,21,disgust,test,RAVDESS,b1ddef9889f0bff2df50eba8709be27537fb7cb2
Actor_21/03-01-07-02-01-02-21.wav,21,disgust,test,RAVDESS,99ff55e3669ff25e3dff7b81a60448d44fed9ce0
Actor_21/03-01-07-02-02-01-21.wav,21,disgust,test,RAVDESS,d15371eedefb1cb19f73d60687b23fb897c628b1
Actor_21/03-01-07-02-02-02-21.wav,21,disgust,test,RAVDESS,55abab0290575c860eaed325ea57781336ce2504
Actor_21/03-01-08-01-01-01-21.wav,21,surprise,test,RAVDESS,0f881385f667b2cfaa4c6e1bc6bea16ed33b1558
Actor_21/03-01-08-01-01-02-21.wav,21,surprise,test,RAVDESS,c2700d2c2c5e93df982c2b40eb10366cb639972f
Actor_21/03-01-08-01-02-01-21.wav,21,surprise,test,RAVDESS,e2359f5492cbfb889b2d6dc6c3eca93579326eb8
Actor_21/03-01-08-01-02-02-21.wav,21,surprise,test,RAVDESS,018e4caa583207faed1ad5d3cdb815868bfc6c63
Actor_21/03-01-08-02-01-01-21.wav,21,surprise,test,RAVDESS,26cfbca6ab8d89113695437a55a6de59188264a5
Actor_21/03-01-08-02-01-02-21.wav,21,surprise,test,RAVDESS,cf08aa4717bffc869e0a1a6f554095c6465c48d3
Actor_21/03-01-08-02-02-01-21.wav,21,surprise,test,RAVDESS,64d3910cdcfe4802f688c9b1b9c98300d451f887
Actor_21/03-01-08-02-02-02-21.wav,21,surprise,test,RAVDESS,075d9a84c852d953d038bbd2b04a5ee4ab0ccb13
Actor_22/03-01-01-01-01-01-22.wav,22,neutral,test,RAVDESS,b100baaecf92e86f4eaae643d5a996c224adafaf
Actor_22/03-01-01-01-01-02-22.wav,22,neutral,test,RAVDESS,de59a72dc5024f989655e75f40d3b94ea8837692
Actor_22/03-01-01-01-02-01-22.wav,22,neutral,test,RAVDESS,ff69747fbcd25a3d83719c27499131bf8aaa6764
Actor_22/03-01-01-01-02-02-22.wav,22,neutral,test,RAVDESS,7b0221545138bcd8025eed15f78f7074f06770c3
Actor_22/03-01-02-01-01-01-22.wav,22,neutral,test,RAVDESS,f6dea5e040fe974c6c244a2d770918a13de52a04
Actor_22/03-01-02-01-01-02-22.wav,22,neutral,test,RAVDESS,ae7ee4fe69adb1d0f571459aae988bdb69e08b82
Actor_22/03-01-02-01-02-01-22.wav,22,neutral,test,RAVDESS,f249545252fc06ed5391060531e9fd85b0dec741
Actor_22/03-01-02-01-02-02-22.wav,22,neutral,test,RAVDESS,a7206884c297859df93c7709257fcd0522e58705
Actor_22/03-01-02-02-01-01-22.wav,22,neutral,test,RAVDESS,668ab313100cebd339ce52bd9e99799f24d86b04
Actor_22/03-01-02-02-01-02-22.wav,22,neutral,test,RAVDESS,1e6c3b7fb855a21df5ae21eb67931b4edf2fb578
Actor_22/03-01-02-02-02-01-22.wav,22,neutral,test,RAVDESS,2f3ad63015159655204fd5189162ab3b3bb28591
Actor_22/03-01-02-02-02-02-22.wav,22,neutral,test,RAVDESS,77b20cf1078535747ef6c20803f25c8d99502b56
Actor_22/03-01-03-01-01-01-22.wav,22,happy,test,RAVDESS,c808730589fbe3156645f61d3e390d649cdae19f
Actor_22/03-01-03-01-01-02-22.wav,22,happy,test,RAVDESS,ace0b3e02c894ea329ab4d983d751b77dc5e6ed0
Actor_22/03-01-03-01-02-01-22.wav,22,happy,test,RAVDESS,b728920e0f72a2de0b520346498c0617c8b01a47
Actor_22/03-01-03-01-02-02-22.wav,22,happy,test,RAVDESS,63012f80ea930da10f0725b4db3af5b4910629fa
Actor_22/03-01-03-02-01-01-22.wav,22,happy,test,RAVDESS,506e069c01fc07850ee64c5ef8a8de52071b3073
Actor_22/03-01-03-02-01-02-22.wav,22,happy,test,RAVDESS,2c329ce7053de8bde1fb26d43588e50515d3e40a
Actor_22/03-01-03-02-02-01-22.wav,22,happy,test,RAVDESS,2e0e26dac7e3c51b962fc8501bdba82ff9dde70e
Actor_22/03-01-03-02-02-02-22.wav,22,happy,test,RAVDESS,2c7ae116a5642cc8257f2f5b05af465e92dd1725
Actor_22/03-01-04-01-01-01-22.wav,22,sad,test,RAVDESS,f09fad70d68ec87ed1f1ff667d1d6445aceec7b7
Actor_22/03-01-04-01-01-02-22.wav,22,sad,test,RAVDESS,dac91fe5f43eee5f84def065dd74756305f16044
Actor_22/03-01-04-01-02-01-22.wav,22,sad,test,RAVDESS,8685dbaf922c07d1f57eb4f30c855ae41715210f
Actor_22/03-01-04-01-02-02-22.wav,22,sad,test,RAVDESS,b1baf6c5a7d67b77b640b3fb0824dee9481be4ad
Actor_22/03-01-04-02-01-01-22.wav,22,sad,test,RAVDESS,dc94810948d797c07801131431555d129f3e46ad
Actor_22/03-01-04-02-01-02-22.wav,22,sad,test,RAVDESS,f36bd0740b702dd3d07239d90771ca7cb8d59c5b
Actor_22/03-01-04-02-02-01-22.wav,22,sad,test,RAVDESS,568a3e64f63001693b7c0f58a27f8a446e5b401e
Actor_22/03-01-04-02-02-02-22.wav,22,sad,test,RAVDESS,61e14e01791b0cc592bba9efa263b869a60a469f
Actor_22/03-01-05-01-01-01-22.wav,22,angry,test,RAVDESS,dc95825ab1fa94e2ea3df7e5673cf236a7d369fa
Actor_22/03-01-05-01-01-02-22.wav,22,angry,test,RAVDESS,edd6e2f4d0b25c84d57a1b9d9ebaad705eb88c12
Actor_22/03-01-05-01-02-01-22.wav,22,angry,test,RAVDESS,7bc1d66347ccbf18bb22fc28da71be5fce0d7869
Actor_22/03-01-05-01-02-02-22.wav,22,angry,test,RAVDESS,a4271754e15ba98f815ab53ab343554e6bece563
Actor_22/03-01-05-02-01-01-22.wav,22,angry,test,RAVDESS,a6108748b2179daf306f6cbbaf6cfcbaceca3299
Actor_22/03-01-05-02-01-02-22.wav,22,angry,test,RAVDESS,1b34585910878460e56dd31ed12cd2436097910b
Actor_22/03-01-05-02-02-01-22.wav,22,angry,test,RAVDESS,fd06774399cc043bbb63d3cbd7ff4b80171c814e
Actor_22/03-01-05-02-02-02-22.wav,22,angry,test,RAVDESS,c1c80806d8756029d459ac842b7642bb724b5fd7
Actor_22/03-01-06-01-01-01-22.wav,22,fear,test,RAVDESS,a7694c439dae9bb5c672d97d0db981d7ad282c27
Actor_22/03-01-06-01-01-02-22.wav,22,fear,test,RAVDESS,a877a187cb3588af7153b9032e5a268bd44ab3de
Actor_22/03-01-06-01-02-01-22.wav,22,fear,test,RAVDESS,2a0884e6f96736db06f283c729df1a3656bef39d
Actor_22/03-01-06-01-02-02-22.wav,22,fear,test,RAVDESS,1eef066b741fd2cc16ac4285f297c825fb95b386
Actor_22/03-01-06-02-01-01-22.wav,22,fear,test,RAVDESS,f9bd101ef0ec256041e50bc33502ef646d0ddf83
Actor_22/03-01-06-02-01-02-22.wav,22,fear,test,RAVDESS,5d50833994647ddc13dcf58c23e3b8981312d44a
Actor_22/03-01-06-02-02-01-22.wav,22,fear,test,RAVDESS,97083141703e0b9544a65f2af189ec0d933697a7
Actor_22/03-01-06-02-02-02-22.wav,22,fear,test,RAVDESS,b2b9644a7d1c98ab831dc791f587fb169b82c921
Actor_22/03-01-07-01-01-01-22.wav,22,disgust,test,RAVDESS,92f5f80d080fd3133ba91358de824fad6645beb6
Actor_22/03-01-07-01-01-02-22.wav,22,disgust,test,RAVDESS,b8ccd7f1b954660d00b64a589ef52dd9d8f36fbb
Actor_22/03-01-07-01-02-01-22.wav,22,disgust,test,RAVDESS,70b0bb2723f8e85045a1524262ccbedb6d4682e8
Actor_22/03-01-07-01-02-02-22.wav,22,disgust,test,RAVDESS,ad2ca9c63884fe242b6ff3c97119e5e2ddf605dc
Actor_22/03-01-07-02-01-01-22.wav,22,disgust,test,RAVDESS,57c59d14f62da46952eed39e1b43eb656228a401
Actor_22/03-01-07-02-01-02-22.wav,22,disgust,test,RAVDESS,f7a1f54e27458ce724c6eaffca49ab5db548bf9a
Actor_22/03-01-07-02-02-01-22.wav,22,disgust,test,RAVDESS,c96a9939a0b883ecd683dc1f300082a0afdd3a10
Actor_22/03-01-07-02-02-02-22.wav,22,disgust,test,RAVDESS,e9155da7b5224ca33fe1b42b2e258bbf9e06dbbf
Actor_22/03-01-08-01-01-01-22.wav,22,surprise,test,RAVDESS,37d57c8626220cd5bafc0026dd8f824bf689774f
Actor_22/03-01-08-01-01-02-22.wav,22,surprise,test,RAVDESS,980961010ad764dcb8870099fc779ee6c22f7f11
Actor_22/03-01-08-01-02-01-22.wav,22,surprise,test,RAVDESS,dbcee512a0963ac7e987b2d8049fce9fe97a8429
Actor_22/03-01-08-01-02-02-22.wav,22,surprise,test,RAVDESS,e83b01eeaee76a5f73a0c84955f168051d096070
Actor_22/03-01-08-02-01-01-22.wav,22,surprise,test,RAVDESS,057ff865e30bb10fc937a326569efef44db1b42e
Actor_22/03-01-08-02-01-02-22.wav,22,surprise,test,RAVDESS,5f5d1e073088c24cc2ac4a0987fdbf83ce70d3a9
Actor_22/03-01-08-02-02-01-22.wav,22,surprise,test,RAVDESS,11bf34e5c7a137d2249b70b98809b51b05299955
Actor_22/03-01-08-02-02-02-22.wav,22,surprise,test,RAVDESS,482ccbdee7530f73ef66df4e7b0810467a0fe101
Actor_23/03-01-01-01-01-01-23.wav,23,neutral,test,RAVDESS,d6f8acd08cb2cd8f6f611965bd727453f0a2d921
Actor_23/03-01-01-01-01-02-23.wav,23,neutral,test,RAVDESS,6ca4faf74199878409cb5d4381efe094c33d5a52
Actor_23/03-01-01-01-02-01-23.wav,23,neutral,test,RAVDESS,cf3d43882e601b5abcf687f9d4710c2c35928472
Actor_23/03-01-01-01-02-02-23.wav,23,neutral,test,RAVDESS,fb65aa0454353b8b7806c5b3e8ddf737d347dc04
Actor_23/03-01-02-01-01-01-23.wav,23,neutral,test,RAVDESS,3bbfc9676b1e6cb13ea5c84cf289e8adb57be7da
Actor_23/03-01-02-01-01-02-23.wav,23,neutral,test,RAVDESS,df2ea14247f79b891786236ba46bbf69d44458d8
Actor_23/03-01-02-01-02-01-23.wav,23,neutral,test,RAVDESS,164eeb84f7b958548b391bebc61f7f8dce996071
Actor_23/03-01-02-01-02-02-23.wav,23,neutral,test,RAVDESS,0bb3b3ef7734329c8a61dfd256a52f88656d5a91
Actor_23/03-01-02-02-01-01-23.wav,23,neutral,test,RAVDESS,ee8639451116225ebb8bce43069fb41dddc0a353
Actor_23/03-01-02-02-01-02-23.wav,23,neutral,test,RAVDESS,9c33f71e84ed1f353651ed771a756dc124ea2db9
Actor_23/03-01-02-02-02-01-23.wav,23,neutral,test,RAVDESS,6fbf2ffb8449a693dd0606024eff9da39b76d6cb
Actor_23/03-01-02-02-02-02-23.wav,23,neutral,test,RAVDESS,172fcc5f11ba24ec513718c5be02a1f8773801e7
Actor_23/03-01-03-01-01-01-23.wav,23,happy,test,RAVDESS,d83cbf0543796dcd3258fe355c35dc75ebb58a0e
Actor_23/03-01-03-01-01-02-23.wav,23,happy,test,RAVDESS,fc984b9382c6ef66b42b1b3502203dedd09387cb
Actor_23/03-01-03-01-02-01-23.wav,23,happy,test,RAVDESS,db27e213b9ed158f94bc5582716df4afb989e076
Actor_23/03-01-03-01-02-02-23.wav,23,happy,test,RAVDESS,673f83245e54e80289e631dda687f64be9a25db8
Actor_23/03-01-03-02-01-01-23.wav,23,happy,test,RAVDESS,72a88b78253e055c2815bb3761fc2dbb2016ae49
Actor_23/03-01-03-02-01-02-23.wav,23,happy,test,RAVDESS,29043fe7b7408e30c062ad7cc69db69607ed1ab6
Actor_23/03-01-03-02-02-01-23.wav,23,happy,test,RAVDESS,c33cb1b70e411c40f81572eb3ca8e2b0fb528a37
Actor_23/03-01-03-02-02-02-23.wav,23,happy,test,RAVDESS,cec9b37b942e35bde3dd649bc0c29b024765de6c
Actor_23/03-01-04-01-01-01-23.wav,23,sad,test,RAVDESS,1056276d2112244b1c0927e4b0968e65cb471ca9
Actor_23/03-01-04-01-01-02-23.wav,23,sad,test,RAVDESS,aa4047e95df4dc279fc086bbc00fa0816f29dda9
Actor_23/03-01-04-01-02-01-23.wav,23,sad,test,RAVDESS,8dd8f14dba6e5bb9e579bcfffc4df1aa8fdf3f00
Actor_23/03-01-04-01-02-02-23.wav,23,sad,test,RAVDESS,ca1c9a49e239e722cd6ec932ea7d9344cf144614
Actor_23/03-01-04-02-01-01-23.wav,23,sad,test,RAVDESS,264ac69f6182cee90e71c94842bf5752ceae4952
Actor_23/03-01-04-02-01-02-23.wav,23,sad,test,RAVDESS,edd7378e330eb45d16042b80398b00b30afe357e
Actor_23/03-01-04-02-02-01-23.wav,23,sad,test,RAVDESS,c6563ac806710926a42efaa52cc5477a1bc20616
Actor_23/03-01-04-02-02-02-23.wav,23,sad,test,RAVDESS,74b38d03fd1ad79a4cbae47d15f3fd556c6cbee6
Actor_23/03-01-05-01-01-01-23.wav,23,angry,test,RAVDESS,57875a42fc1f442f3d09fcbffcec0ae3f0da913b
Actor_23/03-01-05-01-01-02-23.wav,23,angry,test,RAVDESS,6be43e97a308a72c69f7b4925e7a159964e2c42c
Actor_23/03-01-05-01-02-01-23.wav,23,angry,test,RAVDESS,97d1f532b5c6c8d3b526725c071d2becec86fd76
Actor_23/03-01-05-01-02-02-23.wav,23,angry,test,RAVDESS,1c83c804397ada355c01f2625323eef38ef114df
Actor_23/03-01-05-02-01-01-23.wav,23,angry,test,RAVDESS,14e974d1ebebbdeb0fce32535f563790d86ff666
Actor_23/03-01-05-02-01-02-23.wav,23,angry,test,RAVDESS,fcbae5590c8ab63efcd689a87745c32bf7015f94
Actor_23/03-01-05-02-02-01-23.wav,23,angry,test,RAVDESS,df3428d2b414e9cababffb0b964b8b42d41387b2
Actor_23/03-01-05-02-02-02-23.wav,23,angry,test,RAVDESS,bbe27d883cecaf11669d82f4b00e71b623c52c47
Actor_23/03-01-06-01-01-01-23.wav,23,fear,test,RAVDESS,e9896eb82e3ddf46295b26684b36cfc2eed23a09
Actor_23/03-01-06-01-01-02-23.wav,23,fear,test,RAVDESS,9b5587da5f71d7c4cb55e74ecbdd116915a1cbb4
Actor_23/03-01-06-01-02-01-23.wav,23,fear,test,RAVDESS,1b6903cdfbc2a1e04ebf8d5167f72e8b78e63c94
Actor_23/03-01-06-01-02-02-23.wav,23,fear,test,RAVDESS,1b8fdf3213a3003f4d92f4282a4ea07b8aa3cb17
Actor_23/03-01-06-02-01-01-23.wav,23,fear,test,RAVDESS,509d3229785d96f4a6305c506cccf9de3b52fa35
Actor_23/03-01-06-02-01-02-23.wav,23,fear,test,RAVDESS,8616d3695b8904bbd007c99424a557fb201ec40e
Actor_23/03-01-06-02-02-01-23.wav,23,fear,test,RAVDESS,f5a0ed7807bc088b62203cd501e5b024c3077f1f
Actor_23/03-01-06-02-02-02-23.wav,23,fear,test,RAVDESS,34d01c10b6e0d6a89b789282c2bcf48a52f1f50e
Actor_23/03-01-07-01-01-01-23.wav,23,disgust,test,RAVDESS,e17128828fcbb10828693a56bf76c9c711a77db3
Actor_23/03-01-07-01-01-02-23.wav,23,disgust,test,RAVDESS,73ebcae71903e4729e15d7531c5a9f327c44bc72
Actor_23/03-01-07-01-02-01-23.wav,23,disgust,test,RAVDESS,939568009ca49a32beefc40d090340d1d9489482
Actor_23/03-01-07-01-02-02-23.wav,23,disgust,test,RAVDESS,304f32fe05cad1920050c64599764cc42b5694c0
Actor_23/03-01-07-02-01-01-23.wav,23,disgust,test,RAVDESS,fd1e00715221e5e7752926aaa0e42ac838a40158
Actor_23/03-01-07-02-01-02-23.wav,23,disgust,test,RAVDESS,79707f9739e61f037f5e08fec9173783a64886a1
Actor_23/03-01-07-02-02-01-23.wav,23,disgust,test,RAVDESS,091e95d7f712063aaadd13cba440ad29be6def1f
Actor_23/03-01-07-02-02-02-23.wav,23,disgust,test,RAVDESS,46d5e1babcad27a829a4e2f93a5734cab8e04048
Actor_23/03-01-08-01-01-01-23.wav,23,surprise,test,RAVDESS,c110d6038cb9141c759e72bebec53edac05760ea
Actor_23/03-01-08-01-01-02-23.wav,23,surprise,test,RAVDESS,f0818068c0fc2234e88a58577b1c1f3d931fa811
Actor_23/03-01-08-01-02-01-23.wav,23,surprise,test,RAVDESS,29779b9c86710507f47645051842f5ea3db1aa19
Actor_23/03-01-08-01-02-02-23.wav,23,surprise,test,RAVDESS,4891cba62ce2d80cf7a1bd6172b3f43857d5dadb
Actor_23/03-01-08-02-01-01-23.wav,23,surprise,test,RAVDESS,7d9c519e31631ec6a97414eeba59aa97840eabe6
Actor_23/03-01-08-02-01-02-23.wav,23,surprise,test,RAVDESS,0027c7aa80abb18c0ae001d872e2ae26f3650c3e
Actor_23/03-01-08-02-02-01-23.wav,23,surprise,test,RAVDESS,e258b7b7723535e9bec81d3b4e9c0a61c4a5f458
Actor_23/03-01-08-02-02-02-23.wav,23,surprise,test,RAVDESS,d816b453a0598e330ae806524e2ea802a84d92dd
Actor_24/03-01-01-01-01-01-24.wav,24,neutral,test,RAVDESS,2cdc5cea6c15c007fec91cf4a814ffd1aa9456f1
Actor_24/03-01-01-01-01-02-24.wav,24,neutral,test,RAVDESS,9d691d38f68a6cba259c8e64734cbcb0a1ee9a97
Actor_24/03-01-01-01-02-01-24.wav,24,neutral,test,RAVDESS,0f4c584c1f3a0c6893420fa440ebe6568d8937bd
Actor_24/03-01-01-01-02-02-24.wav,24,neutral,test,RAVDESS,2fad0083dfab22ac30d4d8717610ca407d3b34e4
Actor_24/03-01-02-01-01-01-24.wav,24,neutral,test,RAVDESS,ca6f509961105e5fd514c76fcaf6cc39a2a8396f
Actor_24/03-01-02-01-01-02-24.wav,24,neutral,test,RAVDESS,ab6ffec9d25beb2486444ee406618b00fb01db29
Actor_24/03-01-02-01-02-01-24.wav,24,neutral,test,RAVDESS,242be46d90addbf9394afafcc421f107fb1aed48
Actor_24/03-01-02-01-02-02-24.wav,24,neutral,test,RAVDESS,96f944b72ee5fde9f65328143f77236ad07d9663
Actor_24/03-01-02-02-01-01-24.wav,24,neutral,test,RAVDESS,f7f4393e387d4f6a7bc8d0985d1ebd9392ae87b8
Actor_24/03-01-02-02-01-02-24.wav,24,neutral,test,RAVDESS,5ce252384324517117ed4d3ea4f7abda658a3fab
Actor_24/03-01-02-02-02-01-24.wav,24,neutral,test,RAVDESS,e0139029e68319087d50636b653d5cdf88a72fe2
Actor_24/03-01-02-02-02-02-24.wav,24,neutral,test,RAVDESS,6f802e3d52519976a8b6a375831eba804ecf9925
Actor_24/03-01-03-01-01-01-24.wav,24,happy,test,RAVDESS,ecd12e3e36bc112b1996b9a9ca421114fc5d6edf
Actor_24/03-01-03-01-01-02-24.wav,24,happy,test,RAVDESS,b8f1cbda2db6969c077172c97d5d4dabb0251f63
Actor_24/03-01-03-01-02-01-24.wav,24,happy,test,RAVDESS,a224e16ef1d7ead5002c2dd18497f7bb130a08d7
Actor_24/03-01-03-01-02-02-24.wav,24,happy,test,RAVDESS,a1bc8a5df0accbfe7f40bfe36bca6465dd49aae0
Actor_24/03-01-03-02-01-01-24.wav,24,happy,test,RAVDESS,3687027a2ab23d730ab3699d29aa6d1e838d0057
Actor_24/03-01-03-02-01-02-24.wav,24,happy,test,RAVDESS,f581b6d7a16c63dd1dfd443002ef0f21877923bf
Actor_24/03-01-03-02-02-01-24.wav,24,happy,test,RAVDESS,c206f187004c1596df4d79b6e4eafe24e5379ef6
Actor_24/03-01-03-02-02-02-24.wav,24,happy,test,RAVDESS,1f599398dd08d1bab0edb4902f41329a3298b03b
Actor_24/03-01-04-01-01-01-24.wav,24,sad,test,RAVDESS,c50d6e3d304b7ff507e78c07255b8c8fcdbe0176
Actor_24/03-01-04-01-01-02-24.wav,24,sad,test,RAVDESS,b3e28e723d1a1a74397e5957cdac7f6b64fb0410
Actor_24/03-01-04-01-02-01-24.wav,24,sad,test,RAVDESS,25f243807b0b065a24dfbd2d845dcd59252a1cdc
Actor_24/03-01-04-01-02-02-24.wav,24,sad,test,RAVDESS,eec7a18f224945078206254a9c50a0849c1b168c
Actor_24/03-01-04-02-01-01-24.wav,24,sad,test,RAVDESS,492a4caa044bd8b1c92a3fc13edf3cfb2335e0ba
Actor_24/03-01-04-02-01-02-24.wav,24,sad,test,RAVDESS,2fa5fc8fde2f0324db62b5860ac711015aa26d71
Actor_24/03-01-04-02-02-01-24.wav,24,sad,test,RAVDESS,88fbb20fd5e43867ac5f1c06662fda989054696e
Actor_24/03-01-04-02-02-02-24.wav,24,sad,test,RAVDESS,98ab617016a049b9a002481ba2c73c1cf4727154
Actor_24/03-01-05-01-01-01-24.wav,24,angry,test,RAVDESS,25088ec6b7be71530c5dedf9e6b381bd7fa595d2
Actor_24/03-01-05-01-01-02-24.wav,24,angry,test,RAVDESS,09623105a848dc77d501011993ae301519631070
Actor_24/03-01-05-01-02-01-24.wav,24,angry,test,RAVDESS,e2b31b5255b315ccdbbfea8f2f411827918fbdd0
Actor_24/03-01-05-01-02-02-24.wav,24,angry,test,RAVDESS,5e659d6caeea19069c9ef3c221d8b4769ebd2b2e
Actor_24/03-01-05-02-01-01-24.wav,24,angry,test,RAVDESS,b4a0ae268e5c86d5d354f467e6c4b097c77ebf30
Actor_24/03-01-05-02-01-02-24.wav,24,angry,test,RAVDESS,d8c6c125b6188d6d32c217e6faaefb7139d244d5
Actor_24/03-01-05-02-02-01-24.wav,24,angry,test,RAVDESS,2986b632e4f4e11dbd84104c1b5eb6bfa00b82d5
Actor_24/03-01-05-02-02-02-24.wav,24,angry,test,RAVDESS,55bb9a2b66afe43e4392b27cb6c0c16d13d123de
Actor_24/03-01-06-01-01-01-24.wav,24,fear,test,RAVDESS,5ec966c04fd944a6e41df840ddc2889ff3a44c91
Actor_24/03-01-06-01-01-02-24.wav,24,fear,test,RAVDESS,a9749270d2f1c42f119038a781d66b23ab8aa9a6
Actor_24/03-01-06-01-02-01-24.wav,24,fear,test,RAVDESS,8d72e9a6d329353f2da49050e940e14c3b18435f
Actor_24/03-01-06-01-02-02-24.wav,24,fear,test,RAVDESS,4c67e0c8b68d7103b605a14f53608cc8b331cbb9
Actor_24/03-01-06-02-01-01-24.wav,24,fear,test,RAVDESS,d457ec9a16a5c8ccf52b781d90eba3310da24bc0
Actor_24/03-01-06-02-01-02-24.wav,24,fear,test,RAVDESS,cb7cb76f654082e5d4fb9115f85f85f73e86546b
Actor_24/03-01-06-02-02-01-24.wav,24,fear,test,RAVDESS,7c78e351b0ff6b1a66315399a1ddce98faa175d9
Actor_24/03-01-06-02-02-02-24.wav,24,fear,test,RAVDESS,3651e5b3e649c7ab5d1af8e31bed2cd18a6c029a
Actor_24/03-01-07-01-01-01-24.wav,24,disgust,test,RAVDESS,a999af08421492f72e025679505266a124e44e24
Actor_24/03-01-07-01-01-02-24.wav,24,disgust,test,RAVDESS,5cef1fc7bc463e1b8b6f1806b0e1f954bbcd723f
Actor_24/03-01-07-01-02-01-24.wav,24,disgust,test,RAVDESS,a827033d6043c2b770a15cbd88cae173c1daa5ad
Actor_24/03-01-07-01-02-02-24.wav,24,disgust,test,RAVDESS,bb676de6afee002dbe8f9e729ee08d533bfe6707
Actor_24/03-01-07-02-01-01-24.wav,24,disgust,test,RAVDESS,33503603b03a988285ad9658783d293031af39ae
Actor_24/03-01-07-02-01-02-24.wav,24,disgust,test,RAVDESS,6b92652541bdd4d0eadd89551809c14b75c8f40a
Actor_24/03-01-07-02-02-01-24.wav,24,disgust,test,RAVDESS,ec93048a2bb98512381db7930aebd9b7765f26bd
Actor_24/03-01-07-02-02-02-24.wav,24,disgust,test,RAVDESS,9b84c9ee5a2b6eb63474cd218391b023f5952618
Actor_24/03-01-08-01-01-01-24.wav,24,surprise,test,RAVDESS,51c6d76e14e71ff860444ed3f923a83290ecc242
Actor_24/03-01-08-01-01-02-24.wav,24,surprise,test,RAVDESS,5e4b13227ff0d1a934533737f94344ee6b98397b
Actor_24/03-01-08-01-02-01-24.wav,24,surprise,test,RAVDESS,5f6b9a2a34cfb8d9b2ab82c8ce9cfb1805f50337
Actor_24/03-01-08-01-02-02-24.wav,24,surprise,test,RAVDESS,35c92ef6c9e8dcf806c211e3186bb3bfc5ae592b
Actor_24/03-01-08-02-01-01-24.wav,24,surprise,test,RAVDESS,10724f279d3ef8b1b431aae3b5c34d2d93647afb
Actor_24/03-01-08-02-01-02-24.wav,24,surprise,test,RAVDESS,9daada2e87540a8e8fd9a8efc9024781c891b408
Actor_24/03-01-08-02-02-01-24.wav,24,surprise,test,RAVDESS,060df220c1df2a3d4ced44553ab2a158d7952c03
Actor_24/03-01-08-02-02-02-24.wav,24,surprise,test,RAVDESS,5591bf0d4ec349b083bfc92092cf5c4003acb31e
