synthetic_id,source_relative_path,actor_id,label,split,variant,recipe,seed
01_03-01-01-01-01-01-01_aug1,Actor_01/03-01-01-01-01-01-01.wav,01,neutral,train,1,gain_shift_colored_noise,20260805
01_03-01-01-01-01-01-01_aug2,Actor_01/03-01-01-01-01-01-01.wav,01,neutral,train,2,room_echo_smoothing_noise,20260806
01_03-01-01-01-01-01-01_aug3,Actor_01/03-01-01-01-01-01-01.wav,01,neutral,train,3,same_emotion_blend_spectral_tilt_dropout,20260807
01_03-01-01-01-01-02-01_aug1,Actor_01/03-01-01-01-01-02-01.wav,01,neutral,train,1,gain_shift_colored_noise,20260805
01_03-01-01-01-01-02-01_aug2,Actor_01/03-01-01-01-01-02-01.wav,01,neutral,train,2,room_echo_smoothing_noise,20260806
01_03-01-01-01-01-02-01_aug3,Actor_01/03-01-01-01-01-02-01.wav,01,neutral,train,3,same_emotion_blend_spectral_tilt_dropout,20260807
01_03-01-01-01-02-01-01_aug1,Actor_01/03-01-01-01-02-01-01.wav,01,neutral,train,1,gain_shift_colored_noise,20260805
01_03-01-01-01-02-01-01_aug2,Actor_01/03-01-01-01-02-01-01.wav,01,neutral,train,2,room_echo_smoothing_noise,20260806
01_03-01-01-01-02-01-01_aug3,Actor_01/03-01-01-01-02-01-01.wav,01,neutral,train,3,same_emotion_blend_spectral_tilt_dropout,20260807
01_03-01-01-01-02-02-01_aug1,Actor_01/03-01-01-01-02-02-01.wav,01,neutral,train,1,gain_shift_colored_noise,20260805
01_03-01-01-01-02-02-01_aug2,Actor_01/03-01-01-01-02-02-01.wav,01,neutral,train,2,room_echo_smoothing_noise,20260806
01_03-01-01-01-02-02-01_aug3,Actor_01/03-01-01-01-02-02-01.wav,01,neutral,train,3,same_emotion_blend_spectral_tilt_dropout,20260807
01_03-01-02-01-01-01-01_aug1,Actor_01/03-01-02-01-01-01-01.wav,01,neutral,train,1,gain_shift_colored_noise,20260805
01_03-01-02-01-01-01-01_aug2,Actor_01/03-01-02-01-01-01-01.wav,01,neutral,train,2,room_echo_smoothing_noise,20260806
01_03-01-02-01-01-01-01_aug3,Actor_01/03-01-02-01-01-01-01.wav,01,neutral,train,3,same_emotion_blend_spectral_tilt_dropout,20260807
01_03-01-02-01-01-02-01_aug1,Actor_01/03-01-02-01-01-02-01.wav,01,neutral,train,1,gain_shift_colored_noise,20260805
01_03-01-02-01-01-02-01_aug2,Actor_01/03-01-02-01-01-02-01.wav,01,neutral,train,2,room_echo_smoothing_noise,20260806
01_03-01-02-01-01-02-01_aug3,Actor_01/03-01-02-01-01-02-01.wav,01,neutral,train,3,same_emotion_blend_spectral_tilt_dropout,20260807
01_03-01-02-01-02-01-01_aug1,Actor_01/03-01-02-01-02-01-01.wav,01,neutral,train,1,gain_shift_colored_noise,20260805
01_03-01-02-01-02-01-01_aug2,Actor_01/03-01-02-01-02-01-01.wav,01,neutral,train,2,room_echo_smoothing_noise,20260806
01_03-01-02-01-02-01-01_aug3,Actor_01/03-01-02-01-02-01-01.wav,01,neutral,train,3,same_emotion_blend_spectral_tilt_dropout,20260807
01_03-01-02-01-02-02-01_aug1,Actor_01/03-01-02-01-02-02-01.wav,01,neutral,train,1,gain_shift_colored_noise,20260805
01_03-01-02-01-02-02-01_aug2,Actor_01/03-01-02-01-02-02-01.wav,01,neutral,train,2,room_echo_smoothing_noise,20260806
01_03-01-02-01-02-02-01_aug3,Actor_01/03-01-02-01-02-02-01.wav,01,neutral,train,3,same_emotion_blend_spectral_tilt_dropout,20260807
01_03-01-02-02-01-01-01_aug1,Actor_01/03-01-02-02-01-01-01.wav,01,neutral,train,1,gain_shift_colored_noise,20260805
01_03-01-02-02-01-01-01_aug2,Actor_01/03-01-02-02-01-01-01.wav,01,neutral,train,2,room_echo_smoothing_noise,20260806
01_03-01-02-02-01-01-01_aug3,Actor_01/03-01-02-02-01-01-01.wav,01,neutral,train,3,same_emotion_blend_spectral_tilt_dropout,20260807
01_03-01-02-02-01-02-01_aug1,Actor_01/03-01-02-02-01-02-01.wav,01,neutral,train,1,gain_shift_colored_noise,20260805
01_03-01-02-02-01-02-01_aug2,Actor_01/03-01-02-02-01-02-01.wav,01,neutral,train,2,room_echo_smoothing_noise,20260806
01_03-01-02-02-01-02-01_aug3,Actor_01/03-01-02-02-01-02-01.wav,01,neutral,train,3,same_emotion_blend_spectral_tilt_dropout,20260807
01_03-01-02-02-02-01-01_aug1,Actor_01/03-01-02-02-02-01-01.wav,01,neutral,train,1,gain_shift_colored_noise,20260805
01_03-01-02-02-02-01-01_aug2,Actor_01/03-01-02-02-02-01-01.wav,01,neutral,train,2,room_echo_smoothing_noise,20260806
01_03-01-02-02-02-01-01_aug3,Actor_01/03-01-02-02-02-01-01.wav,01,neutral,train,3,same_emotion_blend_spectral_tilt_dropout,20260807
01_03-01-02-02-02-02-01_aug1,Actor_01/03-01-02-02-02-02-01.wav,01,neutral,train,1,gain_shift_colored_noise,20260805
01_03-01-02-02-02-02-01_aug2,Actor_01/03-01-02-02-02-02-01.wav,01,neutral,train,2,room_echo_smoothing_noise,20260806
01_03-01-02-02-02-02-01_aug3,Actor_01/03-01-02-02-02-02-01.wav,01,neutral,train,3,same_emotion_blend_spectral_tilt_dropout,20260807
01_03-01-03-01-01-01-01_aug1,Actor_01/03-01-03-01-01-01-01.wav,01,happy,train,1,gain_shift_colored_noise,20260805
01_03-01-03-01-01-01-01_aug2,Actor_01/03-01-03-01-01-01-01.wav,01,happy,train,2,room_echo_smoothing_noise,20260806
01_03-01-03-01-01-01-01_aug3,Actor_01/03-01-03-01-01-01-01.wav,01,happy,train,3,same_emotion_blend_spectral_tilt_dropout,20260807
01_03-01-03-01-01-02-01_aug1,Actor_01/03-01-03-01-01-02-01.wav,01,happy,train,1,gain_shift_colored_noise,20260805
01_03-01-03-01-01-02-01_aug2,Actor_01/03-01-03-01-01-02-01.wav,01,happy,train,2,room_echo_smoothing_noise,20260806
01_03-01-03-01-01-02-01_aug3,Actor_01/03-01-03-01-01-02-01.wav,01,happy,train,3,same_emotion_blend_spectral_tilt_dropout,20260807
01_03-01-03-01-02-01-01_aug1,Actor_01/03-01-03-01-02-01-01.wav,01,happy,train,1,gain_shift_colored_noise,20260805
01_03-01-03-01-02-01-01_aug2,Actor_01/03-01-03-01-02-01-01.wav,01,happy,train,2,room_echo_smoothing_noise,20260806
01_03-01-03-01-02-01-01_aug3,Actor_01/03-01-03-01-02-01-01.wav,01,happy,train,3,same_emotion_blend_spectral_tilt_dropout,20260807
01_03-01-03-01-02-02-01_aug1,Actor_01/03-01-03-01-02-02-01.wav,01,happy,train,1,gain_shift_colored_noise,20260805
01_03-01-03-01-02-02-01_aug2,Actor_01/03-01-03-01-02-02-01.wav,01,happy,train,2,room_echo_smoothing_noise,20260806
01_03-01-03-01-02-02-01_aug3,Actor_01/03-01-03-01-02-02-01.wav,01,happy,train,3,same_emotion_blend_spectral_tilt_dropout,20260807
01_03-01-03-02-01-01-01_aug1,Actor_01/03-01-03-02-01-01-01.wav,01,happy,train,1,gain_shift_colored_noise,20260805
01_03-01-03-02-01-01-01_aug2,Actor_01/03-01-03-02-01-01-01.wav,01,happy,train,2,room_echo_smoothing_noise,20260806
01_03-01-03-02-01-01-01_aug3,Actor_01/03-01-03-02-01-01-01.wav,01,happy,train,3,same_emotion_blend_spectral_tilt_dropout,20260807
01_03-01-03-02-01-02-01_aug1,Actor_01/03-01-03-02-01-02-01.wav,01,happy,train,1,gain_shift_colored_noise,20260805
01_03-01-03-02-01-02-01_aug2,Actor_01/03-01-03-02-01-02-01.wav,01,happy,train,2,room_echo_smoothing_noise,20260806
01_03-01-03-02-01-02-01_aug3,Actor_01/03-01-03-02-01-02-01.wav,01,happy,train,3,same_emotion_blend_spectral_tilt_dropout,20260807
01_03-01-03-02-02-01-01_aug1,Actor_01/03-01-03-02-02-01-01.wav,01,happy,train,1,gain_shift_colored_noise,20260805
01_03-01-03-02-02-01-01_aug2,Actor_01/03-01-03-02-02-01-01.wav,01,happy,train,2,room_echo_smoothing_noise,20260806
01_03-01-03-02-02-01-01_aug3,Actor_01/03-01-03-02-02-01-01.wav,01,happy,train,3,same_emotion_blend_spectral_tilt_dropout,20260807
01_03-01-03-02-02-02-01_aug1,Actor_01/03-01-03-02-02-02-01.wav,01,happy,train,1,gain_shift_colored_noise,20260805
01_03-01-03-02-02-02-01_aug2,Actor_01/03-01-03-02-02-02-01.wav,01,happy,train,2,room_echo_smoothing_noise,20260806
01_03-01-03-02-02-02-01_aug3,Actor_01/03-01-03-02-02-02-01.wav,01,happy,train,3,same_emotion_blend_spectral_tilt_dropout,20260807
01_03-01-04-01-01-01-01_aug1,Actor_01/03-01-04-01-01-01-01.wav,01,sad,train,1,gain_shift_colored_noise,20260805
01_03-01-04-01-01-01-01_aug2,Actor_01/03-01-04-01-01-01-01.wav,01,sad,train,2,room_echo_smoothing_noise,20260806
01_03-01-04-01-01-01-01_aug3,Actor_01/03-01-04-01-01-01-01.wav,01,sad,train,3,same_emotion_blend_spectral_tilt_dropout,20260807
01_03-01-04-01-01-02-01_aug1,Actor_01/03-01-04-01-01-02-01.wav,01,sad,train,1,gain_shift_colored_noise,20260805
01_03-01-04-01-01-02-01_aug2,Actor_01/03-01-04-01-01-02-01.wav,01,sad,train,2,room_echo_smoothing_noise,20260806
01_03-01-04-01-01-02-01_aug3,Actor_01/03-01-04-01-01-02-01.wav,01,sad,train,3,same_emotion_blend_spectral_tilt_dropout,20260807
01_03-01-04-01-02-01-01_aug1,Actor_01/03-01-04-01-02-01-01.wav,01,sad,train,1,gain_shift_colored_noise,20260805
01_03-01-04-01-02-01-01_aug2,Actor_01/03-01-04-01-02-01-01.wav,01,sad,train,2,room_echo_smoothing_noise,20260806
01_03-01-04-01-02-01-01_aug3,Actor_01/03-01-04-01-02-01-01.wav,01,sad,train,3,same_emotion_blend_spectral_tilt_dropout,20260807
01_03-01-04-01-02-02-01_aug1,Actor_01/03-01-04-01-02-02-01.wav,01,sad,train,1,gain_shift_colored_noise,20260805
01_03-01-04-01-02-02-01_aug2,Actor_01/03-01-04-01-02-02-01.wav,01,sad,train,2,room_echo_smoothing_noise,20260806
01_03-01-04-01-02-02-01_aug3,Actor_01/03-01-04-01-02-02-01.wav,01,sad,train,3,same_emotion_blend_spectral_tilt_dropout,20260807
01_03-01-04-02-01-01-01_aug1,Actor_01/03-01-04-02-01-01-01.wav,01,sad,train,1,gain_shift_colored_noise,20260805
01_03-01-04-02-01-01-01_aug2,Actor_01/03-01-04-02-01-01-01.wav,01,sad,train,2,room_echo_smoothing_noise,20260806
01_03-01-04-02-01-01-01_aug3,Actor_01/03-01-04-02-01-01-01.wav,01,sad,train,3,same_emotion_blend_spectral_tilt_dropout,20260807
01_03-01-04-02-01-02-01_aug1,Actor_01/03-01-04-02-01-02-01.wav,01,sad,train,1,gain_shift_colored_noise,20260805
01_03-01-04-02-01-02-01_aug2,Actor_01/03-01-04-02-01-02-01.wav,01,sad,train,2,room_echo_smoothing_noise,20260806
01_03-01-04-02-01-02-01_aug3,Actor_01/03-01-04-02-01-02-01.wav,01,sad,train,3,same_emotion_blend_spectral_tilt_dropout,20260807
01_03-01-04-02-02-01-01_aug1,Actor_01/03-01-04-02-02-01-01.wav,01,sad,train,1,gain_shift_colored_noise,20260805
01_03-01-04-02-02-01-01_aug2,Actor_01/03-01-04-02-02-01-01.wav,01,sad,train,2,room_echo_smoothing_noise,20260806
01_03-01-04-02-02-01-01_aug3,Actor_01/03-01-04-02-02-01-01.wav,01,sad,train,3,same_emotion_blend_spectral_tilt_dropout,20260807
01_03-01-04-02-02-02-01_aug1,Actor_01/03-01-04-02-02-02-01.wav,01,sad,train,1,gain_shift_colored_noise,20260805
01_03-01-04-02-02-02-01_aug2,Actor_01/03-01-04-02-02-02-01.wav,01,sad,train,2,room_echo_smoothing_noise,20260806
01_03-01-04-02-02-02-01_aug3,Actor_01/03-01-04-02-02-02-01.wav,01,sad,train,3,same_emotion_blend_spectral_tilt_dropout,20260807
01_03-01-05-01-01-01-01_aug1,Actor_01/03-01-05-01-01-01-01.wav,01,angry,train,1,gain_shift_colored_noise,20260805
01_03-01-05-01-01-01-01_aug2,Actor_01/03-01-05-01-01-01-01.wav,01,angry,train,2,room_echo_smoothing_noise,20260806
01_03-01-05-01-01-01-01_aug3,Actor_01/03-01-05-01-01-01-01.wav,01,angry,train,3,same_emotion_blend_spectral_tilt_dropout,20260807
01_03-01-05-01-01-02-01_aug1,Actor_01/03-01-05-01-01-02-01.wav,01,angry,train,1,gain_shift_colored_noise,20260805
01_03-01-05-01-01-02-01_aug2,Actor_01/03-01-05-01-01-02-01.wav,01,angry,train,2,room_echo_smoothing_noise,20260806
01_03-01-05-01-01-02-01_aug3,Actor_01/03-01-05-01-01-02-01.wav,01,angry,train,3,same_emotion_blend_spectral_tilt_dropout,20260807
01_03-01-05-01-02-01-01_aug1,Actor_01/03-01-05-01-02-01-01.wav,01,angry,train,1,gain_shift_colored_noise,20260805
01_03-01-05-01-02-01-01_aug2,Actor_01/03-01-05-01-02-01-01.wav,01,angry,train,2,room_echo_smoothing_noise,20260806
01_03-01-05-01-02-01-01_aug3,Actor_01/03-01-05-01-02-01-01.wav,01,angry,train,3,same_emotion_blend_spectral_tilt_dropout,20260807
01_03-01-05-01-02-02-01_aug1,Actor_01/03-01-05-01-02-02-01.wav,01,angry,train,1,gain_shift_colored_noise,20260805
01_03-01-05-01-02-02-01_aug2,Actor_01/03-01-05-01-02-02-01.wav,01,angry,train,2,room_echo_smoothing_noise,20260806
01_03-01-05-01-02-02-01_aug3,Actor_01/03-01-05-01-02-02-01.wav,01,angry,train,3,same_emotion_blend_spectral_tilt_dropout,20260807
01_03-01-05-02-01-01-01_aug1,Actor_01/03-01-05-02-01-01-01.wav,01,angry,train,1,gain_shift_colored_noise,20260805
01_03-01-05-02-01-01-01_aug2,Actor_01/03-01-05-02-01-01-01.wav,01,angry,train,2,room_echo_smoothing_noise,20260806
01_03-01-05-02-01-01-01_aug3,Actor_01/03-01-05-02-01-01-01.wav,01,angry,train,3,same_emotion_blend_spectral_tilt_dropout,20260807
01_03-01-05-02-01-02-01_aug1,Actor_01/03-01-05-02-01-02-01.wav,01,angry,train,1,gain_shift_colored_noise,20260805
01_03-01-05-02-01-02-01_aug2,Actor_01/03-01-05-02-01-02-01.wav,01,angry,train,2,room_echo_smoothing_noise,20260806
01_03-01-05-02-01-02-01_aug3,Actor_01/03-01-05-02-01-02-01.wav,01,angry,train,3,same_emotion_blend_spectral_tilt_dropout,20260807
01_03-01-05-02-02-01-01_aug1,Actor_01/03-01-05-02-02-01-01.wav,01,angry,train,1,gain_shift_colored_noise,20260805
01_03-01-05-02-02-01-01_aug2,Actor_01/03-01-05-02-02-01-01.wav,01,angry,train,2,room_echo_smoothing_noise,20260806
01_03-01-05-02-02-01-01_aug3,Actor_01/03-01-05-02-02-01-01.wav,01,angry,train,3,same_emotion_blend_spectral_tilt_dropout,20260807
01_03-01-05-02-02-02-01_aug1,Actor_01/03-01-05-02-02-02-01.wav,01,angry,train,1,gain_shift_colored_noise,20260805
01_03-01-05-02-02-02-01_aug2,Actor_01/03-01-05-02-02-02-01.wav,01,angry,train,2,room_echo_smoothing_noise,20260806
01_03-01-05-02-02-02-01_aug3,Actor_01/03-01-05-02-02-02-01.wav,01,angry,train,3,same_emotion_blend_spectral_tilt_dropout,20260807
01_03-01-06-01-01-01-01_aug1,Actor_01/03-01-06-01-01-01-01.wav,01,fear,train,1,gain_shift_colored_noise,20260805
01_03-01-06-01-01-01-01_aug2,Actor_01/03-01-06-01-01-01-01.wav,01,fear,train,2,room_echo_smoothing_noise,20260806
01_03-01-06-01-01-01-01_aug3,Actor_01/03-01-06-01-01-01-01.wav,01,fear,train,3,same_emotion_blend_spectral_tilt_dropout,20260807
01_03-01-06-01-01-02-01_aug1,Actor_01/03-01-06-01-01-02-01.wav,01,fear,train,1,gain_shift_colored_noise,20260805
01_03-01-06-01-01-02-01_aug2,Actor_01/03-01-06-01-01-02-01.wav,01,fear,train,2,room_echo_smoothing_noise,20260806
01_03-01-06-01-01-02-01_aug3,Actor_01/03-01-06-01-01-02-01.wav,01,fear,train,3,same_emotion_blend_spectral_tilt_dropout,20260807
01_03-01-06-01-02-01-01_aug1,Actor_01/03-01-06-01-02-01-01.wav,01,fear,train,1,gain_shift_colored_noise,20260805
01_03-01-06-01-02-01-01_aug2,Actor_01/03-01-06-01-02-01-01.wav,01,fear,train,2,room_echo_smoothing_noise,20260806
01_03-01-06-01-02-01-01_aug3,Actor_01/03-01-06-01-02-01-01.wav,01,fear,train,3,same_emotion_blend_spectral_tilt_dropout,20260807
01_03-01-06-01-02-02-01_aug1,Actor_01/03-01-06-01-02-02-01.wav,01,fear,train,1,gain_shift_colored_noise,20260805
01_03-01-06-01-02-02-01_aug2,Actor_01/03-01-06-01-02-02-01.wav,01,fear,train,2,room_echo_smoothing_noise,20260806
01_03-01-06-01-02-02-01_aug3,Actor_01/03-01-06-01-02-02-01.wav,01,fear,train,3,same_emotion_blend_spectral_tilt_dropout,20260807
01_03-01-06-02-01-01-01_aug1,Actor_01/03-01-06-02-01-01-01.wav,01,fear,train,1,gain_shift_colored_noise,20260805
01_03-01-06-02-01-01-01_aug2,Actor_01/03-01-06-02-01-01-01.wav,01,fear,train,2,room_echo_smoothing_noise,20260806
01_03-01-06-02-01-01-01_aug3,Actor_01/03-01-06-02-01-01-01.wav,01,fear,train,3,same_emotion_blend_spectral_tilt_dropout,20260807
01_03-01-06-02-01-02-01_aug1,Actor_01/03-01-06-02-01-02-01.wav,01,fear,train,1,gain_shift_colored_noise,20260805
01_03-01-06-02-01-02-01_aug2,Actor_01/03-01-06-02-01-02-01.wav,01,fear,train,2,room_echo_smoothing_noise,20260806
01_03-01-06-02-01-02-01_aug3,Actor_01/03-01-06-02-01-02-01.wav,01,fear,train,3,same_emotion_blend_spectral_tilt_dropout,20260807
01_03-01-06-02-02-01-01_aug1,Actor_01/03-01-06-02-02-01-01.wav,01,fear,train,1,gain_shift_colored_noise,20260805
01_03-01-06-02-02-01-01_aug2,Actor_01/03-01-06-02-02-01-01.wav,01,fear,train,2,room_echo_smoothing_noise,20260806
01_03-01-06-02-02-01-01_aug3,Actor_01/03-01-06-02-02-01-01.wav,01,fear,train,3,same_emotion_blend_spectral_tilt_dropout,20260807
01_03-01-06-02-02-02-01_aug1,Actor_01/03-01-06-02-02-02-01.wav,01,fear,train,1,gain_shift_colored_noise,20260805
01_03-01-06-02-02-02-01_aug2,Actor_01/03-01-06-02-02-02-01.wav,01,fear,train,2,room_echo_smoothing_noise,20260806
01_03-01-06-02-02-02-01_aug3,Actor_01/03-01-06-02-02-02-01.wav,01,fear,train,3,same_emotion_blend_spectral_tilt_dropout,20260807
01_03-01-07-01-01-01-01_aug1,Actor_01/03-01-07-01-01-01-01.wav,01,disgust,train,1,gain_shift_colored_noise,20260805
01_03-01-07-01-01-01-01_aug2,Actor_01/03-01-07-01-01-01-01.wav,01,disgust,train,2,room_echo_smoothing_noise,20260806
01_03-01-07-01-01-01-01_aug3,Actor_01/03-01-07-01-01-01-01.wav,01,disgust,train,3,same_emotion_blend_spectral_tilt_dropout,20260807
01_03-01-07-01-01-02-01_aug1,Actor_01/03-01-07-01-01-02-01.wav,01,disgust,train,1,gain_shift_colored_noise,20260805
01_03-01-07-01-01-02-01_aug2,Actor_01/03-01-07-01-01-02-01.wav,01,disgust,train,2,room_echo_smoothing_noise,20260806
01_03-01-07-01-01-02-01_aug3,Actor_01/03-01-07-01-01-02-01.wav,01,disgust,train,3,same_emotion_blend_spectral_tilt_dropout,20260807
01_03-01-07-01-02-01-01_aug1,Actor_01/03-01-07-01-02-01-01.wav,01,disgust,train,1,gain_shift_colored_noise,20260805
01_03-01-07-01-02-01-01_aug2,Actor_01/03-01-07-01-02-01-01.wav,01,disgust,train,2,room_echo_smoothing_noise,20260806
01_03-01-07-01-02-01-01_aug3,Actor_01/03-01-07-01-02-01-01.wav,01,disgust,train,3,same_emotion_blend_spectral_tilt_dropout,20260807
01_03-01-07-01-02-02-01_aug1,Actor_01/03-01-07-01-02-02-01.wav,01,disgust,train,1,gain_shift_colored_noise,20260805
01_03-01-07-01-02-02-01_aug2,Actor_01/03-01-07-01-02-02-01.wav,01,disgust,train,2,room_echo_smoothing_noise,20260806
01_03-01-07-01-02-02-01_aug3,Actor_01/03-01-07-01-02-02-01.wav,01,disgust,train,3,same_emotion_blend_spectral_tilt_dropout,20260807
01_03-01-07-02-01-01-01_aug1,Actor_01/03-01-07-02-01-01-01.wav,01,disgust,train,1,gain_shift_colored_noise,20260805
01_03-01-07-02-01-01-01_aug2,Actor_01/03-01-07-02-01-01-01.wav,01,disgust,train,2,room_echo_smoothing_noise,20260806
01_03-01-07-02-01-01-01_aug3,Actor_01/03-01-07-02-01-01-01.wav,01,disgust,train,3,same_emotion_blend_spectral_tilt_dropout,20260807
01_03-01-07-02-01-02-01_aug1,Actor_01/03-01-07-02-01-02-01.wav,01,disgust,train,1,gain_shift_colored_noise,20260805
01_03-01-07-02-01-02-01_aug2,Actor_01/03-01-07-02-01-02-01.wav,01,disgust,train,2,room_echo_smoothing_noise,20260806
01_03-01-07-02-01-02-01_aug3,Actor_01/03-01-07-02-01-02-01.wav,01,disgust,train,3,same_emotion_blend_spectral_tilt_dropout,20260807
01_03-01-07-02-02-01-01_aug1,Actor_01/03-01-07-02-02-01-01.wav,01,disgust,train,1,gain_shift_colored_noise,20260805
01_03-01-07-02-02-01-01_aug2,Actor_01/03-01-07-02-02-01-01.wav,01,disgust,train,2,room_echo_smoothing_noise,20260806
01_03-01-07-02-02-01-01_aug3,Actor_01/03-01-07-02-02-01-01.wav,01,disgust,train,3,same_emotion_blend_spectral_tilt_dropout,20260807
01_03-01-07-02-02-02-01_aug1,Actor_01/03-01-07-02-02-02-01.wav,01,disgust,train,1,gain_shift_colored_noise,20260805
01_03-01-07-02-02-02-01_aug2,Actor_01/03-01-07-02-02-02-01.wav,01,disgust,train,2,room_echo_smoothing_noise,20260806
01_03-01-07-02-02-02-01_aug3,Actor_01/03-01-07-02-02-02-01.wav,01,disgust,train,3,same_emotion_blend_spectral_tilt_dropout,20260807
01_03-01-08-01-01-01-01_aug1,Actor_01/03-01-08-01-01-01-01.wav,01,surprise,train,1,gain_shift_colored_noise,20260805
01_03-01-08-01-01-01-01_aug2,Actor_01/03-01-08-01-01-01-01.wav,01,surprise,train,2,room_echo_smoothing_noise,20260806
01_03-01-08-01-01-01-01_aug3,Actor_01/03-01-08-01-01-01-01.wav,01,surprise,train,3,same_emotion_blend_spectral_tilt_dropout,20260807
01_03-01-08-01-01-02-01_aug1,Actor_01/03-01-08-01-01-02-01.wav,01,surprise,train,1,gain_shift_colored_noise,20260805
01_03-01-08-01-01-02-01_aug2,Actor_01/03-01-08-01-01-02-01.wav,01,surprise,train,2,room_echo_smoothing_noise,20260806
01_03-01-08-01-01-02-01_aug3,Actor_01/03-01-08-01-01-02-01.wav,01,surprise,train,3,same_emotion_blend_spectral_tilt_dropout,20260807
01_03-01-08-01-02-01-01_aug1,Actor_01/03-01-08-01-02-01-01.wav,01,surprise,train,1,gain_shift_colored_noise,20260805
01_03-01-08-01-02-01-01_aug2,Actor_01/03-01-08-01-02-01-01.wav,01,surprise,train,2,room_echo_smoothing_noise,20260806
01_03-01-08-01-02-01-01_aug3,Actor_01/03-01-08-01-02-01-01.wav,01,surprise,train,3,same_emotion_blend_spectral_tilt_dropout,20260807
01_03-01-08-01-02-02-01_aug1,Actor_01/03-01-08-01-02-02-01.wav,01,surprise,train,1,gain_shift_colored_noise,20260805
01_03-01-08-01-02-02-01_aug2,Actor_01/03-01-08-01-02-02-01.wav,01,surprise,train,2,room_echo_smoothing_noise,20260806
01_03-01-08-01-02-02-01_aug3,Actor_01/03-01-08-01-02-02-01.wav,01,surprise,train,3,same_emotion_blend_spectral_tilt_dropout,20260807
01_03-01-08-02-01-01-01_aug1,Actor_01/03-01-08-02-01-01-01.wav,01,surprise,train,1,gain_shift_colored_noise,20260805
01_03-01-08-02-01-01-01_aug2,Actor_01/03-01-08-02-01-01-01.wav,01,surprise,train,2,room_echo_smoothing_noise,20260806
01_03-01-08-02-01-01-01_aug3,Actor_01/03-01-08-02-01-01-01.wav,01,surprise,train,3,same_emotion_blend_spectral_tilt_dropout,20260807
01_03-01-08-02-01-02-01_aug1,Actor_01/03-01-08-02-01-02-01.wav,01,surprise,train,1,gain_shift_colored_noise,20260805
01_03-01-08-02-01-02-01_aug2,Actor_01/03-01-08-02-01-02-01.wav,01,surprise,train,2,room_echo_smoothing_noise,20260806
01_03-01-08-02-01-02-01_aug3,Actor_01/03-01-08-02-01-02-01.wav,01,surprise,train,3,same_emotion_blend_spectral_tilt_dropout,20260807
01_03-01-08-02-02-01-01_aug1,Actor_01/03-01-08-02-02-01-01.wav,01,surprise,train,1,gain_shift_colored_noise,20260805
01_03-01-08-02-02-01-01_aug2,Actor_01/03-01-08-02-02-01-01.wav,01,surprise,train,2,room_echo_smoothing_noise,20260806
01_03-01-08-02-02-01-01_aug3,Actor_01/03-01-08-02-02-01-01.wav,01,surprise,train,3,same_emotion_blend_spectral_tilt_dropout,20260807
01_03-01-08-02-02-02-01_aug1,Actor_01/03-01-08-02-02-02-01.wav,01,surprise,train,1,gain_shift_colored_noise,20260805
01_03-01-08-02-02-02-01_aug2,Actor_01/03-01-08-02-02-02-01.wav,01,surprise,train,2,room_echo_smoothing_noise,20260806
01_03-01-08-02-02-02-01_aug3,Actor_01/03-01-08-02-02-02-01.wav,01,surprise,train,3,same_emotion_blend_spectral_tilt_dropout,20260807
02_03-01-01-01-01-01-02_aug1,Actor_02/03-01-01-01-01-01-02.wav,02,neutral,train,1,gain_shift_colored_noise,20260805
02_03-01-01-01-01-01-02_aug2,Actor_02/03-01-01-01-01-01-02.wav,02,neutral,train,2,room_echo_smoothing_noise,20260806
02_03-01-01-01-01-01-02_aug3,Actor_02/03-01-01-01-01-01-02.wav,02,neutral,train,3,same_emotion_blend_spectral_tilt_dropout,20260807
02_03-01-01-01-01-02-02_aug1,Actor_02/03-01-01-01-01-02-02.wav,02,neutral,train,1,gain_shift_colored_noise,20260805
02_03-01-01-01-01-02-02_aug2,Actor_02/03-01-01-01-01-02-02.wav,02,neutral,train,2,room_echo_smoothing_noise,20260806
02_03-01-01-01-01-02-02_aug3,Actor_02/03-01-01-01-01-02-02.wav,02,neutral,train,3,same_emotion_blend_spectral_tilt_dropout,20260807
02_03-01-01-01-02-01-02_aug1,Actor_02/03-01-01-01-02-01-02.wav,02,neutral,train,1,gain_shift_colored_noise,20260805
02_03-01-01-01-02-01-02_aug2,Actor_02/03-01-01-01-02-01-02.wav,02,neutral,train,2,room_echo_smoothing_noise,20260806
02_03-01-01-01-02-01-02_aug3,Actor_02/03-01-01-01-02-01-02.wav,02,neutral,train,3,same_emotion_blend_spectral_tilt_dropout,20260807
02_03-01-01-01-02-02-02_aug1,Actor_02/03-01-01-01-02-02-02.wav,02,neutral,train,1,gain_shift_colored_noise,20260805
02_03-01-01-01-02-02-02_aug2,Actor_02/03-01-01-01-02-02-02.wav,02,neutral,train,2,room_echo_smoothing_noise,20260806
02_03-01-01-01-02-02-02_aug3,Actor_02/03-01-01-01-02-02-02.wav,02,neutral,train,3,same_emotion_blend_spectral_tilt_dropout,20260807
02_03-01-02-01-01-01-02_aug1,Actor_02/03-01-02-01-01-01-02.wav,02,neutral,train,1,gain_shift_colored_noise,20260805
02_03-01-02-01-01-01-02_aug2,Actor_02/03-01-02-01-01-01-02.wav,02,neutral,train,2,room_echo_smoothing_noise,20260806
02_03-01-02-01-01-01-02_aug3,Actor_02/03-01-02-01-01-01-02.wav,02,neutral,train,3,same_emotion_blend_spectral_tilt_dropout,20260807
02_03-01-02-01-01-02-02_aug1,Actor_02/03-01-02-01-01-02-02.wav,02,neutral,train,1,gain_shift_colored_noise,20260805
02_03-01-02-01-01-02-02_aug2,Actor_02/03-01-02-01-01-02-02.wav,02,neutral,train,2,room_echo_smoothing_noise,20260806
02_03-01-02-01-01-02-02_aug3,Actor_02/03-01-02-01-01-02-02.wav,02,neutral,train,3,same_emotion_blend_spectral_tilt_dropout,20260807
02_03-01-02-01-02-01-02_aug1,Actor_02/03-01-02-01-02-01-02.wav,02,neutral,train,1,gain_shift_colored_noise,20260805
02_03-01-02-01-02-01-02_aug2,Actor_02/03-01-02-01-02-01-02.wav,02,neutral,train,2,room_echo_smoothing_noise,20260806
02_03-01-02-01-02-01-02_aug3,Actor_02/03-01-02-01-02-01-02.wav,02,neutral,train,3,same_emotion_blend_spectral_tilt_dropout,20260807
02_03-01-02-01-02-02-02_aug1,Actor_02/03-01-02-01-02-02-02.wav,02,neutral,train,1,gain_shift_colored_noise,20260805
02_03-01-02-01-02-02-02_aug2,Actor_02/03-01-02-01-02-02-02.wav,02,neutral,train,2,room_echo_smoothing_noise,20260806
02_03-01-02-01-02-02-02_aug3,Actor_02/03-01-02-01-02-02-02.wav,02,neutral,train,3,same_emotion_blend_spectral_tilt_dropout,20260807
02_03-01-02-02-01-01-02_aug1,Actor_02/03-01-02-02-01-01-02.wav,02,neutral,train,1,gain_shift_colored_noise,20260805
02_03-01-02-02-01-01-02_aug2,Actor_02/03-01-02-02-01-01-02.wav,02,neutral,train,2,room_echo_smoothing_noise,20260806
02_03-01-02-02-01-01-02_aug3,Actor_02/03-01-02-02-01-01-02.wav,02,neutral,train,3,same_emotion_blend_spectral_tilt_dropout,20260807
02_03-01-02-02-01-02-02_aug1,Actor_02/03-01-02-02-01-02-02.wav,02,neutral,train,1,gain_shift_colored_noise,20260805
02_03-01-02-02-01-02-02_aug2,Actor_02/03-01-02-02-01-02-02.wav,02,neutral,train,2,room_echo_smoothing_noise,20260806
02_03-01-02-02-01-02-02_aug3,Actor_02/03-01-02-02-01-02-02.wav,02,neutral,train,3,same_emotion_blend_spectral_tilt_dropout,20260807
02_03-01-02-02-02-01-02_aug1,Actor_02/03-01-02-02-02-01-02.wav,02,neutral,train,1,gain_shift_colored_noise,20260805
02_03-01-02-02-02-01-02_aug2,Actor_02/03-01-02-02-02-01-02.wav,02,neutral,train,2,room_echo_smoothing_noise,20260806
02_03-01-02-02-02-01-02_aug3,Actor_02/03-01-02-02-02-01-02.wav,02,neutral,train,3,same_emotion_blend_spectral_tilt_dropout,20260807
02_03-01-02-02-02-02-02_aug1,Actor_02/03-01-02-02-02-02-02.wav,02,neutral,train,1,gain_shift_colored_noise,20260805
02_03-01-02-02-02-02-02_aug2,Actor_02/03-01-02-02-02-02-02.wav,02,neutral,train,2,room_echo_smoothing_noise,20260806
02_03-01-02-02-02-02-02_aug3,Actor_02/03-01-02-02-02-02-02.wav,02,neutral,train,3,same_emotion_blend_spectral_tilt_dropout,20260807
02_03-01-03-01-01-01-02_aug1,Actor_02/03-01-03-01-01-01-02.wav,02,happy,train,1,gain_shift_colored_noise,20260805
02_03-01-03-01-01-01-02_aug2,Actor_02/03-01-03-01-01-01-02.wav,02,happy,train,2,room_echo_smoothing_noise,20260806
02_03-01-03-01-01-01-02_aug3,Actor_02/03-01-03-01-01-01-02.wav,02,happy,train,3,same_emotion_blend_spectral_tilt_dropout,20260807
02_03-01-03-01-01-02-02_aug1,Actor_02/03-01-03-01-01-02-02.wav,02,happy,train,1,gain_shift_colored_noise,20260805
02_03-01-03-01-01-02-02_aug2,Actor_02/03-01-03-01-01-02-02.wav,02,happy,train,2,room_echo_smoothing_noise,20260806
02_03-01-03-01-01-02-02_aug3,Actor_02/03-01-03-01-01-02-02.wav,02,happy,train,3,same_emotion_blend_spectral_tilt_dropout,20260807
02_03-01-03-01-02-01-02_aug1,Actor_02/03-01-03-01-02-01-02.wav,02,happy,train,1,gain_shift_colored_noise,20260805
02_03-01-03-01-02-01-02_aug2,Actor_02/03-01-03-01-02-01-02.wav,02,happy,train,2,room_echo_smoothing_noise,20260806
02_03-01-03-01-02-01-02_aug3,Actor_02/03-01-03-01-02-01-02.wav,02,happy,train,3,same_emotion_blend_spectral_tilt_dropout,20260807
02_03-01-03-01-02-02-02_aug1,Actor_02/03-01-03-01-02-02-02.wav,02,happy,train,1,gain_shift_colored_noise,20260805
02_03-01-03-01-02-02-02_aug2,Actor_02/03-01-03-01-02-02-02.wav,02,happy,train,2,room_echo_smoothing_noise,20260806
02_03-01-03-01-02-02-02_aug3,Actor_02/03-01-03-01-02-02-02.wav,02,happy,train,3,same_emotion_blend_spectral_tilt_dropout,20260807
02_03-01-03-02-01-01-02_aug1,Actor_02/03-01-03-02-01-01-02.wav,02,happy,train,1,gain_shift_colored_noise,20260805
02_03-01-03-02-01-01-02_aug2,Actor_02/03-01-03-02-01-01-02.wav,02,happy,train,2,room_echo_smoothing_noise,20260806
02_03-01-03-02-01-01-02_aug3,Actor_02/03-01-03-02-01-01-02.wav,02,happy,train,3,same_emotion_blend_spectral_tilt_dropout,20260807
02_03-01-03-02-01-02-02_aug1,Actor_02/03-01-03-02-01-02-02.wav,02,happy,train,1,gain_shift_colored_noise,20260805
02_03-01-03-02-01-02-02_aug2,Actor_02/03-01-03-02-01-02-02.wav,02,happy,train,2,room_echo_smoothing_noise,20260806
02_03-01-03-02-01-02-02_aug3,Actor_02/03-01-03-02-01-02-02.wav,02,happy,train,3,same_emotion_blend_spectral_tilt_dropout,20260807
02_03-01-03-02-02-01-02_aug1,Actor_02/03-01-03-02-02-01-02.wav,02,happy,train,1,gain_shift_colored_noise,20260805
02_03-01-03-02-02-01-02_aug2,Actor_02/03-01-03-02-02-01-02.wav,02,happy,train,2,room_echo_smoothing_noise,20260806
02_03-01-03-02-02-01-02_aug3,Actor_02/03-01-03-02-02-01-02.wav,02,happy,train,3,same_emotion_blend_spectral_tilt_dropout,20260807
02_03-01-03-02-02-02-02_aug1,Actor_02/03-01-03-02-02-02-02.wav,02,happy,train,1,gain_shift_colored_noise,20260805
02_03-01-03-02-02-02-02_aug2,Actor_02/03-01-03-02-02-02-02.wav,02,happy,train,2,room_echo_smoothing_noise,20260806
02_03-01-03-02-02-02-02_aug3,Actor_02/03-01-03-02-02-02-02.wav,02,happy,train,3,same_emotion_blend_spectral_tilt_dropout,20260807
02_03-01-04-01-01-01-02_aug1,Actor_02/03-01-04-01-01-01-02.wav,02,sad,train,1,gain_shift_colored_noise,20260805
02_03-01-04-01-01-01-02_aug2,Actor_02/03-01-04-01-01-01-02.wav,02,sad,train,2,room_echo_smoothing_noise,20260806
02_03-01-04-01-01-01-02_aug3,Actor_02/03-01-04-01-01-01-02.wav,02,sad,train,3,same_emotion_blend_spectral_tilt_dropout,20260807
02_03-01-04-01-01-02-02_aug1,Actor_02/03-01-04-01-01-02-02.wav,02,sad,train,1,gain_shift_colored_noise,20260805
02_03-01-04-01-01-02-02_aug2,Actor_02/03-01-04-01-01-02-02.wav,02,sad,train,2,room_echo_smoothing_noise,20260806
02_03-01-04-01-01-02-02_aug3,Actor_02/03-01-04-01-01-02-02.wav,02,sad,train,3,same_emotion_blend_spectral_tilt_dropout,20260807
02_03-01-04-01-02-01-02_aug1,Actor_02/03-01-04-01-02-01-02.wav,02,sad,train,1,gain_shift_colored_noise,20260805
02_03-01-04-01-02-01-02_aug2,Actor_02/03-01-04-01-02-01-02.wav,02,sad,train,2,room_echo_smoothing_noise,20260806
02_03-01-04-01-02-01-02_aug3,Actor_02/03-01-04-01-02-01-02.wav,02,sad,train,3,same_emotion_blend_spectral_tilt_dropout,20260807
02_03-01-04-01-02-02-02_aug1,Actor_02/03-01-04-01-02-02-02.wav,02,sad,train,1,gain_shift_colored_noise,20260805
02_03-01-04-01-02-02-02_aug2,Actor_02/03-01-04-01-02-02-02.wav,02,sad,train,2,room_echo_smoothing_noise,20260806
02_03-01-04-01-02-02-02_aug3,Actor_02/03-01-04-01-02-02-02.wav,02,sad,train,3,same_emotion_blend_spectral_tilt_dropout,20260807
02_03-01-04-02-01-01-02_aug1,Actor_02/03-01-04-02-01-01-02.wav,02,sad,train,1,gain_shift_colored_noise,20260805
02_03-01-04-02-01-01-02_aug2,Actor_02/03-01-04-02-01-01-02.wav,02,sad,train,2,room_echo_smoothing_noise,20260806
02_03-01-04-02-01-01-02_aug3,Actor_02/03-01-04-02-01-01-02.wav,02,sad,train,3,same_emotion_blend_spectral_tilt_dropout,20260807
02_03-01-04-02-01-02-02_aug1,Actor_02/03-01-04-02-01-02-02.wav,02,sad,train,1,gain_shift_colored_noise,20260805
02_03-01-04-02-01-02-02_aug2,Actor_02/03-01-04-02-01-02-02.wav,02,sad,train,2,room_echo_smoothing_noise,20260806
02_03-01-04-02-01-02-02_aug3,Actor_02/03-01-04-02-01-02-02.wav,02,sad,train,3,same_emotion_blend_spectral_tilt_dropout,20260807
02_03-01-04-02-02-01-02_aug1,Actor_02/03-01-04-02-02-01-02.wav,02,sad,train,1,gain_shift_colored_noise,20260805
02_03-01-04-02-02-01-02_aug2,Actor_02/03-01-04-02-02-01-02.wav,02,sad,train,2,room_echo_smoothing_noise,20260806
02_03-01-04-02-02-01-02_aug3,Actor_02/03-01-04-02-02-01-02.wav,02,sad,train,3,same_emotion_blend_spectral_tilt_dropout,20260807
02_03-01-04-02-02-02-02_aug1,Actor_02/03-01-04-02-02-02-02.wav,02,sad,train,1,gain_shift_colored_noise,20260805
02_03-01-04-02-02-02-02_aug2,Actor_02/03-01-04-02-02-02-02.wav,02,sad,train,2,room_echo_smoothing_noise,20260806
02_03-01-04-02-02-02-02_aug3,Actor_02/03-01-04-02-02-02-02.wav,02,sad,train,3,same_emotion_blend_spectral_tilt_dropout,20260807
02_03-01-05-01-01-01-02_aug1,Actor_02/03-01-05-01-01-01-02.wav,02,angry,train,1,gain_shift_colored_noise,20260805
02_03-01-05-01-01-01-02_aug2,Actor_02/03-01-05-01-01-01-02.wav,02,angry,train,2,room_echo_smoothing_noise,20260806
02_03-01-05-01-01-01-02_aug3,Actor_02/03-01-05-01-01-01-02.wav,02,angry,train,3,same_emotion_blend_spectral_tilt_dropout,20260807
02_03-01-05-01-01-02-02_aug1,Actor_02/03-01-05-01-01-02-02.wav,02,angry,train,1,gain_shift_colored_noise,20260805
02_03-01-05-01-01-02-02_aug2,Actor_02/03-01-05-01-01-02-02.wav,02,angry,train,2,room_echo_smoothing_noise,20260806
02_03-01-05-01-01-02-02_aug3,Actor_02/03-01-05-01-01-02-02.wav,02,angry,train,3,same_emotion_blend_spectral_tilt_dropout,20260807
02_03-01-05-01-02-01-02_aug1,Actor_02/03-01-05-01-02-01-02.wav,02,angry,train,1,gain_shift_colored_noise,20260805
02_03-01-05-01-02-01-02_aug2,Actor_02/03-01-05-01-02-01-02.wav,02,angry,train,2,room_echo_smoothing_noise,20260806
02_03-01-05-01-02-01-02_aug3,Actor_02/03-01-05-01-02-01-02.wav,02,angry,train,3,same_emotion_blend_spectral_tilt_dropout,20260807
02_03-01-05-01-02-02-02_aug1,Actor_02/03-01-05-01-02-02-02.wav,02,angry,train,1,gain_shift_colored_noise,20260805
02_03-01-05-01-02-02-02_aug2,Actor_02/03-01-05-01-02-02-02.wav,02,angry,train,2,room_echo_smoothing_noise,20260806
02_03-01-05-01-02-02-02_aug3,Actor_02/03-01-05-01-02-02-02.wav,02,angry,train,3,same_emotion_blend_spectral_tilt_dropout,20260807
02_03-01-05-02-01-01-02_aug1,Actor_02/03-01-05-02-01-01-02.wav,02,angry,train,1,gain_shift_colored_noise,20260805
02_03-01-05-02-01-01-02_aug2,Actor_02/03-01-05-02-01-01-02.wav,02,angry,train,2,room_echo_smoothing_noise,20260806
02_03-01-05-02-01-01-02_aug3,Actor_02/03-01-05-02-01-01-02.wav,02,angry,train,3,same_emotion_blend_spectral_tilt_dropout,20260807
02_03-01-05-02-01-02-02_aug1,Actor_02/03-01-05-02-01-02-02.wav,02,angry,train,1,gain_shift_colored_noise,20260805
02_03-01-05-02-01-02-02_aug2,Actor_02/03-01-05-02-01-02-02.wav,02,angry,train,2,room_echo_smoothing_noise,20260806
02_03-01-05-02-01-02-02_aug3,Actor_02/03-01-05-02-01-02-02.wav,02,angry,train,3,same_emotion_blend_spectral_tilt_dropout,20260807
02_03-01-05-02-02-01-02_aug1,Actor_02/03-01-05-02-02-01-02.wav,02,angry,train,1,gain_shift_colored_noise,20260805
02_03-01-05-02-02-01-02_aug2,Actor_02/03-01-05-02-02-01-02.wav,02,angry,train,2,room_echo_smoothing_noise,20260806
02_03-01-05-02-02-01-02_aug3,Actor_02/03-01-05-02-02-01-02.wav,02,angry,train,3,same_emotion_blend_spectral_tilt_dropout,20260807
02_03-01-05-02-02-02-02_aug1,Actor_02/03-01-05-02-02-02-02.wav,02,angry,train,1,gain_shift_colored_noise,20260805
02_03-01-05-02-02-02-02_aug2,Actor_02/03-01-05-02-02-02-02.wav,02,angry,train,2,room_echo_smoothing_noise,20260806
02_03-01-05-02-02-02-02_aug3,Actor_02/03-01-05-02-02-02-02.wav,02,angry,train,3,same_emotion_blend_spectral_tilt_dropout,20260807
02_03-01-06-01-01-01-02_aug1,Actor_02/03-01-06-01-01-01-02.wav,02,fear,train,1,gain_shift_colored_noise,20260805
02_03-01-06-01-01-01-02_aug2,Actor_02/03-01-06-01-01-01-02.wav,02,fear,train,2,room_echo_smoothing_noise,20260806
02_03-01-06-01-01-01-02_aug3,Actor_02/03-01-06-01-01-01-02.wav,02,fear,train,3,same_emotion_blend_spectral_tilt_dropout,20260807
02_03-01-06-01-01-02-02_aug1,Actor_02/03-01-06-01-01-02-02.wav,02,fear,train,1,gain_shift_colored_noise,20260805
02_03-01-06-01-01-02-02_aug2,Actor_02/03-01-06-01-01-02-02.wav,02,fear,train,2,room_echo_smoothing_noise,20260806
02_03-01-06-01-01-02-02_aug3,Actor_02/03-01-06-01-01-02-02.wav,02,fear,train,3,same_emotion_blend_spectral_tilt_dropout,20260807
02_03-01-06-01-02-01-02_aug1,Actor_02/03-01-06-01-02-01-02.wav,02,fear,train,1,gain_shift_colored_noise,20260805
02_03-01-06-01-02-01-02_aug2,Actor_02/03-01-06-01-02-01-02.wav,02,fear,train,2,room_echo_smoothing_noise,20260806
02_03-01-06-01-02-01-02_aug3,Actor_02/03-01-06-01-02-01-02.wav,02,fear,train,3,same_emotion_blend_spectral_tilt_dropout,20260807
02_03-01-06-01-02-02-02_aug1,Actor_02/03-01-06-01-02-02-02.wav,02,fear,train,1,gain_shift_colored_noise,20260805
02_03-01-06-01-02-02-02_aug2,Actor_02/03-01-06-01-02-02-02.wav,02,fear,train,2,room_echo_smoothing_noise,20260806
02_03-01-06-01-02-02-02_aug3,Actor_02/03-01-06-01-02-02-02.wav,02,fear,train,3,same_emotion_blend_spectral_tilt_dropout,20260807
02_03-01-06-02-01-01-02_aug1,Actor_02/03-01-06-02-01-01-02.wav,02,fear,train,1,gain_shift_colored_noise,20260805
02_03-01-06-02-01-01-02_aug2,Actor_02/03-01-06-02-01-01-02.wav,02,fear,train,2,room_echo_smoothing_noise,20260806
02_03-01-06-02-01-01-02_aug3,Actor_02/03-01-06-02-01-01-02.wav,02,fear,train,3,same_emotion_blend_spectral_tilt_dropout,20260807
02_03-01-06-02-01-02-02_aug1,Actor_02/03-01-06-02-01-02-02.wav,02,fear,train,1,gain_shift_colored_noise,20260805
02_03-01-06-02-01-02-02_aug2,Actor_02/03-01-06-02-01-02-02.wav,02,fear,train,2,room_echo_smoothing_noise,20260806
02_03-01-06-02-01-02-02_aug3,Actor_02/03-01-06-02-01-02-02.wav,02,fear,train,3,same_emotion_blend_spectral_tilt_dropout,20260807
02_03-01-06-02-02-01-02_aug1,Actor_02/03-01-06-02-02-01-02.wav,02,fear,train,1,gain_shift_colored_noise,20260805
02_03-01-06-02-02-01-02_aug2,Actor_02/03-01-06-02-02-01-02.wav,02,fear,train,2,room_echo_smoothing_noise,20260806
02_03-01-06-02-02-01-02_aug3,Actor_02/03-01-06-02-02-01-02.wav,02,fear,train,3,same_emotion_blend_spectral_tilt_dropout,20260807
02_03-01-06-02-02-02-02_aug1,Actor_02/03-01-06-02-02-02-02.wav,02,fear,train,1,gain_shift_colored_noise,20260805
02_03-01-06-02-02-02-02_aug2,Actor_02/03-01-06-02-02-02-02.wav,02,fear,train,2,room_echo_smoothing_noise,20260806
02_03-01-06-02-02-02-02_aug3,Actor_02/03-01-06-02-02-02-02.wav,02,fear,train,3,same_emotion_blend_spectral_tilt_dropout,20260807
02_03-01-07-01-01-01-02_aug1,Actor_02/03-01-07-01-01-01-02.wav,02,disgust,train,1,gain_shift_colored_noise,20260805
02_03-01-07-01-01-01-02_aug2,Actor_02/03-01-07-01-01-01-02.wav,02,disgust,train,2,room_echo_smoothing_noise,20260806
02_03-01-07-01-01-01-02_aug3,Actor_02/03-01-07-01-01-01-02.wav,02,disgust,train,3,same_emotion_blend_spectral_tilt_dropout,20260807
02_03-01-07-01-01-02-02_aug1,Actor_02/03-01-07-01-01-02-02.wav,02,disgust,train,1,gain_shift_colored_noise,20260805
02_03-01-07-01-01-02-02_aug2,Actor_02/03-01-07-01-01-02-02.wav,02,disgust,train,2,room_echo_smoothing_noise,20260806
02_03-01-07-01-01-02-02_aug3,Actor_02/03-01-07-01-01-02-02.wav,02,disgust,train,3,same_emotion_blend_spectral_tilt_dropout,20260807
02_03-01-07-01-02-01-02_aug1,Actor_02/03-01-07-01-02-01-02.wav,02,disgust,train,1,gain_shift_colored_noise,20260805
02_03-01-07-01-02-01-02_aug2,Actor_02/03-01-07-01-02-01-02.wav,02,disgust,train,2,room_echo_smoothing_noise,20260806
02_03-01-07-01-02-01-02_aug3,Actor_02/03-01-07-01-02-01-02.wav,02,disgust,train,3,same_emotion_blend_spectral_tilt_dropout,20260807
02_03-01-07-01-02-02-02_aug1,Actor_02/03-01-07-01-02-02-02.wav,02,disgust,train,1,gain_shift_colored_noise,20260805
02_03-01-07-01-02-02-02_aug2,Actor_02/03-01-07-01-02-02-02.wav,02,disgust,train,2,room_echo_smoothing_noise,20260806
02_03-01-07-01-02-02-02_aug3,Actor_02/03-01-07-01-02-02-02.wav,02,disgust,train,3,same_emotion_blend_spectral_tilt_dropout,20260807
02_03-01-07-02-01-01-02_aug1,Actor_02/03-01-07-02-01-01-02.wav,02,disgust,train,1,gain_shift_colored_noise,20260805
02_03-01-07-02-01-01-02_aug2,Actor_02/03-01-07-02-01-01-02.wav,02,disgust,train,2,room_echo_smoothing_noise,20260806
02_03-01-07-02-01-01-02_aug3,Actor_02/03-01-07-02-01-01-02.wav,02,disgust,train,3,same_emotion_blend_spectral_tilt_dropout,20260807
02_03-01-07-02-01-02-02_aug1,Actor_02/03-01-07-02-01-02-02.wav,02,disgust,train,1,gain_shift_colored_noise,20260805
02_03-01-07-02-01-02-02_aug2,Actor_02/03-01-07-02-01-02-02.wav,02,disgust,train,2,room_echo_smoothing_noise,20260806
02_03-01-07-02-01-02-02_aug3,Actor_02/03-01-07-02-01-02-02.wav,02,disgust,train,3,same_emotion_blend_spectral_tilt_dropout,20260807
02_03-01-07-02-02-01-02_aug1,Actor_02/03-01-07-02-02-01-02.wav,02,disgust,train,1,gain_shift_colored_noise,20260805
02_03-01-07-02-02-01-02_aug2,Actor_02/03-01-07-02-02-01-02.wav,02,disgust,train,2,room_echo_smoothing_noise,20260806
02_03-01-07-02-02-01-02_aug3,Actor_02/03-01-07-02-02-01-02.wav,02,disgust,train,3,same_emotion_blend_spectral_tilt_dropout,20260807
02_03-01-07-02-02-02-02_aug1,Actor_02/03-01-07-02-02-02-02.wav,02,disgust,train,1,gain_shift_colored_noise,20260805
02_03-01-07-02-02-02-02_aug2,Actor_02/03-01-07-02-02-02-02.wav,02,disgust,train,2,room_echo_smoothing_noise,20260806
02_03-01-07-02-02-02-02_aug3,Actor_02/03-01-07-02-02-02-02.wav,02,disgust,train,3,same_emotion_blend_spectral_tilt_dropout,20260807
02_03-01-08-01-01-01-02_aug1,Actor_02/03-01-08-01-01-01-02.wav,02,surprise,train,1,gain_shift_colored_noise,20260805
02_03-01-08-01-01-01-02_aug2,Actor_02/03-01-08-01-01-01-02.wav,02,surprise,train,2,room_echo_smoothing_noise,20260806
02_03-01-08-01-01-01-02_aug3,Actor_02/03-01-08-01-01-01-02.wav,02,surprise,train,3,same_emotion_blend_spectral_tilt_dropout,20260807
02_03-01-08-01-01-02-02_aug1,Actor_02/03-01-08-01-01-02-02.wav,02,surprise,train,1,gain_shift_colored_noise,20260805
02_03-01-08-01-01-02-02_aug2,Actor_02/03-01-08-01-01-02-02.wav,02,surprise,train,2,room_echo_smoothing_noise,20260806
02_03-01-08-01-01-02-02_aug3,Actor_02/03-01-08-01-01-02-02.wav,02,surprise,train,3,same_emotion_blend_spectral_tilt_dropout,20260807
02_03-01-08-01-02-01-02_aug1,Actor_02/03-01-08-01-02-01-02.wav,02,surprise,train,1,gain_shift_colored_noise,20260805
02_03-01-08-01-02-01-02_aug2,Actor_02/03-01-08-01-02-01-02.wav,02,surprise,train,2,room_echo_smoothing_noise,20260806
02_03-01-08-01-02-01-02_aug3,Actor_02/03-01-08-01-02-01-02.wav,02,surprise,train,3,same_emotion_blend_spectral_tilt_dropout,20260807
02_03-01-08-01-02-02-02_aug1,Actor_02/03-01-08-01-02-02-02.wav,02,surprise,train,1,gain_shift_colored_noise,20260805
02_03-01-08-01-02-02-02_aug2,Actor_02/03-01-08-01-02-02-02.wav,02,surprise,train,2,room_echo_smoothing_noise,20260806
02_03-01-08-01-02-02-02_aug3,Actor_02/03-01-08-01-02-02-02.wav,02,surprise,train,3,same_emotion_blend_spectral_tilt_dropout,20260807
02_03-01-08-02-01-01-02_aug1,Actor_02/03-01-08-02-01-01-02.wav,02,surprise,train,1,gain_shift_colored_noise,20260805
02_03-01-08-02-01-01-02_aug2,Actor_02/03-01-08-02-01-01-02.wav,02,surprise,train,2,room_echo_smoothing_noise,20260806
02_03-01-08-02-01-01-02_aug3,Actor_02/03-01-08-02-01-01-02.wav,02,surprise,train,3,same_emotion_blend_spectral_tilt_dropout,20260807
02_03-01-08-02-01-02-02_aug1,Actor_02/03-01-08-02-01-02-02.wav,02,surprise,train,1,gain_shift_colored_noise,20260805
02_03-01-08-02-01-02-02_aug2,Actor_02/03-01-08-02-01-02-02.wav,02,surprise,train,2,room_echo_smoothing_noise,20260806
02_03-01-08-02-01-02-02_aug3,Actor_02/03-01-08-02-01-02-02.wav,02,surprise,train,3,same_emotion_blend_spectral_tilt_dropout,20260807
02_03-01-08-02-02-01-02_aug1,Actor_02/03-01-08-02-02-01-02.wav,02,surprise,train,1,gain_shift_colored_noise,20260805
02_03-01-08-02-02-01-02_aug2,Actor_02/03-01-08-02-02-01-02.wav,02,surprise,train,2,room_echo_smoothing_noise,20260806
02_03-01-08-02-02-01-02_aug3,Actor_02/03-01-08-02-02-01-02.wav,02,surprise,train,3,same_emotion_blend_spectral_tilt_dropout,20260807
02_03-01-08-02-02-02-02_aug1,Actor_02/03-01-08-02-02-02-02.wav,02,surprise,train,1,gain_shift_colored_noise,20260805
02_03-01-08-02-02-02-02_aug2,Actor_02/03-01-08-02-02-02-02.wav,02,surprise,train,2,room_echo_smoothing_noise,20260806
02_03-01-08-02-02-02-02_aug3,Actor_02/03-01-08-02-02-02-02.wav,02,surprise,train,3,same_emotion_blend_spectral_tilt_dropout,20260807
03_03-01-01-01-01-01-03_aug1,Actor_03/03-01-01-01-01-01-03.wav,03,neutral,train,1,gain_shift_colored_noise,20260805
03_03-01-01-01-01-01-03_aug2,Actor_03/03-01-01-01-01-01-03.wav,03,neutral,train,2,room_echo_smoothing_noise,20260806
03_03-01-01-01-01-01-03_aug3,Actor_03/03-01-01-01-01-01-03.wav,03,neutral,train,3,same_emotion_blend_spectral_tilt_dropout,20260807
03_03-01-01-01-01-02-03_aug1,Actor_03/03-01-01-01-01-02-03.wav,03,neutral,train,1,gain_shift_colored_noise,20260805
03_03-01-01-01-01-02-03_aug2,Actor_03/03-01-01-01-01-02-03.wav,03,neutral,train,2,room_echo_smoothing_noise,20260806
03_03-01-01-01-01-02-03_aug3,Actor_03/03-01-01-01-01-02-03.wav,03,neutral,train,3,same_emotion_blend_spectral_tilt_dropout,20260807
03_03-01-01-01-02-01-03_aug1,Actor_03/03-01-01-01-02-01-03.wav,03,neutral,train,1,gain_shift_colored_noise,20260805
03_03-01-01-01-02-01-03_aug2,Actor_03/03-01-01-01-02-01-03.wav,03,neutral,train,2,room_echo_smoothing_noise,20260806
03_03-01-01-01-02-01-03_aug3,Actor_03/03-01-01-01-02-01-03.wav,03,neutral,train,3,same_emotion_blend_spectral_tilt_dropout,20260807
03_03-01-01-01-02-02-03_aug1,Actor_03/03-01-01-01-02-02-03.wav,03,neutral,train,1,gain_shift_colored_noise,20260805
03_03-01-01-01-02-02-03_aug2,Actor_03/03-01-01-01-02-02-03.wav,03,neutral,train,2,room_echo_smoothing_noise,20260806
03_03-01-01-01-02-02-03_aug3,Actor_03/03-01-01-01-02-02-03.wav,03,neutral,train,3,same_emotion_blend_spectral_tilt_dropout,20260807
03_03-01-02-01-01-01-03_aug1,Actor_03/03-01-02-01-01-01-03.wav,03,neutral,train,1,gain_shift_colored_noise,20260805
03_03-01-02-01-01-01-03_aug2,Actor_03/03-01-02-01-01-01-03.wav,03,neutral,train,2,room_echo_smoothing_noise,20260806
03_03-01-02-01-01-01-03_aug3,Actor_03/03-01-02-01-01-01-03.wav,03,neutral,train,3,same_emotion_blend_spectral_tilt_dropout,20260807
03_03-01-02-01-01-02-03_aug1,Actor_03/03-01-02-01-01-02-03.wav,03,neutral,train,1,gain_shift_colored_noise,20260805
03_03-01-02-01-01-02-03_aug2,Actor_03/03-01-02-01-01-02-03.wav,03,neutral,train,2,room_echo_smoothing_noise,20260806
03_03-01-02-01-01-02-03_aug3,Actor_03/03-01-02-01-01-02-03.wav,03,neutral,train,3,same_emotion_blend_spectral_tilt_dropout,20260807
03_03-01-02-01-02-01-03_aug1,Actor_03/03-01-02-01-02-01-03.wav,03,neutral,train,1,gain_shift_colored_noise,20260805
03_03-01-02-01-02-01-03_aug2,Actor_03/03-01-02-01-02-01-03.wav,03,neutral,train,2,room_echo_smoothing_noise,20260806
03_03-01-02-01-02-01-03_aug3,Actor_03/03-01-02-01-02-01-03.wav,03,neutral,train,3,same_emotion_blend_spectral_tilt_dropout,20260807
03_03-01-02-01-02-02-03_aug1,Actor_03/03-01-02-01-02-02-03.wav,03,neutral,train,1,gain_shift_colored_noise,20260805
03_03-01-02-01-02-02-03_aug2,Actor_03/03-01-02-01-02-02-03.wav,03,neutral,train,2,room_echo_smoothing_noise,20260806
03_03-01-02-01-02-02-03_aug3,Actor_03/03-01-02-01-02-02-03.wav,03,neutral,train,3,same_emotion_blend_spectral_tilt_dropout,20260807
03_03-01-02-02-01-01-03_aug1,Actor_03/03-01-02-02-01-01-03.wav,03,neutral,train,1,gain_shift_colored_noise,20260805
03_03-01-02-02-01-01-03_aug2,Actor_03/03-01-02-02-01-01-03.wav,03,neutral,train,2,room_echo_smoothing_noise,20260806
03_03-01-02-02-01-01-03_aug3,Actor_03/03-01-02-02-01-01-03.wav,03,neutral,train,3,same_emotion_blend_spectral_tilt_dropout,20260807
03_03-01-02-02-01-02-03_aug1,Actor_03/03-01-02-02-01-02-03.wav,03,neutral,train,1,gain_shift_colored_noise,20260805
03_03-01-02-02-01-02-03_aug2,Actor_03/03-01-02-02-01-02-03.wav,03,neutral,train,2,room_echo_smoothing_noise,20260806
03_03-01-02-02-01-02-03_aug3,Actor_03/03-01-02-02-01-02-03.wav,03,neutral,train,3,same_emotion_blend_spectral_tilt_dropout,20260807
03_03-01-02-02-02-01-03_aug1,Actor_03/03-01-02-02-02-01-03.wav,03,neutral,train,1,gain_shift_colored_noise,20260805
03_03-01-02-02-02-01-03_aug2,Actor_03/03-01-02-02-02-01-03.wav,03,neutral,train,2,room_echo_smoothing_noise,20260806
03_03-01-02-02-02-01-03_aug3,Actor_03/03-01-02-02-02-01-03.wav,03,neutral,train,3,same_emotion_blend_spectral_tilt_dropout,20260807
03_03-01-02-02-02-02-03_aug1,Actor_03/03-01-02-02-02-02-03.wav,03,neutral,train,1,gain_shift_colored_noise,20260805
03_03-01-02-02-02-02-03_aug2,Actor_03/03-01-02-02-02-02-03.wav,03,neutral,train,2,room_echo_smoothing_noise,20260806
03_03-01-02-02-02-02-03_aug3,Actor_03/03-01-02-02-02-02-03.wav,03,neutral,train,3,same_emotion_blend_spectral_tilt_dropout,20260807
03_03-01-03-01-01-01-03_aug1,Actor_03/03-01-03-01-01-01-03.wav,03,happy,train,1,gain_shift_colored_noise,20260805
03_03-01-03-01-01-01-03_aug2,Actor_03/03-01-03-01-01-01-03.wav,03,happy,train,2,room_echo_smoothing_noise,20260806
03_03-01-03-01-01-01-03_aug3,Actor_03/03-01-03-01-01-01-03.wav,03,happy,train,3,same_emotion_blend_spectral_tilt_dropout,20260807
03_03-01-03-01-01-02-03_aug1,Actor_03/03-01-03-01-01-02-03.wav,03,happy,train,1,gain_shift_colored_noise,20260805
03_03-01-03-01-01-02-03_aug2,Actor_03/03-01-03-01-01-02-03.wav,03,happy,train,2,room_echo_smoothing_noise,20260806
03_03-01-03-01-01-02-03_aug3,Actor_03/03-01-03-01-01-02-03.wav,03,happy,train,3,same_emotion_blend_spectral_tilt_dropout,20260807
03_03-01-03-01-02-01-03_aug1,Actor_03/03-01-03-01-02-01-03.wav,03,happy,train,1,gain_shift_colored_noise,20260805
03_03-01-03-01-02-01-03_aug2,Actor_03/03-01-03-01-02-01-03.wav,03,happy,train,2,room_echo_smoothing_noise,20260806
03_03-01-03-01-02-01-03_aug3,Actor_03/03-01-03-01-02-01-03.wav,03,happy,train,3,same_emotion_blend_spectral_tilt_dropout,20260807
03_03-01-03-01-02-02-03_aug1,Actor_03/03-01-03-01-02-02-03.wav,03,happy,train,1,gain_shift_colored_noise,20260805
03_03-01-03-01-02-02-03_aug2,Actor_03/03-01-03-01-02-02-03.wav,03,happy,train,2,room_echo_smoothing_noise,20260806
03_03-01-03-01-02-02-03_aug3,Actor_03/03-01-03-01-02-02-03.wav,03,happy,train,3,same_emotion_blend_spectral_tilt_dropout,20260807
03_03-01-03-02-01-01-03_aug1,Actor_03/03-01-03-02-01-01-03.wav,03,happy,train,1,gain_shift_colored_noise,20260805
03_03-01-03-02-01-01-03_aug2,Actor_03/03-01-03-02-01-01-03.wav,03,happy,train,2,room_echo_smoothing_noise,20260806
03_03-01-03-02-01-01-03_aug3,Actor_03/03-01-03-02-01-01-03.wav,03,happy,train,3,same_emotion_blend_spectral_tilt_dropout,20260807
03_03-01-03-02-01-02-03_aug1,Actor_03/03-01-03-02-01-02-03.wav,03,happy,train,1,gain_shift_colored_noise,20260805
03_03-01-03-02-01-02-03_aug2,Actor_03/03-01-03-02-01-02-03.wav,03,happy,train,2,room_echo_smoothing_noise,20260806
03_03-01-03-02-01-02-03_aug3,Actor_03/03-01-03-02-01-02-03.wav,03,happy,train,3,same_emotion_blend_spectral_tilt_dropout,20260807
03_03-01-03-02-02-01-03_aug1,Actor_03/03-01-03-02-02-01-03.wav,03,happy,train,1,gain_shift_colored_noise,20260805
03_03-01-03-02-02-01-03_aug2,Actor_03/03-01-03-02-02-01-03.wav,03,happy,train,2,room_echo_smoothing_noise,20260806
03_03-01-03-02-02-01-03_aug3,Actor_03/03-01-03-02-02-01-03.wav,03,happy,train,3,same_emotion_blend_spectral_tilt_dropout,20260807
03_03-01-03-02-02-02-03_aug1,Actor_03/03-01-03-02-02-02-03.wav,03,happy,train,1,gain_shift_colored_noise,20260805
03_03-01-03-02-02-02-03_aug2,Actor_03/03-01-03-02-02-02-03.wav,03,happy,train,2,room_echo_smoothing_noise,20260806
03_03-01-03-02-02-02-03_aug3,Actor_03/03-01-03-02-02-02-03.wav,03,happy,train,3,same_emotion_blend_spectral_tilt_dropout,20260807
03_03-01-04-01-01-01-03_aug1,Actor_03/03-01-04-01-01-01-03.wav,03,sad,train,1,gain_shift_colored_noise,20260805
03_03-01-04-01-01-01-03_aug2,Actor_03/03-01-04-01-01-01-03.wav,03,sad,train,2,room_echo_smoothing_noise,20260806
03_03-01-04-01-01-01-03_aug3,Actor_03/03-01-04-01-01-01-03.wav,03,sad,train,3,same_emotion_blend_spectral_tilt_dropout,20260807
03_03-01-04-01-01-02-03_aug1,Actor_03/03-01-04-01-01-02-03.wav,03,sad,train,1,gain_shift_colored_noise,20260805
03_03-01-04-01-01-02-03_aug2,Actor_03/03-01-04-01-01-02-03.wav,03,sad,train,2,room_echo_smoothing_noise,20260806
03_03-01-04-01-01-02-03_aug3,Actor_03/03-01-04-01-01-02-03.wav,03,sad,train,3,same_emotion_blend_spectral_tilt_dropout,20260807
03_03-01-04-01-02-01-03_aug1,Actor_03/03-01-04-01-02-01-03.wav,03,sad,train,1,gain_shift_colored_noise,20260805
03_03-01-04-01-02-01-03_aug2,Actor_03/03-01-04-01-02-01-03.wav,03,sad,train,2,room_echo_smoothing_noise,20260806
03_03-01-04-01-02-01-03_aug3,Actor_03/03-01-04-01-02-01-03.wav,03,sad,train,3,same_emotion_blend_spectral_tilt_dropout,20260807
03_03-01-04-01-02-02-03_aug1,Actor_03/03-01-04-01-02-02-03.wav,03,sad,train,1,gain_shift_colored_noise,20260805
03_03-01-04-01-02-02-03_aug2,Actor_03/03-01-04-01-02-02-03.wav,03,sad,train,2,room_echo_smoothing_noise,20260806
03_03-01-04-01-02-02-03_aug3,Actor_03/03-01-04-01-02-02-03.wav,03,sad,train,3,same_emotion_blend_spectral_tilt_dropout,20260807
03_03-01-04-02-01-01-03_aug1,Actor_03/03-01-04-02-01-01-03.wav,03,sad,train,1,gain_shift_colored_noise,20260805
03_03-01-04-02-01-01-03_aug2,Actor_03/03-01-04-02-01-01-03.wav,03,sad,train,2,room_echo_smoothing_noise,20260806
03_03-01-04-02-01-01-03_aug3,Actor_03/03-01-04-02-01-01-03.wav,03,sad,train,3,same_emotion_blend_spectral_tilt_dropout,20260807
03_03-01-04-02-01-02-03_aug1,Actor_03/03-01-04-02-01-02-03.wav,03,sad,train,1,gain_shift_colored_noise,20260805
03_03-01-04-02-01-02-03_aug2,Actor_03/03-01-04-02-01-02-03.wav,03,sad,train,2,room_echo_smoothing_noise,20260806
03_03-01-04-02-01-02-03_aug3,Actor_03/03-01-04-02-01-02-03.wav,03,sad,train,3,same_emotion_blend_spectral_tilt_dropout,20260807
03_03-01-04-02-02-01-03_aug1,Actor_03/03-01-04-02-02-01-03.wav,03,sad,train,1,gain_shift_colored_noise,20260805
03_03-01-04-02-02-01-03_aug2,Actor_03/03-01-04-02-02-01-03.wav,03,sad,train,2,room_echo_smoothing_noise,20260806
03_03-01-04-02-02-01-03_aug3,Actor_03/03-01-04-02-02-01-03.wav,03,sad,train,3,same_emotion_blend_spectral_tilt_dropout,20260807
03_03-01-04-02-02-02-03_aug1,Actor_03/03-01-04-02-02-02-03.wav,03,sad,train,1,gain_shift_colored_noise,20260805
03_03-01-04-02-02-02-03_aug2,Actor_03/03-01-04-02-02-02-03.wav,03,sad,train,2,room_echo_smoothing_noise,20260806
03_03-01-04-02-02-02-03_aug3,Actor_03/03-01-04-02-02-02-03.wav,03,sad,train,3,same_emotion_blend_spectral_tilt_dropout,20260807
03_03-01-05-01-01-01-03_aug1,Actor_03/03-01-05-01-01-01-03.wav,03,angry,train,1,gain_shift_colored_noise,20260805
03_03-01-05-01-01-01-03_aug2,Actor_03/03-01-05-01-01-01-03.wav,03,angry,train,2,room_echo_smoothing_noise,20260806
03_03-01-05-01-01-01-03_aug3,Actor_03/03-01-05-01-01-01-03.wav,03,angry,train,3,same_emotion_blend_spectral_tilt_dropout,20260807
03_03-01-05-01-01-02-03_aug1,Actor_03/03-01-05-01-01-02-03.wav,03,angry,train,1,gain_shift_colored_noise,20260805
03_03-01-05-01-01-02-03_aug2,Actor_03/03-01-05-01-01-02-03.wav,03,angry,train,2,room_echo_smoothing_noise,20260806
03_03-01-05-01-01-02-03_aug3,Actor_03/03-01-05-01-01-02-03.wav,03,angry,train,3,same_emotion_blend_spectral_tilt_dropout,20260807
03_03-01-05-01-02-01-03_aug1,Actor_03/03-01-05-01-02-01-03.wav,03,angry,train,1,gain_shift_colored_noise,20260805
03_03-01-05-01-02-01-03_aug2,Actor_03/03-01-05-01-02-01-03.wav,03,angry,train,2,room_echo_smoothing_noise,20260806
03_03-01-05-01-02-01-03_aug3,Actor_03/03-01-05-01-02-01-03.wav,03,angry,train,3,same_emotion_blend_spectral_tilt_dropout,20260807
03_03-01-05-01-02-02-03_aug1,Actor_03/03-01-05-01-02-02-03.wav,03,angry,train,1,gain_shift_colored_noise,20260805
03_03-01-05-01-02-02-03_aug2,Actor_03/03-01-05-01-02-02-03.wav,03,angry,train,2,room_echo_smoothing_noise,20260806
03_03-01-05-01-02-02-03_aug3,Actor_03/03-01-05-01-02-02-03.wav,03,angry,train,3,same_emotion_blend_spectral_tilt_dropout,20260807
03_03-01-05-02-01-01-03_aug1,Actor_03/03-01-05-02-01-01-03.wav,03,angry,train,1,gain_shift_colored_noise,20260805
03_03-01-05-02-01-01-03_aug2,Actor_03/03-01-05-02-01-01-03.wav,03,angry,train,2,room_echo_smoothing_noise,20260806
03_03-01-05-02-01-01-03_aug3,Actor_03/03-01-05-02-01-01-03.wav,03,angry,train,3,same_emotion_blend_spectral_tilt_dropout,20260807
03_03-01-05-02-01-02-03_aug1,Actor_03/03-01-05-02-01-02-03.wav,03,angry,train,1,gain_shift_colored_noise,20260805
03_03-01-05-02-01-02-03_aug2,Actor_03/03-01-05-02-01-02-03.wav,03,angry,train,2,room_echo_smoothing_noise,20260806
03_03-01-05-02-01-02-03_aug3,Actor_03/03-01-05-02-01-02-03.wav,03,angry,train,3,same_emotion_blend_spectral_tilt_dropout,20260807
03_03-01-05-02-02-01-03_aug1,Actor_03/03-01-05-02-02-01-03.wav,03,angry,train,1,gain_shift_colored_noise,20260805
03_03-01-05-02-02-01-03_aug2,Actor_03/03-01-05-02-02-01-03.wav,03,angry,train,2,room_echo_smoothing_noise,20260806
03_03-01-05-02-02-01-03_aug3,Actor_03/03-01-05-02-02-01-03.wav,03,angry,train,3,same_emotion_blend_spectral_tilt_dropout,20260807
03_03-01-05-02-02-02-03_aug1,Actor_03/03-01-05-02-02-02-03.wav,03,angry,train,1,gain_shift_colored_noise,20260805
03_03-01-05-02-02-02-03_aug2,Actor_03/03-01-05-02-02-02-03.wav,03,angry,train,2,room_echo_smoothing_noise,20260806
03_03-01-05-02-02-02-03_aug3,Actor_03/03-01-05-02-02-02-03.wav,03,angry,train,3,same_emotion_blend_spectral_tilt_dropout,20260807
03_03-01-06-01-01-01-03_aug1,Actor_03/03-01-06-01-01-01-03.wav,03,fear,train,1,gain_shift_colored_noise,20260805
03_03-01-06-01-01-01-03_aug2,Actor_03/03-01-06-01-01-01-03.wav,03,fear,train,2,room_echo_smoothing_noise,20260806
03_03-01-06-01-01-01-03_aug3,Actor_03/03-01-06-01-01-01-03.wav,03,fear,train,3,same_emotion_blend_spectral_tilt_dropout,20260807
03_03-01-06-01-01-02-03_aug1,Actor_03/03-01-06-01-01-02-03.wav,03,fear,train,1,gain_shift_colored_noise,20260805
03_03-01-06-01-01-02-03_aug2,Actor_03/03-01-06-01-01-02-03.wav,03,fear,train,2,room_echo_smoothing_noise,20260806
03_03-01-06-01-01-02-03_aug3,Actor_03/03-01-06-01-01-02-03.wav,03,fear,train,3,same_emotion_blend_spectral_tilt_dropout,20260807
03_03-01-06-01-02-01-03_aug1,Actor_03/03-01-06-01-02-01-03.wav,03,fear,train,1,gain_shift_colored_noise,20260805
03_03-01-06-01-02-01-03_aug2,Actor_03/03-01-06-01-02-01-03.wav,03,fear,train,2,room_echo_smoothing_noise,20260806
03_03-01-06-01-02-01-03_aug3,Actor_03/03-01-06-01-02-01-03.wav,03,fear,train,3,same_emotion_blend_spectral_tilt_dropout,20260807
03_03-01-06-01-02-02-03_aug1,Actor_03/03-01-06-01-02-02-03.wav,03,fear,train,1,gain_shift_colored_noise,20260805
03_03-01-06-01-02-02-03_aug2,Actor_03/03-01-06-01-02-02-03.wav,03,fear,train,2,room_echo_smoothing_noise,20260806
03_03-01-06-01-02-02-03_aug3,Actor_03/03-01-06-01-02-02-03.wav,03,fear,train,3,same_emotion_blend_spectral_tilt_dropout,20260807
03_03-01-06-02-01-01-03_aug1,Actor_03/03-01-06-02-01-01-03.wav,03,fear,train,1,gain_shift_colored_noise,20260805
03_03-01-06-02-01-01-03_aug2,Actor_03/03-01-06-02-01-01-03.wav,03,fear,train,2,room_echo_smoothing_noise,20260806
03_03-01-06-02-01-01-03_aug3,Actor_03/03-01-06-02-01-01-03.wav,03,fear,train,3,same_emotion_blend_spectral_tilt_dropout,20260807
03_03-01-06-02-01-02-03_aug1,Actor_03/03-01-06-02-01-02-03.wav,03,fear,train,1,gain_shift_colored_noise,20260805
03_03-01-06-02-01-02-03_aug2,Actor_03/03-01-06-02-01-02-03.wav,03,fear,train,2,room_echo_smoothing_noise,20260806
03_03-01-06-02-01-02-03_aug3,Actor_03/03-01-06-02-01-02-03.wav,03,fear,train,3,same_emotion_blend_spectral_tilt_dropout,20260807
03_03-01-06-02-02-01-03_aug1,Actor_03/03-01-06-02-02-01-03.wav,03,fear,train,1,gain_shift_colored_noise,20260805
03_03-01-06-02-02-01-03_aug2,Actor_03/03-01-06-02-02-01-03.wav,03,fear,train,2,room_echo_smoothing_noise,20260806
03_03-01-06-02-02-01-03_aug3,Actor_03/03-01-06-02-02-01-03.wav,03,fear,train,3,same_emotion_blend_spectral_tilt_dropout,20260807
03_03-01-06-02-02-02-03_aug1,Actor_03/03-01-06-02-02-02-03.wav,03,fear,train,1,gain_shift_colored_noise,20260805
03_03-01-06-02-02-02-03_aug2,Actor_03/03-01-06-02-02-02-03.wav,03,fear,train,2,room_echo_smoothing_noise,20260806
03_03-01-06-02-02-02-03_aug3,Actor_03/03-01-06-02-02-02-03.wav,03,fear,train,3,same_emotion_blend_spectral_tilt_dropout,20260807
03_03-01-07-01-01-01-03_aug1,Actor_03/03-01-07-01-01-01-03.wav,03,disgust,train,1,gain_shift_colored_noise,20260805
03_03-01-07-01-01-01-03_aug2,Actor_03/03-01-07-01-01-01-03.wav,03,disgust,train,2,room_echo_smoothing_noise,20260806
03_03-01-07-01-01-01-03_aug3,Actor_03/03-01-07-01-01-01-03.wav,03,disgust,train,3,same_emotion_blend_spectral_tilt_dropout,20260807
03_03-01-07-01-01-02-03_aug1,Actor_03/03-01-07-01-01-02-03.wav,03,disgust,train,1,gain_shift_colored_noise,20260805
03_03-01-07-01-01-02-03_aug2,Actor_03/03-01-07-01-01-02-03.wav,03,disgust,train,2,room_echo_smoothing_noise,20260806
03_03-01-07-01-01-02-03_aug3,Actor_03/03-01-07-01-01-02-03.wav,03,disgust,train,3,same_emotion_blend_spectral_tilt_dropout,20260807
03_03-01-07-01-02-01-03_aug1,Actor_03/03-01-07-01-02-01-03.wav,03,disgust,train,1,gain_shift_colored_noise,20260805
03_03-01-07-01-02-01-03_aug2,Actor_03/03-01-07-01-02-01-03.wav,03,disgust,train,2,room_echo_smoothing_noise,20260806
03_03-01-07-01-02-01-03_aug3,Actor_03/03-01-07-01-02-01-03.wav,03,disgust,train,3,same_emotion_blend_spectral_tilt_dropout,20260807
03_03-01-07-01-02-02-03_aug1,Actor_03/03-01-07-01-02-02-03.wav,03,disgust,train,1,gain_shift_colored_noise,20260805
03_03-01-07-01-02-02-03_aug2,Actor_03/03-01-07-01-02-02-03.wav,03,disgust,train,2,room_echo_smoothing_noise,20260806
03_03-01-07-01-02-02-03_aug3,Actor_03/03-01-07-01-02-02-03.wav,03,disgust,train,3,same_emotion_blend_spectral_tilt_dropout,20260807
03_03-01-07-02-01-01-03_aug1,Actor_03/03-01-07-02-01-01-03.wav,03,disgust,train,1,gain_shift_colored_noise,20260805
03_03-01-07-02-01-01-03_aug2,Actor_03/03-01-07-02-01-01-03.wav,03,disgust,train,2,room_echo_smoothing_noise,20260806
03_03-01-07-02-01-01-03_aug3,Actor_03/03-01-07-02-01-01-03.wav,03,disgust,train,3,same_emotion_blend_spectral_tilt_dropout,20260807
03_03-01-07-02-01-02-03_aug1,Actor_03/03-01-07-02-01-02-03.wav,03,disgust,train,1,gain_shift_colored_noise,20260805
03_03-01-07-02-01-02-03_aug2,Actor_03/03-01-07-02-01-02-03.wav,03,disgust,train,2,room_echo_smoothing_noise,20260806
03_03-01-07-02-01-02-03_aug3,Actor_03/03-01-07-02-01-02-03.wav,03,disgust,train,3,same_emotion_blend_spectral_tilt_dropout,20260807
03_03-01-07-02-02-01-03_aug1,Actor_03/03-01-07-02-02-01-03.wav,03,disgust,train,1,gain_shift_colored_noise,20260805
03_03-01-07-02-02-01-03_aug2,Actor_03/03-01-07-02-02-01-03.wav,03,disgust,train,2,room_echo_smoothing_noise,20260806
03_03-01-07-02-02-01-03_aug3,Actor_03/03-01-07-02-02-01-03.wav,03,disgust,train,3,same_emotion_blend_spectral_tilt_dropout,20260807
03_03-01-07-02-02-02-03_aug1,Actor_03/03-01-07-02-02-02-03.wav,03,disgust,train,1,gain_shift_colored_noise,20260805
03_03-01-07-02-02-02-03_aug2,Actor_03/03-01-07-02-02-02-03.wav,03,disgust,train,2,room_echo_smoothing_noise,20260806
03_03-01-07-02-02-02-03_aug3,Actor_03/03-01-07-02-02-02-03.wav,03,disgust,train,3,same_emotion_blend_spectral_tilt_dropout,20260807
03_03-01-08-01-01-01-03_aug1,Actor_03/03-01-08-01-01-01-03.wav,03,surprise,train,1,gain_shift_colored_noise,20260805
03_03-01-08-01-01-01-03_aug2,Actor_03/03-01-08-01-01-01-03.wav,03,surprise,train,2,room_echo_smoothing_noise,20260806
03_03-01-08-01-01-01-03_aug3,Actor_03/03-01-08-01-01-01-03.wav,03,surprise,train,3,same_emotion_blend_spectral_tilt_dropout,20260807
03_03-01-08-01-01-02-03_aug1,Actor_03/03-01-08-01-01-02-03.wav,03,surprise,train,1,gain_shift_colored_noise,20260805
03_03-01-08-01-01-02-03_aug2,Actor_03/03-01-08-01-01-02-03.wav,03,surprise,train,2,room_echo_smoothing_noise,20260806
03_03-01-08-01-01-02-03_aug3,Actor_03/03-01-08-01-01-02-03.wav,03,surprise,train,3,same_emotion_blend_spectral_tilt_dropout,20260807
03_03-01-08-01-02-01-03_aug1,Actor_03/03-01-08-01-02-01-03.wav,03,surprise,train,1,gain_shift_colored_noise,20260805
03_03-01-08-01-02-01-03_aug2,Actor_03/03-01-08-01-02-01-03.wav,03,surprise,train,2,room_echo_smoothing_noise,20260806
03_03-01-08-01-02-01-03_aug3,Actor_03/03-01-08-01-02-01-03.wav,03,surprise,train,3,same_emotion_blend_spectral_tilt_dropout,20260807
03_03-01-08-01-02-02-03_aug1,Actor_03/03-01-08-01-02-02-03.wav,03,surprise,train,1,gain_shift_colored_noise,20260805
03_03-01-08-01-02-02-03_aug2,Actor_03/03-01-08-01-02-02-03.wav,03,surprise,train,2,room_echo_smoothing_noise,20260806
03_03-01-08-01-02-02-03_aug3,Actor_03/03-01-08-01-02-02-03.wav,03,surprise,train,3,same_emotion_blend_spectral_tilt_dropout,20260807
03_03-01-08-02-01-01-03_aug1,Actor_03/03-01-08-02-01-01-03.wav,03,surprise,train,1,gain_shift_colored_noise,20260805
03_03-01-08-02-01-01-03_aug2,Actor_03/03-01-08-02-01-01-03.wav,03,surprise,train,2,room_echo_smoothing_noise,20260806
03_03-01-08-02-01-01-03_aug3,Actor_03/03-01-08-02-01-01-03.wav,03,surprise,train,3,same_emotion_blend_spectral_tilt_dropout,20260807
03_03-01-08-02-01-02-03_aug1,Actor_03/03-01-08-02-01-02-03.wav,03,surprise,train,1,gain_shift_colored_noise,20260805
03_03-01-08-02-01-02-03_aug2,Actor_03/03-01-08-02-01-02-03.wav,03,surprise,train,2,room_echo_smoothing_noise,20260806
03_03-01-08-02-01-02-03_aug3,Actor_03/03-01-08-02-01-02-03.wav,03,surprise,train,3,same_emotion_blend_spectral_tilt_dropout,20260807
03_03-01-08-02-02-01-03_aug1,Actor_03/03-01-08-02-02-01-03.wav,03,surprise,train,1,gain_shift_colored_noise,20260805
03_03-01-08-02-02-01-03_aug2,Actor_03/03-01-08-02-02-01-03.wav,03,surprise,train,2,room_echo_smoothing_noise,20260806
03_03-01-08-02-02-01-03_aug3,Actor_03/03-01-08-02-02-01-03.wav,03,surprise,train,3,same_emotion_blend_spectral_tilt_dropout,20260807
03_03-01-08-02-02-02-03_aug1,Actor_03/03-01-08-02-02-02-03.wav,03,surprise,train,1,gain_shift_colored_noise,20260805
03_03-01-08-02-02-02-03_aug2,Actor_03/03-01-08-02-02-02-03.wav,03,surprise,train,2,room_echo_smoothing_noise,20260806
03_03-01-08-02-02-02-03_aug3,Actor_03/03-01-08-02-02-02-03.wav,03,surprise,train,3,same_emotion_blend_spectral_tilt_dropout,20260807
04_03-01-01-01-01-01-04_aug1,Actor_04/03-01-01-01-01-01-04.wav,04,neutral,train,1,gain_shift_colored_noise,20260805
04_03-01-01-01-01-01-04_aug2,Actor_04/03-01-01-01-01-01-04.wav,04,neutral,train,2,room_echo_smoothing_noise,20260806
04_03-01-01-01-01-01-04_aug3,Actor_04/03-01-01-01-01-01-04.wav,04,neutral,train,3,same_emotion_blend_spectral_tilt_dropout,20260807
04_03-01-01-01-01-02-04_aug1,Actor_04/03-01-01-01-01-02-04.wav,04,neutral,train,1,gain_shift_colored_noise,20260805
04_03-01-01-01-01-02-04_aug2,Actor_04/03-01-01-01-01-02-04.wav,04,neutral,train,2,room_echo_smoothing_noise,20260806
04_03-01-01-01-01-02-04_aug3,Actor_04/03-01-01-01-01-02-04.wav,04,neutral,train,3,same_emotion_blend_spectral_tilt_dropout,20260807
04_03-01-01-01-02-01-04_aug1,Actor_04/03-01-01-01-02-01-04.wav,04,neutral,train,1,gain_shift_colored_noise,20260805
04_03-01-01-01-02-01-04_aug2,Actor_04/03-01-01-01-02-01-04.wav,04,neutral,train,2,room_echo_smoothing_noise,20260806
04_03-01-01-01-02-01-04_aug3,Actor_04/03-01-01-01-02-01-04.wav,04,neutral,train,3,same_emotion_blend_spectral_tilt_dropout,20260807
04_03-01-01-01-02-02-04_aug1,Actor_04/03-01-01-01-02-02-04.wav,04,neutral,train,1,gain_shift_colored_noise,20260805
04_03-01-01-01-02-02-04_aug2,Actor_04/03-01-01-01-02-02-04.wav,04,neutral,train,2,room_echo_smoothing_noise,20260806
04_03-01-01-01-02-02-04_aug3,Actor_04/03-01-01-01-02-02-04.wav,04,neutral,train,3,same_emotion_blend_spectral_tilt_dropout,20260807
04_03-01-02-01-01-01-04_aug1,Actor_04/03-01-02-01-01-01-04.wav,04,neutral,train,1,gain_shift_colored_noise,20260805
04_03-01-02-01-01-01-04_aug2,Actor_04/03-01-02-01-01-01-04.wav,04,neutral,train,2,room_echo_smoothing_noise,20260806
04_03-01-02-01-01-01-04_aug3,Actor_04/03-01-02-01-01-01-04.wav,04,neutral,train,3,same_emotion_blend_spectral_tilt_dropout,20260807
04_03-01-02-01-01-02-04_aug1,Actor_04/03-01-02-01-01-02-04.wav,04,neutral,train,1,gain_shift_colored_noise,20260805
04_03-01-02-01-01-02-04_aug2,Actor_04/03-01-02-01-01-02-04.wav,04,neutral,train,2,room_echo_smoothing_noise,20260806
04_03-01-02-01-01-02-04_aug3,Actor_04/03-01-02-01-01-02-04.wav,04,neutral,train,3,same_emotion_blend_spectral_tilt_dropout,20260807
04_03-01-02-01-02-01-04_aug1,Actor_04/03-01-02-01-02-01-04.wav,04,neutral,train,1,gain_shift_colored_noise,20260805
04_03-01-02-01-02-01-04_aug2,Actor_04/03-01-02-01-02-01-04.wav,04,neutral,train,2,room_echo_smoothing_noise,20260806
04_03-01-02-01-02-01-04_aug3,Actor_04/03-01-02-01-02-01-04.wav,04,neutral,train,3,same_emotion_blend_spectral_tilt_dropout,20260807
04_03-01-02-01-02-02-04_aug1,Actor_04/03-01-02-01-02-02-04.wav,04,neutral,train,1,gain_shift_colored_noise,20260805
04_03-01-02-01-02-02-04_aug2,Actor_04/03-01-02-01-02-02-04.wav,04,neutral,train,2,room_echo_smoothing_noise,20260806
04_03-01-02-01-02-02-04_aug3,Actor_04/03-01-02-01-02-02-04.wav,04,neutral,train,3,same_emotion_blend_spectral_tilt_dropout,20260807
04_03-01-02-02-01-01-04_aug1,Actor_04/03-01-02-02-01-01-04.wav,04,neutral,train,1,gain_shift_colored_noise,20260805
04_03-01-02-02-01-01-04_aug2,Actor_04/03-01-02-02-01-01-04.wav,04,neutral,train,2,room_echo_smoothing_noise,20260806
04_03-01-02-02-01-01-04_aug3,Actor_04/03-01-02-02-01-01-04.wav,04,neutral,train,3,same_emotion_blend_spectral_tilt_dropout,20260807
04_03-01-02-02-01-02-04_aug1,Actor_04/03-01-02-02-01-02-04.wav,04,neutral,train,1,gain_shift_colored_noise,20260805
04_03-01-02-02-01-02-04_aug2,Actor_04/03-01-02-02-01-02-04.wav,04,neutral,train,2,room_echo_smoothing_noise,20260806
04_03-01-02-02-01-02-04_aug3,Actor_04/03-01-02-02-01-02-04.wav,04,neutral,train,3,same_emotion_blend_spectral_tilt_dropout,20260807
04_03-01-02-02-02-01-04_aug1,Actor_04/03-01-02-02-02-01-04.wav,04,neutral,train,1,gain_shift_colored_noise,20260805
04_03-01-02-02-02-01-04_aug2,Actor_04/03-01-02-02-02-01-04.wav,04,neutral,train,2,room_echo_smoothing_noise,20260806
04_03-01-02-02-02-01-04_aug3,Actor_04/03-01-02-02-02-01-04.wav,04,neutral,train,3,same_emotion_blend_spectral_tilt_dropout,20260807
04_03-01-02-02-02-02-04_aug1,Actor_04/03-01-02-02-02-02-04.wav,04,neutral,train,1,gain_shift_colored_noise,20260805
04_03-01-02-02-02-02-04_aug2,Actor_04/03-01-02-02-02-02-04.wav,04,neutral,train,2,room_echo_smoothing_noise,20260806
04_03-01-02-02-02-02-04_aug3,Actor_04/03-01-02-02-02-02-04.wav,04,neutral,train,3,same_emotion_blend_spectral_tilt_dropout,20260807
04_03-01-03-01-01-01-04_aug1,Actor_04/03-01-03-01-01-01-04.wav,04,happy,train,1,gain_shift_colored_noise,20260805
04_03-01-03-01-01-01-04_aug2,Actor_04/03-01-03-01-01-01-04.wav,04,happy,train,2,room_echo_smoothing_noise,20260806
04_03-01-03-01-01-01-04_aug3,Actor_04/03-01-03-01-01-01-04.wav,04,happy,train,3,same_emotion_blend_spectral_tilt_dropout,20260807
04_03-01-03-01-01-02-04_aug1,Actor_04/03-01-03-01-01-02-04.wav,04,happy,train,1,gain_shift_colored_noise,20260805
04_03-01-03-01-01-02-04_aug2,Actor_04/03-01-03-01-01-02-04.wav,04,happy,train,2,room_echo_smoothing_noise,20260806
04_03-01-03-01-01-02-04_aug3,Actor_04/03-01-03-01-01-02-04.wav,04,happy,train,3,same_emotion_blend_spectral_tilt_dropout,20260807
04_03-01-03-01-02-01-04_aug1,Actor_04/03-01-03-01-02-01-04.wav,04,happy,train,1,gain_shift_colored_noise,20260805
04_03-01-03-01-02-01-04_aug2,Actor_04/03-01-03-01-02-01-04.wav,04,happy,train,2,room_echo_smoothing_noise,20260806
04_03-01-03-01-02-01-04_aug3,Actor_04/03-01-03-01-02-01-04.wav,04,happy,train,3,same_emotion_blend_spectral_tilt_dropout,20260807
04_03-01-03-01-02-02-04_aug1,Actor_04/03-01-03-01-02-02-04.wav,04,happy,train,1,gain_shift_colored_noise,20260805
04_03-01-03-01-02-02-04_aug2,Actor_04/03-01-03-01-02-02-04.wav,04,happy,train,2,room_echo_smoothing_noise,20260806
04_03-01-03-01-02-02-04_aug3,Actor_04/03-01-03-01-02-02-04.wav,04,happy,train,3,same_emotion_blend_spectral_tilt_dropout,20260807
04_03-01-03-02-01-01-04_aug1,Actor_04/03-01-03-02-01-01-04.wav,04,happy,train,1,gain_shift_colored_noise,20260805
04_03-01-03-02-01-01-04_aug2,Actor_04/03-01-03-02-01-01-04.wav,04,happy,train,2,room_echo_smoothing_noise,20260806
04_03-01-03-02-01-01-04_aug3,Actor_04/03-01-03-02-01-01-04.wav,04,happy,train,3,same_emotion_blend_spectral_tilt_dropout,20260807
04_03-01-03-02-01-02-04_aug1,Actor_04/03-01-03-02-01-02-04.wav,04,happy,train,1,gain_shift_colored_noise,20260805
04_03-01-03-02-01-02-04_aug2,Actor_04/03-01-03-02-01-02-04.wav,04,happy,train,2,room_echo_smoothing_noise,20260806
04_03-01-03-02-01-02-04_aug3,Actor_04/03-01-03-02-01-02-04.wav,04,happy,train,3,same_emotion_blend_spectral_tilt_dropout,20260807
04_03-01-03-02-02-01-04_aug1,Actor_04/03-01-03-02-02-01-04.wav,04,happy,train,1,gain_shift_colored_noise,20260805
04_03-01-03-02-02-01-04_aug2,Actor_04/03-01-03-02-02-01-04.wav,04,happy,train,2,room_echo_smoothing_noise,20260806
04_03-01-03-02-02-01-04_aug3,Actor_04/03-01-03-02-02-01-04.wav,04,happy,train,3,same_emotion_blend_spectral_tilt_dropout,20260807
04_03-01-03-02-02-02-04_aug1,Actor_04/03-01-03-02-02-02-04.wav,04,happy,train,1,gain_shift_colored_noise,20260805
04_03-01-03-02-02-02-04_aug2,Actor_04/03-01-03-02-02-02-04.wav,04,happy,train,2,room_echo_smoothing_noise,20260806
04_03-01-03-02-02-02-04_aug3,Actor_04/03-01-03-02-02-02-04.wav,04,happy,train,3,same_emotion_blend_spectral_tilt_dropout,20260807
04_03-01-04-01-01-01-04_aug1,Actor_04/03-01-04-01-01-01-04.wav,04,sad,train,1,gain_shift_colored_noise,20260805
04_03-01-04-01-01-01-04_aug2,Actor_04/03-01-04-01-01-01-04.wav,04,sad,train,2,room_echo_smoothing_noise,20260806
04_03-01-04-01-01-01-04_aug3,Actor_04/03-01-04-01-01-01-04.wav,04,sad,train,3,same_emotion_blend_spectral_tilt_dropout,20260807
04_03-01-04-01-01-02-04_aug1,Actor_04/03-01-04-01-01-02-04.wav,04,sad,train,1,gain_shift_colored_noise,20260805
04_03-01-04-01-01-02-04_aug2,Actor_04/03-01-04-01-01-02-04.wav,04,sad,train,2,room_echo_smoothing_noise,20260806
04_03-01-04-01-01-02-04_aug3,Actor_04/03-01-04-01-01-02-04.wav,04,sad,train,3,same_emotion_blend_spectral_tilt_dropout,20260807
04_03-01-04-01-02-01-04_aug1,Actor_04/03-01-04-01-02-01-04.wav,04,sad,train,1,gain_shift_colored_noise,20260805
04_03-01-04-01-02-01-04_aug2,Actor_04/03-01-04-01-02-01-04.wav,04,sad,train,2,room_echo_smoothing_noise,20260806
04_03-01-04-01-02-01-04_aug3,Actor_04/03-01-04-01-02-01-04.wav,04,sad,train,3,same_emotion_blend_spectral_tilt_dropout,20260807
04_03-01-04-01-02-02-04_aug1,Actor_04/03-01-04-01-02-02-04.wav,04,sad,train,1,gain_shift_colored_noise,20260805
04_03-01-04-01-02-02-04_aug2,Actor_04/03-01-04-01-02-02-04.wav,04,sad,train,2,room_echo_smoothing_noise,20260806
04_03-01-04-01-02-02-04_aug3,Actor_04/03-01-04-01-02-02-04.wav,04,sad,train,3,same_emotion_blend_spectral_tilt_dropout,20260807
04_03-01-04-02-01-01-04_aug1,Actor_04/03-01-04-02-01-01-04.wav,04,sad,train,1,gain_shift_colored_noise,20260805
04_03-01-04-02-01-01-04_aug2,Actor_04/03-01-04-02-01-01-04.wav,04,sad,train,2,room_echo_smoothing_noise,20260806
04_03-01-04-02-01-01-04_aug3,Actor_04/03-01-04-02-01-01-04.wav,04,sad,train,3,same_emotion_blend_spectral_tilt_dropout,20260807
04_03-01-04-02-01-02-04_aug1,Actor_04/03-01-04-02-01-02-04.wav,04,sad,train,1,gain_shift_colored_noise,20260805
04_03-01-04-02-01-02-04_aug2,Actor_04/03-01-04-02-01-02-04.wav,04,sad,train,2,room_echo_smoothing_noise,20260806
04_03-01-04-02-01-02-04_aug3,Actor_04/03-01-04-02-01-02-04.wav,04,sad,train,3,same_emotion_blend_spectral_tilt_dropout,20260807
04_03-01-04-02-02-01-04_aug1,Actor_04/03-01-04-02-02-01-04.wav,04,sad,train,1,gain_shift_colored_noise,20260805
04_03-01-04-02-02-01-04_aug2,Actor_04/03-01-04-02-02-01-04.wav,04,sad,train,2,room_echo_smoothing_noise,20260806
04_03-01-04-02-02-01-04_aug3,Actor_04/03-01-04-02-02-01-04.wav,04,sad,train,3,same_emotion_blend_spectral_tilt_dropout,20260807
04_03-01-04-02-02-02-04_aug1,Actor_04/03-01-04-02-02-02-04.wav,04,sad,train,1,gain_shift_colored_noise,20260805
04_03-01-04-02-02-02-04_aug2,Actor_04/03-01-04-02-02-02-04.wav,04,sad,train,2,room_echo_smoothing_noise,20260806
04_03-01-04-02-02-02-04_aug3,Actor_04/03-01-04-02-02-02-04.wav,04,sad,train,3,same_emotion_blend_spectral_tilt_dropout,20260807
04_03-01-05-01-01-01-04_aug1,Actor_04/03-01-05-01-01-01-04.wav,04,angry,train,1,gain_shift_colored_noise,20260805
04_03-01-05-01-01-01-04_aug2,Actor_04/03-01-05-01-01-01-04.wav,04,angry,train,2,room_echo_smoothing_noise,20260806
04_03-01-05-01-01-01-04_aug3,Actor_04/03-01-05-01-01-01-04.wav,04,angry,train,3,same_emotion_blend_spectral_tilt_dropout,20260807
04_03-01-05-01-01-02-04_aug1,Actor_04/03-01-05-01-01-02-04.wav,04,angry,train,1,gain_shift_colored_noise,20260805
04_03-01-05-01-01-02-04_aug2,Actor_04/03-01-05-01-01-02-04.wav,04,angry,train,2,room_echo_smoothing_noise,20260806
04_03-01-05-01-01-02-04_aug3,Actor_04/03-01-05-01-01-02-04.wav,04,angry,train,3,same_emotion_blend_spectral_tilt_dropout,20260807
04_03-01-05-01-02-01-04_aug1,Actor_04/03-01-05-01-02-01-04.wav,04,angry,train,1,gain_shift_colored_noise,20260805
04_03-01-05-01-02-01-04_aug2,Actor_04/03-01-05-01-02-01-04.wav,04,angry,train,2,room_echo_smoothing_noise,20260806
04_03-01-05-01-02-01-04_aug3,Actor_04/03-01-05-01-02-01-04.wav,04,angry,train,3,same_emotion_blend_spectral_tilt_dropout,20260807
04_03-01-05-01-02-02-04_aug1,Actor_04/03-01-05-01-02-02-04.wav,04,angry,train,1,gain_shift_colored_noise,20260805
04_03-01-05-01-02-02-04_aug2,Actor_04/03-01-05-01-02-02-04.wav,04,angry,train,2,room_echo_smoothing_noise,20260806
04_03-01-05-01-02-02-04_aug3,Actor_04/03-01-05-01-02-02-04.wav,04,angry,train,3,same_emotion_blend_spectral_tilt_dropout,20260807
04_03-01-05-02-01-01-04_aug1,Actor_04/03-01-05-02-01-01-04.wav,04,angry,train,1,gain_shift_colored_noise,20260805
04_03-01-05-02-01-01-04_aug2,Actor_04/03-01-05-02-01-01-04.wav,04,angry,train,2,room_echo_smoothing_noise,20260806
04_03-01-05-02-01-01-04_aug3,Actor_04/03-01-05-02-01-01-04.wav,04,angry,train,3,same_emotion_blend_spectral_tilt_dropout,20260807
04_03-01-05-02-01-02-04_aug1,Actor_04/03-01-05-02-01-02-04.wav,04,angry,train,1,gain_shift_colored_noise,20260805
04_03-01-05-02-01-02-04_aug2,Actor_04/03-01-05-02-01-02-04.wav,04,angry,train,2,room_echo_smoothing_noise,20260806
04_03-01-05-02-01-02-04_aug3,Actor_04/03-01-05-02-01-02-04.wav,04,angry,train,3,same_emotion_blend_spectral_tilt_dropout,20260807
04_03-01-05-02-02-01-04_aug1,Actor_04/03-01-05-02-02-01-04.wav,04,angry,train,1,gain_shift_colored_noise,20260805
04_03-01-05-02-02-01-04_aug2,Actor_04/03-01-05-02-02-01-04.wav,04,angry,train,2,room_echo_smoothing_noise,20260806
04_03-01-05-02-02-01-04_aug3,Actor_04/03-01-05-02-02-01-04.wav,04,angry,train,3,same_emotion_blend_spectral_tilt_dropout,20260807
04_03-01-05-02-02-02-04_aug1,Actor_04/03-01-05-02-02-02-04.wav,04,angry,train,1,gain_shift_colored_noise,20260805
04_03-01-05-02-02-02-04_aug2,Actor_04/03-01-05-02-02-02-04.wav,04,angry,train,2,room_echo_smoothing_noise,20260806
04_03-01-05-02-02-02-04_aug3,Actor_04/03-01-05-02-02-02-04.wav,04,angry,train,3,same_emotion_blend_spectral_tilt_dropout,20260807
04_03-01-06-01-01-01-04_aug1,Actor_04/03-01-06-01-01-01-04.wav,04,fear,train,1,gain_shift_colored_noise,20260805
04_03-01-06-01-01-01-04_aug2,Actor_04/03-01-06-01-01-01-04.wav,04,fear,train,2,room_echo_smoothing_noise,20260806
04_03-01-06-01-01-01-04_aug3,Actor_04/03-01-06-01-01-01-04.wav,04,fear,train,3,same_emotion_blend_spectral_tilt_dropout,20260807
04_03-01-06-01-01-02-04_aug1,Actor_04/03-01-06-01-01-02-04.wav,04,fear,train,1,gain_shift_colored_noise,20260805
04_03-01-06-01-01-02-04_aug2,Actor_04/03-01-06-01-01-02-04.wav,04,fear,train,2,room_echo_smoothing_noise,20260806
04_03-01-06-01-01-02-04_aug3,Actor_04/03-01-06-01-01-02-04.wav,04,fear,train,3,same_emotion_blend_spectral_tilt_dropout,20260807
04_03-01-06-01-02-01-04_aug1,Actor_04/03-01-06-01-02-01-04.wav,04,fear,train,1,gain_shift_colored_noise,20260805
04_03-01-06-01-02-01-04_aug2,Actor_04/03-01-06-01-02-01-04.wav,04,fear,train,2,room_echo_smoothing_noise,20260806
04_03-01-06-01-02-01-04_aug3,Actor_04/03-01-06-01-02-01-04.wav,04,fear,train,3,same_emotion_blend_spectral_tilt_dropout,20260807
04_03-01-06-01-02-02-04_aug1,Actor_04/03-01-06-01-02-02-04.wav,04,fear,train,1,gain_shift_colored_noise,20260805
04_03-01-06-01-02-02-04_aug2,Actor_04/03-01-06-01-02-02-04.wav,04,fear,train,2,room_echo_smoothing_noise,20260806
04_03-01-06-01-02-02-04_aug3,Actor_04/03-01-06-01-02-02-04.wav,04,fear,train,3,same_emotion_blend_spectral_tilt_dropout,20260807
04_03-01-06-02-01-01-04_aug1,Actor_04/03-01-06-02-01-01-04.wav,04,fear,train,1,gain_shift_colored_noise,20260805
04_03-01-06-02-01-01-04_aug2,Actor_04/03-01-06-02-01-01-04.wav,04,fear,train,2,room_echo_smoothing_noise,20260806
04_03-01-06-02-01-01-04_aug3,Actor_04/03-01-06-02-01-01-04.wav,04,fear,train,3,same_emotion_blend_spectral_tilt_dropout,20260807
04_03-01-06-02-01-02-04_aug1,Actor_04/03-01-06-02-01-02-04.wav,04,fear,train,1,gain_shift_colored_noise,20260805
04_03-01-06-02-01-02-04_aug2,Actor_04/03-01-06-02-01-02-04.wav,04,fear,train,2,room_echo_smoothing_noise,20260806
04_03-01-06-02-01-02-04_aug3,Actor_04/03-01-06-02-01-02-04.wav,04,fear,train,3,same_emotion_blend_spectral_tilt_dropout,20260807
04_03-01-06-02-02-01-04_aug1,Actor_04/03-01-06-02-02-01-04.wav,04,fear,train,1,gain_shift_colored_noise,20260805
04_03-01-06-02-02-01-04_aug2,Actor_04/03-01-06-02-02-01-04.wav,04,fear,train,2,room_echo_smoothing_noise,20260806
04_03-01-06-02-02-01-04_aug3,Actor_04/03-01-06-02-02-01-04.wav,04,fear,train,3,same_emotion_blend_spectral_tilt_dropout,20260807
04_03-01-06-02-02-02-04_aug1,Actor_04/03-01-06-02-02-02-04.wav,04,fear,train,1,gain_shift_colored_noise,20260805
04_03-01-06-02-02-02-04_aug2,Actor_04/03-01-06-02-02-02-04.wav,04,fear,train,2,room_echo_smoothing_noise,20260806
04_03-01-06-02-02-02-04_aug3,Actor_04/03-01-06-02-02-02-04.wav,04,fear,train,3,same_emotion_blend_spectral_tilt_dropout,20260807
04_03-01-07-01-01-01-04_aug1,Actor_04/03-01-07-01-01-01-04.wav,04,disgust,train,1,gain_shift_colored_noise,20260805
04_03-01-07-01-01-01-04_aug2,Actor_04/03-01-07-01-01-01-04.wav,04,disgust,train,2,room_echo_smoothing_noise,20260806
04_03-01-07-01-01-01-04_aug3,Actor_04/03-01-07-01-01-01-04.wav,04,disgust,train,3,same_emotion_blend_spectral_tilt_dropout,20260807
04_03-01-07-01-01-02-04_aug1,Actor_04/03-01-07-01-01-02-04.wav,04,disgust,train,1,gain_shift_colored_noise,20260805
04_03-01-07-01-01-02-04_aug2,Actor_04/03-01-07-01-01-02-04.wav,04,disgust,train,2,room_echo_smoothing_noise,20260806
04_03-01-07-01-01-02-04_aug3,Actor_04/03-01-07-01-01-02-04.wav,04,disgust,train,3,same_emotion_blend_spectral_tilt_dropout,20260807
04_03-01-07-01-02-01-04_aug1,Actor_04/03-01-07-01-02-01-04.wav,04,disgust,train,1,gain_shift_colored_noise,20260805
04_03-01-07-01-02-01-04_aug2,Actor_04/03-01-07-01-02-01-04.wav,04,disgust,train,2,room_echo_smoothing_noise,20260806
04_03-01-07-01-02-01-04_aug3,Actor_04/03-01-07-01-02-01-04.wav,04,disgust,train,3,same_emotion_blend_spectral_tilt_dropout,20260807
04_03-01-07-01-02-02-04_aug1,Actor_04/03-01-07-01-02-02-04.wav,04,disgust,train,1,gain_shift_colored_noise,20260805
04_03-01-07-01-02-02-04_aug2,Actor_04/03-01-07-01-02-02-04.wav,04,disgust,train,2,room_echo_smoothing_noise,20260806
04_03-01-07-01-02-02-04_aug3,Actor_04/03-01-07-01-02-02-04.wav,04,disgust,train,3,same_emotion_blend_spectral_tilt_dropout,20260807
04_03-01-07-02-01-01-04_aug1,Actor_04/03-01-07-02-01-01-04.wav,04,disgust,train,1,gain_shift_colored_noise,20260805
04_03-01-07-02-01-01-04_aug2,Actor_04/03-01-07-02-01-01-04.wav,04,disgust,train,2,room_echo_smoothing_noise,20260806
04_03-01-07-02-01-01-04_aug3,Actor_04/03-01-07-02-01-01-04.wav,04,disgust,train,3,same_emotion_blend_spectral_tilt_dropout,20260807
04_03-01-07-02-01-02-04_aug1,Actor_04/03-01-07-02-01-02-04.wav,04,disgust,train,1,gain_shift_colored_noise,20260805
04_03-01-07-02-01-02-04_aug2,Actor_04/03-01-07-02-01-02-04.wav,04,disgust,train,2,room_echo_smoothing_noise,20260806
04_03-01-07-02-01-02-04_aug3,Actor_04/03-01-07-02-01-02-04.wav,04,disgust,train,3,same_emotion_blend_spectral_tilt_dropout,20260807
04_03-01-07-02-02-01-04_aug1,Actor_04/03-01-07-02-02-01-04.wav,04,disgust,train,1,gain_shift_colored_noise,20260805
04_03-01-07-02-02-01-04_aug2,Actor_04/03-01-07-02-02-01-04.wav,04,disgust,train,2,room_echo_smoothing_noise,20260806
04_03-01-07-02-02-01-04_aug3,Actor_04/03-01-07-02-02-01-04.wav,04,disgust,train,3,same_emotion_blend_spectral_tilt_dropout,20260807
04_03-01-07-02-02-02-04_aug1,Actor_04/03-01-07-02-02-02-04.wav,04,disgust,train,1,gain_shift_colored_noise,20260805
04_03-01-07-02-02-02-04_aug2,Actor_04/03-01-07-02-02-02-04.wav,04,disgust,train,2,room_echo_smoothing_noise,20260806
04_03-01-07-02-02-02-04_aug3,Actor_04/03-01-07-02-02-02-04.wav,04,disgust,train,3,same_emotion_blend_spectral_tilt_dropout,20260807
04_03-01-08-01-01-01-04_aug1,Actor_04/03-01-08-01-01-01-04.wav,04,surprise,train,1,gain_shift_colored_noise,20260805
04_03-01-08-01-01-01-04_aug2,Actor_04/03-01-08-01-01-01-04.wav,04,surprise,train,2,room_echo_smoothing_noise,20260806
04_03-01-08-01-01-01-04_aug3,Actor_04/03-01-08-01-01-01-04.wav,04,surprise,train,3,same_emotion_blend_spectral_tilt_dropout,20260807
04_03-01-08-01-01-02-04_aug1,Actor_04/03-01-08-01-01-02-04.wav,04,surprise,train,1,gain_shift_colored_noise,20260805
04_03-01-08-01-01-02-04_aug2,Actor_04/03-01-08-01-01-02-04.wav,04,surprise,train,2,room_echo_smoothing_noise,20260806
04_03-01-08-01-01-02-04_aug3,Actor_04/03-01-08-01-01-02-04.wav,04,surprise,train,3,same_emotion_blend_spectral_tilt_dropout,20260807
04_03-01-08-01-02-01-04_aug1,Actor_04/03-01-08-01-02-01-04.wav,04,surprise,train,1,gain_shift_colored_noise,20260805
04_03-01-08-01-02-01-04_aug2,Actor_04/03-01-08-01-02-01-04.wav,04,surprise,train,2,room_echo_smoothing_noise,20260806
04_03-01-08-01-02-01-04_aug3,Actor_04/03-01-08-01-02-01-04.wav,04,surprise,train,3,same_emotion_blend_spectral_tilt_dropout,20260807
04_03-01-08-01-02-02-04_aug1,Actor_04/03-01-08-01-02-02-04.wav,04,surprise,train,1,gain_shift_colored_noise,20260805
04_03-01-08-01-02-02-04_aug2,Actor_04/03-01-08-01-02-02-04.wav,04,surprise,train,2,room_echo_smoothing_noise,20260806
04_03-01-08-01-02-02-04_aug3,Actor_04/03-01-08-01-02-02-04.wav,04,surprise,train,3,same_emotion_blend_spectral_tilt_dropout,20260807
04_03-01-08-02-01-01-04_aug1,Actor_04/03-01-08-02-01-01-04.wav,04,surprise,train,1,gain_shift_colored_noise,20260805
04_03-01-08-02-01-01-04_aug2,Actor_04/03-01-08-02-01-01-04.wav,04,surprise,train,2,room_echo_smoothing_noise,20260806
04_03-01-08-02-01-01-04_aug3,Actor_04/03-01-08-02-01-01-04.wav,04,surprise,train,3,same_emotion_blend_spectral_tilt_dropout,20260807
04_03-01-08-02-01-02-04_aug1,Actor_04/03-01-08-02-01-02-04.wav,04,surprise,train,1,gain_shift_colored_noise,20260805
04_03-01-08-02-01-02-04_aug2,Actor_04/03-01-08-02-01-02-04.wav,04,surprise,train,2,room_echo_smoothing_noise,20260806
04_03-01-08-02-01-02-04_aug3,Actor_04/03-01-08-02-01-02-04.wav,04,surprise,train,3,same_emotion_blend_spectral_tilt_dropout,20260807
04_03-01-08-02-02-01-04_aug1,Actor_04/03-01-08-02-02-01-04.wav,04,surprise,train,1,gain_shift_colored_noise,20260805
04_03-01-08-02-02-01-04_aug2,Actor_04/03-01-08-02-02-01-04.wav,04,surprise,train,2,room_echo_smoothing_noise,20260806
04_03-01-08-02-02-01-04_aug3,Actor_04/03-01-08-02-02-01-04.wav,04,surprise,train,3,same_emotion_blend_spectral_tilt_dropout,20260807
04_03-01-08-02-02-02-04_aug1,Actor_04/03-01-08-02-02-02-04.wav,04,surprise,train,1,gain_shift_colored_noise,20260805
04_03-01-08-02-02-02-04_aug2,Actor_04/03-01-08-02-02-02-04.wav,04,surprise,train,2,room_echo_smoothing_noise,20260806
04_03-01-08-02-02-02-04_aug3,Actor_04/03-01-08-02-02-02-04.wav,04,surprise,train,3,same_emotion_blend_spectral_tilt_dropout,20260807
05_03-01-01-01-01-01-05_aug1,Actor_05/03-01-01-01-01-01-05.wav,05,neutral,train,1,gain_shift_colored_noise,20260805
05_03-01-01-01-01-01-05_aug2,Actor_05/03-01-01-01-01-01-05.wav,05,neutral,train,2,room_echo_smoothing_noise,20260806
05_03-01-01-01-01-01-05_aug3,Actor_05/03-01-01-01-01-01-05.wav,05,neutral,train,3,same_emotion_blend_spectral_tilt_dropout,20260807
05_03-01-01-01-01-02-05_aug1,Actor_05/03-01-01-01-01-02-05.wav,05,neutral,train,1,gain_shift_colored_noise,20260805
05_03-01-01-01-01-02-05_aug2,Actor_05/03-01-01-01-01-02-05.wav,05,neutral,train,2,room_echo_smoothing_noise,20260806
05_03-01-01-01-01-02-05_aug3,Actor_05/03-01-01-01-01-02-05.wav,05,neutral,train,3,same_emotion_blend_spectral_tilt_dropout,20260807
05_03-01-01-01-02-01-05_aug1,Actor_05/03-01-01-01-02-01-05.wav,05,neutral,train,1,gain_shift_colored_noise,20260805
05_03-01-01-01-02-01-05_aug2,Actor_05/03-01-01-01-02-01-05.wav,05,neutral,train,2,room_echo_smoothing_noise,20260806
05_03-01-01-01-02-01-05_aug3,Actor_05/03-01-01-01-02-01-05.wav,05,neutral,train,3,same_emotion_blend_spectral_tilt_dropout,20260807
05_03-01-01-01-02-02-05_aug1,Actor_05/03-01-01-01-02-02-05.wav,05,neutral,train,1,gain_shift_colored_noise,20260805
05_03-01-01-01-02-02-05_aug2,Actor_05/03-01-01-01-02-02-05.wav,05,neutral,train,2,room_echo_smoothing_noise,20260806
05_03-01-01-01-02-02-05_aug3,Actor_05/03-01-01-01-02-02-05.wav,05,neutral,train,3,same_emotion_blend_spectral_tilt_dropout,20260807
05_03-01-02-01-01-01-05_aug1,Actor_05/03-01-02-01-01-01-05.wav,05,neutral,train,1,gain_shift_colored_noise,20260805
05_03-01-02-01-01-01-05_aug2,Actor_05/03-01-02-01-01-01-05.wav,05,neutral,train,2,room_echo_smoothing_noise,20260806
05_03-01-02-01-01-01-05_aug3,Actor_05/03-01-02-01-01-01-05.wav,05,neutral,train,3,same_emotion_blend_spectral_tilt_dropout,20260807
05_03-01-02-01-01-02-05_aug1,Actor_05/03-01-02-01-01-02-05.wav,05,neutral,train,1,gain_shift_colored_noise,20260805
05_03-01-02-01-01-02-05_aug2,Actor_05/03-01-02-01-01-02-05.wav,05,neutral,train,2,room_echo_smoothing_noise,20260806
05_03-01-02-01-01-02-05_aug3,Actor_05/03-01-02-01-01-02-05.wav,05,neutral,train,3,same_emotion_blend_spectral_tilt_dropout,20260807
05_03-01-02-01-02-01-05_aug1,Actor_05/03-01-02-01-02-01-05.wav,05,neutral,train,1,gain_shift_colored_noise,20260805
05_03-01-02-01-02-01-05_aug2,Actor_05/03-01-02-01-02-01-05.wav,05,neutral,train,2,room_echo_smoothing_noise,20260806
05_03-01-02-01-02-01-05_aug3,Actor_05/03-01-02-01-02-01-05.wav,05,neutral,train,3,same_emotion_blend_spectral_tilt_dropout,20260807
05_03-01-02-01-02-02-05_aug1,Actor_05/03-01-02-01-02-02-05.wav,05,neutral,train,1,gain_shift_colored_noise,20260805
05_03-01-02-01-02-02-05_aug2,Actor_05/03-01-02-01-02-02-05.wav,05,neutral,train,2,room_echo_smoothing_noise,20260806
05_03-01-02-01-02-02-05_aug3,Actor_05/03-01-02-01-02-02-05.wav,05,neutral,train,3,same_emotion_blend_spectral_tilt_dropout,20260807
05_03-01-02-02-01-01-05_aug1,Actor_05/03-01-02-02-01-01-05.wav,05,neutral,train,1,gain_shift_colored_noise,20260805
05_03-01-02-02-01-01-05_aug2,Actor_05/03-01-02-02-01-01-05.wav,05,neutral,train,2,room_echo_smoothing_noise,20260806
05_03-01-02-02-01-01-05_aug3,Actor_05/03-01-02-02-01-01-05.wav,05,neutral,train,3,same_emotion_blend_spectral_tilt_dropout,20260807
05_03-01-02-02-01-02-05_aug1,Actor_05/03-01-02-02-01-02-05.wav,05,neutral,train,1,gain_shift_colored_noise,20260805
05_03-01-02-02-01-02-05_aug2,Actor_05/03-01-02-02-01-02-05.wav,05,neutral,train,2,room_echo_smoothing_noise,20260806
05_03-01-02-02-01-02-05_aug3,Actor_05/03-01-02-02-01-02-05.wav,05,neutral,train,3,same_emotion_blend_spectral_tilt_dropout,20260807
05_03-01-02-02-02-01-05_aug1,Actor_05/03-01-02-02-02-01-05.wav,05,neutral,train,1,gain_shift_colored_noise,20260805
05_03-01-02-02-02-01-05_aug2,Actor_05/03-01-02-02-02-01-05.wav,05,neutral,train,2,room_echo_smoothing_noise,20260806
05_03-01-02-02-02-01-05_aug3,Actor_05/03-01-02-02-02-01-05.wav,05,neutral,train,3,same_emotion_blend_spectral_tilt_dropout,20260807
05_03-01-02-02-02-02-05_aug1,Actor_05/03-01-02-02-02-02-05.wav,05,neutral,train,1,gain_shift_colored_noise,20260805
05_03-01-02-02-02-02-05_aug2,Actor_05/03-01-02-02-02-02-05.wav,05,neutral,train,2,room_echo_smoothing_noise,20260806
05_03-01-02-02-02-02-05_aug3,Actor_05/03-01-02-02-02-02-05.wav,05,neutral,train,3,same_emotion_blend_spectral_tilt_dropout,20260807
05_03-01-03-01-01-01-05_aug1,Actor_05/03-01-03-01-01-01-05.wav,05,happy,train,1,gain_shift_colored_noise,20260805
05_03-01-03-01-01-01-05_aug2,Actor_05/03-01-03-01-01-01-05.wav,05,happy,train,2,room_echo_smoothing_noise,20260806
05_03-01-03-01-01-01-05_aug3,Actor_05/03-01-03-01-01-01-05.wav,05,happy,train,3,same_emotion_blend_spectral_tilt_dropout,20260807
05_03-01-03-01-01-02-05_aug1,Actor_05/03-01-03-01-01-02-05.wav,05,happy,train,1,gain_shift_colored_noise,20260805
05_03-01-03-01-01-02-05_aug2,Actor_05/03-01-03-01-01-02-05.wav,05,happy,train,2,room_echo_smoothing_noise,20260806
05_03-01-03-01-01-02-05_aug3,Actor_05/03-01-03-01-01-02-05.wav,05,happy,train,3,same_emotion_blend_spectral_tilt_dropout,20260807
05_03-01-03-01-02-01-05_aug1,Actor_05/03-01-03-01-02-01-05.wav,05,happy,train,1,gain_shift_colored_noise,20260805
05_03-01-03-01-02-01-05_aug2,Actor_05/03-01-03-01-02-01-05.wav,05,happy,train,2,room_echo_smoothing_noise,20260806
05_03-01-03-01-02-01-05_aug3,Actor_05/03-01-03-01-02-01-05.wav,05,happy,train,3,same_emotion_blend_spectral_tilt_dropout,20260807
05_03-01-03-01-02-02-05_aug1,Actor_05/03-01-03-01-02-02-05.wav,05,happy,train,1,gain_shift_colored_noise,20260805
05_03-01-03-01-02-02-05_aug2,Actor_05/03-01-03-01-02-02-05.wav,05,happy,train,2,room_echo_smoothing_noise,20260806
05_03-01-03-01-02-02-05_aug3,Actor_05/03-01-03-01-02-02-05.wav,05,happy,train,3,same_emotion_blend_spectral_tilt_dropout,20260807
05_03-01-03-02-01-01-05_aug1,Actor_05/03-01-03-02-01-01-05.wav,05,happy,train,1,gain_shift_colored_noise,20260805
05_03-01-03-02-01-01-05_aug2,Actor_05/03-01-03-02-01-01-05.wav,05,happy,train,2,room_echo_smoothing_noise,20260806
05_03-01-03-02-01-01-05_aug3,Actor_05/03-01-03-02-01-01-05.wav,05,happy,train,3,same_emotion_blend_spectral_tilt_dropout,20260807
05_03-01-03-02-01-02-05_aug1,Actor_05/03-01-03-02-01-02-05.wav,05,happy,train,1,gain_shift_colored_noise,20260805
05_03-01-03-02-01-02-05_aug2,Actor_05/03-01-03-02-01-02-05.wav,05,happy,train,2,room_echo_smoothing_noise,20260806
05_03-01-03-02-01-02-05_aug3,Actor_05/03-01-03-02-01-02-05.wav,05,happy,train,3,same_emotion_blend_spectral_tilt_dropout,20260807
05_03-01-03-02-02-01-05_aug1,Actor_05/03-01-03-02-02-01-05.wav,05,happy,train,1,gain_shift_colored_noise,20260805
05_03-01-03-02-02-01-05_aug2,Actor_05/03-01-03-02-02-01-05.wav,05,happy,train,2,room_echo_smoothing_noise,20260806
05_03-01-03-02-02-01-05_aug3,Actor_05/03-01-03-02-02-01-05.wav,05,happy,train,3,same_emotion_blend_spectral_tilt_dropout,20260807
05_03-01-03-02-02-02-05_aug1,Actor_05/03-01-03-02-02-02-05.wav,05,happy,train,1,gain_shift_colored_noise,20260805
05_03-01-03-02-02-02-05_aug2,Actor_05/03-01-03-02-02-02-05.wav,05,happy,train,2,room_echo_smoothing_noise,20260806
05_03-01-03-02-02-02-05_aug3,Actor_05/03-01-03-02-02-02-05.wav,05,happy,train,3,same_emotion_blend_spectral_tilt_dropout,20260807
05_03-01-04-01-01-01-05_aug1,Actor_05/03-01-04-01-01-01-05.wav,05,sad,train,1,gain_shift_colored_noise,20260805
05_03-01-04-01-01-01-05_aug2,Actor_05/03-01-04-01-01-01-05.wav,05,sad,train,2,room_echo_smoothing_noise,20260806
05_03-01-04-01-01-01-05_aug3,Actor_05/03-01-04-01-01-01-05.wav,05,sad,train,3,same_emotion_blend_spectral_tilt_dropout,20260807
05_03-01-04-01-01-02-05_aug1,Actor_05/03-01-04-01-01-02-05.wav,05,sad,train,1,gain_shift_colored_noise,20260805
05_03-01-04-01-01-02-05_aug2,Actor_05/03-01-04-01-01-02-05.wav,05,sad,train,2,room_echo_smoothing_noise,20260806
05_03-01-04-01-01-02-05_aug3,Actor_05/03-01-04-01-01-02-05.wav,05,sad,train,3,same_emotion_blend_spectral_tilt_dropout,20260807
05_03-01-04-01-02-01-05_aug1,Actor_05/03-01-04-01-02-01-05.wav,05,sad,train,1,gain_shift_colored_noise,20260805
05_03-01-04-01-02-01-05_aug2,Actor_05/03-01-04-01-02-01-05.wav,05,sad,train,2,room_echo_smoothing_noise,20260806
05_03-01-04-01-02-01-05_aug3,Actor_05/03-01-04-01-02-01-05.wav,05,sad,train,3,same_emotion_blend_spectral_tilt_dropout,20260807
05_03-01-04-01-02-02-05_aug1,Actor_05/03-01-04-01-02-02-05.wav,05,sad,train,1,gain_shift_colored_noise,20260805
05_03-01-04-01-02-02-05_aug2,Actor_05/03-01-04-01-02-02-05.wav,05,sad,train,2,room_echo_smoothing_noise,20260806
05_03-01-04-01-02-02-05_aug3,Actor_05/03-01-04-01-02-02-05.wav,05,sad,train,3,same_emotion_blend_spectral_tilt_dropout,20260807
05_03-01-04-02-01-01-05_aug1,Actor_05/03-01-04-02-01-01-05.wav,05,sad,train,1,gain_shift_colored_noise,20260805
05_03-01-04-02-01-01-05_aug2,Actor_05/03-01-04-02-01-01-05.wav,05,sad,train,2,room_echo_smoothing_noise,20260806
05_03-01-04-02-01-01-05_aug3,Actor_05/03-01-04-02-01-01-05.wav,05,sad,train,3,same_emotion_blend_spectral_tilt_dropout,20260807
05_03-01-04-02-01-02-05_aug1,Actor_05/03-01-04-02-01-02-05.wav,05,sad,train,1,gain_shift_colored_noise,20260805
05_03-01-04-02-01-02-05_aug2,Actor_05/03-01-04-02-01-02-05.wav,05,sad,train,2,room_echo_smoothing_noise,20260806
05_03-01-04-02-01-02-05_aug3,Actor_05/03-01-04-02-01-02-05.wav,05,sad,train,3,same_emotion_blend_spectral_tilt_dropout,20260807
05_03-01-04-02-02-01-05_aug1,Actor_05/03-01-04-02-02-01-05.wav,05,sad,train,1,gain_shift_colored_noise,20260805
05_03-01-04-02-02-01-05_aug2,Actor_05/03-01-04-02-02-01-05.wav,05,sad,train,2,room_echo_smoothing_noise,20260806
05_03-01-04-02-02-01-05_aug3,Actor_05/03-01-04-02-02-01-05.wav,05,sad,train,3,same_emotion_blend_spectral_tilt_dropout,20260807
05_03-01-04-02-02-02-05_aug1,Actor_05/03-01-04-02-02-02-05.wav,05,sad,train,1,gain_shift_colored_noise,20260805
05_03-01-04-02-02-02-05_aug2,Actor_05/03-01-04-02-02-02-05.wav,05,sad,train,2,room_echo_smoothing_noise,20260806
05_03-01-04-02-02-02-05_aug3,Actor_05/03-01-04-02-02-02-05.wav,05,sad,train,3,same_emotion_blend_spectral_tilt_dropout,20260807
05_03-01-05-01-01-01-05_aug1,Actor_05/03-01-05-01-01-01-05.wav,05,angry,train,1,gain_shift_colored_noise,20260805
05_03-01-05-01-01-01-05_aug2,Actor_05/03-01-05-01-01-01-05.wav,05,angry,train,2,room_echo_smoothing_noise,20260806
05_03-01-05-01-01-01-05_aug3,Actor_05/03-01-05-01-01-01-05.wav,05,angry,train,3,same_emotion_blend_spectral_tilt_dropout,20260807
05_03-01-05-01-01-02-05_aug1,Actor_05/03-01-05-01-01-02-05.wav,05,angry,train,1,gain_shift_colored_noise,20260805
05_03-01-05-01-01-02-05_aug2,Actor_05/03-01-05-01-01-02-05.wav,05,angry,train,2,room_echo_smoothing_noise,20260806
05_03-01-05-01-01-02-05_aug3,Actor_05/03-01-05-01-01-02-05.wav,05,angry,train,3,same_emotion_blend_spectral_tilt_dropout,20260807
05_03-01-05-01-02-01-05_aug1,Actor_05/03-01-05-01-02-01-05.wav,05,angry,train,1,gain_shift_colored_noise,20260805
05_03-01-05-01-02-01-05_aug2,Actor_05/03-01-05-01-02-01-05.wav,05,angry,train,2,room_echo_smoothing_noise,20260806
05_03-01-05-01-02-01-05_aug3,Actor_05/03-01-05-01-02-01-05.wav,05,angry,train,3,same_emotion_blend_spectral_tilt_dropout,20260807
05_03-01-05-01-02-02-05_aug1,Actor_05/03-01-05-01-02-02-05.wav,05,angry,train,1,gain_shift_colored_noise,20260805
05_03-01-05-01-02-02-05_aug2,Actor_05/03-01-05-01-02-02-05.wav,05,angry,train,2,room_echo_smoothing_noise,20260806
05_03-01-05-01-02-02-05_aug3,Actor_05/03-01-05-01-02-02-05.wav,05,angry,train,3,same_emotion_blend_spectral_tilt_dropout,20260807
05_03-01-05-02-01-01-05_aug1,Actor_05/03-01-05-02-01-01-05.wav,05,angry,train,1,gain_shift_colored_noise,20260805
05_03-01-05-02-01-01-05_aug2,Actor_05/03-01-05-02-01-01-05.wav,05,angry,train,2,room_echo_smoothing_noise,20260806
05_03-01-05-02-01-01-05_aug3,Actor_05/03-01-05-02-01-01-05.wav,05,angry,train,3,same_emotion_blend_spectral_tilt_dropout,20260807
05_03-01-05-02-01-02-05_aug1,Actor_05/03-01-05-02-01-02-05.wav,05,angry,train,1,gain_shift_colored_noise,20260805
05_03-01-05-02-01-02-05_aug2,Actor_05/03-01-05-02-01-02-05.wav,05,angry,train,2,room_echo_smoothing_noise,20260806
05_03-01-05-02-01-02-05_aug3,Actor_05/03-01-05-02-01-02-05.wav,05,angry,train,3,same_emotion_blend_spectral_tilt_dropout,20260807
05_03-01-05-02-02-01-05_aug1,Actor_05/03-01-05-02-02-01-05.wav,05,angry,train,1,gain_shift_colored_noise,20260805
05_03-01-05-02-02-01-05_aug2,Actor_05/03-01-05-02-02-01-05.wav,05,angry,train,2,room_echo_smoothing_noise,20260806
05_03-01-05-02-02-01-05_aug3,Actor_05/03-01-05-02-02-01-05.wav,05,angry,train,3,same_emotion_blend_spectral_tilt_dropout,20260807
05_03-01-05-02-02-02-05_aug1,Actor_05/03-01-05-02-02-02-05.wav,05,angry,train,1,gain_shift_colored_noise,20260805
05_03-01-05-02-02-02-05_aug2,Actor_05/03-01-05-02-02-02-05.wav,05,angry,train,2,room_echo_smoothing_noise,20260806
05_03-01-05-02-02-02-05_aug3,Actor_05/03-01-05-02-02-02-05.wav,05,angry,train,3,same_emotion_blend_spectral_tilt_dropout,20260807
05_03-01-06-01-01-01-05_aug1,Actor_05/03-01-06-01-01-01-05.wav,05,fear,train,1,gain_shift_colored_noise,20260805
05_03-01-06-01-01-01-05_aug2,Actor_05/03-01-06-01-01-01-05.wav,05,fear,train,2,room_echo_smoothing_noise,20260806
05_03-01-06-01-01-01-05_aug3,Actor_05/03-01-06-01-01-01-05.wav,05,fear,train,3,same_emotion_blend_spectral_tilt_dropout,20260807
05_03-01-06-01-01-02-05_aug1,Actor_05/03-01-06-01-01-02-05.wav,05,fear,train,1,gain_shift_colored_noise,20260805
05_03-01-06-01-01-02-05_aug2,Actor_05/03-01-06-01-01-02-05.wav,05,fear,train,2,room_echo_smoothing_noise,20260806
05_03-01-06-01-01-02-05_aug3,Actor_05/03-01-06-01-01-02-05.wav,05,fear,train,3,same_emotion_blend_spectral_tilt_dropout,20260807
05_03-01-06-01-02-01-05_aug1,Actor_05/03-01-06-01-02-01-05.wav,05,fear,train,1,gain_shift_colored_noise,20260805
05_03-01-06-01-02-01-05_aug2,Actor_05/03-01-06-01-02-01-05.wav,05,fear,train,2,room_echo_smoothing_noise,20260806
05_03-01-06-01-02-01-05_aug3,Actor_05/03-01-06-01-02-01-05.wav,05,fear,train,3,same_emotion_blend_spectral_tilt_dropout,20260807
05_03-01-06-01-02-02-05_aug1,Actor_05/03-01-06-01-02-02-05.wav,05,fear,train,1,gain_shift_colored_noise,20260805
05_03-01-06-01-02-02-05_aug2,Actor_05/03-01-06-01-02-02-05.wav,05,fear,train,2,room_echo_smoothing_noise,20260806
05_03-01-06-01-02-02-05_aug3,Actor_05/03-01-06-01-02-02-05.wav,05,fear,train,3,same_emotion_blend_spectral_tilt_dropout,20260807
05_03-01-06-02-01-01-05_aug1,Actor_05/03-01-06-02-01-01-05.wav,05,fear,train,1,gain_shift_colored_noise,20260805
05_03-01-06-02-01-01-05_aug2,Actor_05/03-01-06-02-01-01-05.wav,05,fear,train,2,room_echo_smoothing_noise,20260806
05_03-01-06-02-01-01-05_aug3,Actor_05/03-01-06-02-01-01-05.wav,05,fear,train,3,same_emotion_blend_spectral_tilt_dropout,20260807
05_03-01-06-02-01-02-05_aug1,Actor_05/03-01-06-02-01-02-05.wav,05,fear,train,1,gain_shift_colored_noise,20260805
05_03-01-06-02-01-02-05_aug2,Actor_05/03-01-06-02-01-02-05.wav,05,fear,train,2,room_echo_smoothing_noise,20260806
05_03-01-06-02-01-02-05_aug3,Actor_05/03-01-06-02-01-02-05.wav,05,fear,train,3,same_emotion_blend_spectral_tilt_dropout,20260807
05_03-01-06-02-02-01-05_aug1,Actor_05/03-01-06-02-02-01-05.wav,05,fear,train,1,gain_shift_colored_noise,20260805
05_03-01-06-02-02-01-05_aug2,Actor_05/03-01-06-02-02-01-05.wav,05,fear,train,2,room_echo_smoothing_noise,20260806
05_03-01-06-02-02-01-05_aug3,Actor_05/03-01-06-02-02-01-05.wav,05,fear,train,3,same_emotion_blend_spectral_tilt_dropout,20260807
05_03-01-06-02-02-02-05_aug1,Actor_05/03-01-06-02-02-02-05.wav,05,fear,train,1,gain_shift_colored_noise,20260805
05_03-01-06-02-02-02-05_aug2,Actor_05/03-01-06-02-02-02-05.wav,05,fear,train,2,room_echo_smoothing_noise,20260806
05_03-01-06-02-02-02-05_aug3,Actor_05/03-01-06-02-02-02-05.wav,05,fear,train,3,same_emotion_blend_spectral_tilt_dropout,20260807
05_03-01-07-01-01-01-05_aug1,Actor_05/03-01-07-01-01-01-05.wav,05,disgust,train,1,gain_shift_colored_noise,20260805
05_03-01-07-01-01-01-05_aug2,Actor_05/03-01-07-01-01-01-05.wav,05,disgust,train,2,room_echo_smoothing_noise,20260806
05_03-01-07-01-01-01-05_aug3,Actor_05/03-01-07-01-01-01-05.wav,05,disgust,train,3,same_emotion_blend_spectral_tilt_dropout,20260807
05_03-01-07-01-01-02-05_aug1,Actor_05/03-01-07-01-01-02-05.wav,05,disgust,train,1,gain_shift_colored_noise,20260805
05_03-01-07-01-01-02-05_aug2,Actor_05/03-01-07-01-01-02-05.wav,05,disgust,train,2,room_echo_smoothing_noise,20260806
05_03-01-07-01-01-02-05_aug3,Actor_05/03-01-07-01-01-02-05.wav,05,disgust,train,3,same_emotion_blend_spectral_tilt_dropout,20260807
05_03-01-07-01-02-01-05_aug1,Actor_05/03-01-07-01-02-01-05.wav,05,disgust,train,1,gain_shift_colored_noise,20260805
05_03-01-07-01-02-01-05_aug2,Actor_05/03-01-07-01-02-01-05.wav,05,disgust,train,2,room_echo_smoothing_noise,20260806
05_03-01-07-01-02-01-05_aug3,Actor_05/03-01-07-01-02-01-05.wav,05,disgust,train,3,same_emotion_blend_spectral_tilt_dropout,20260807
05_03-01-07-01-02-02-05_aug1,Actor_05/03-01-07-01-02-02-05.wav,05,disgust,train,1,gain_shift_colored_noise,20260805
05_03-01-07-01-02-02-05_aug2,Actor_05/03-01-07-01-02-02-05.wav,05,disgust,train,2,room_echo_smoothing_noise,20260806
05_03-01-07-01-02-02-05_aug3,Actor_05/03-01-07-01-02-02-05.wav,05,disgust,train,3,same_emotion_blend_spectral_tilt_dropout,20260807
05_03-01-07-02-01-01-05_aug1,Actor_05/03-01-07-02-01-01-05.wav,05,disgust,train,1,gain_shift_colored_noise,20260805
05_03-01-07-02-01-01-05_aug2,Actor_05/03-01-07-02-01-01-05.wav,05,disgust,train,2,room_echo_smoothing_noise,20260806
05_03-01-07-02-01-01-05_aug3,Actor_05/03-01-07-02-01-01-05.wav,05,disgust,train,3,same_emotion_blend_spectral_tilt_dropout,20260807
05_03-01-07-02-01-02-05_aug1,Actor_05/03-01-07-02-01-02-05.wav,05,disgust,train,1,gain_shift_colored_noise,20260805
05_03-01-07-02-01-02-05_aug2,Actor_05/03-01-07-02-01-02-05.wav,05,disgust,train,2,room_echo_smoothing_noise,20260806
05_03-01-07-02-01-02-05_aug3,Actor_05/03-01-07-02-01-02-05.wav,05,disgust,train,3,same_emotion_blend_spectral_tilt_dropout,20260807
05_03-01-07-02-02-01-05_aug1,Actor_05/03-01-07-02-02-01-05.wav,05,disgust,train,1,gain_shift_colored_noise,20260805
05_03-01-07-02-02-01-05_aug2,Actor_05/03-01-07-02-02-01-05.wav,05,disgust,train,2,room_echo_smoothing_noise,20260806
05_03-01-07-02-02-01-05_aug3,Actor_05/03-01-07-02-02-01-05.wav,05,disgust,train,3,same_emotion_blend_spectral_tilt_dropout,20260807
05_03-01-07-02-02-02-05_aug1,Actor_05/03-01-07-02-02-02-05.wav,05,disgust,train,1,gain_shift_colored_noise,20260805
05_03-01-07-02-02-02-05_aug2,Actor_05/03-01-07-02-02-02-05.wav,05,disgust,train,2,room_echo_smoothing_noise,20260806
05_03-01-07-02-02-02-05_aug3,Actor_05/03-01-07-02-02-02-05.wav,05,disgust,train,3,same_emotion_blend_spectral_tilt_dropout,20260807
05_03-01-08-01-01-01-05_aug1,Actor_05/03-01-08-01-01-01-05.wav,05,surprise,train,1,gain_shift_colored_noise,20260805
05_03-01-08-01-01-01-05_aug2,Actor_05/03-01-08-01-01-01-05.wav,05,surprise,train,2,room_echo_smoothing_noise,20260806
05_03-01-08-01-01-01-05_aug3,Actor_05/03-01-08-01-01-01-05.wav,05,surprise,train,3,same_emotion_blend_spectral_tilt_dropout,20260807
05_03-01-08-01-01-02-05_aug1,Actor_05/03-01-08-01-01-02-05.wav,05,surprise,train,1,gain_shift_colored_noise,20260805
05_03-01-08-01-01-02-05_aug2,Actor_05/03-01-08-01-01-02-05.wav,05,surprise,train,2,room_echo_smoothing_noise,20260806
05_03-01-08-01-01-02-05_aug3,Actor_05/03-01-08-01-01-02-05.wav,05,surprise,train,3,same_emotion_blend_spectral_tilt_dropout,20260807
05_03-01-08-01-02-01-05_aug1,Actor_05/03-01-08-01-02-01-05.wav,05,surprise,train,1,gain_shift_colored_noise,20260805
05_03-01-08-01-02-01-05_aug2,Actor_05/03-01-08-01-02-01-05.wav,05,surprise,train,2,room_echo_smoothing_noise,20260806
05_03-01-08-01-02-01-05_aug3,Actor_05/03-01-08-01-02-01-05.wav,05,surprise,train,3,same_emotion_blend_spectral_tilt_dropout,20260807
05_03-01-08-01-02-02-05_aug1,Actor_05/03-01-08-01-02-02-05.wav,05,surprise,train,1,gain_shift_colored_noise,20260805
05_03-01-08-01-02-02-05_aug2,Actor_05/03-01-08-01-02-02-05.wav,05,surprise,train,2,room_echo_smoothing_noise,20260806
05_03-01-08-01-02-02-05_aug3,Actor_05/03-01-08-01-02-02-05.wav,05,surprise,train,3,same_emotion_blend_spectral_tilt_dropout,20260807
05_03-01-08-02-01-01-05_aug1,Actor_05/03-01-08-02-01-01-05.wav,05,surprise,train,1,gain_shift_colored_noise,20260805
05_03-01-08-02-01-01-05_aug2,Actor_05/03-01-08-02-01-01-05.wav,05,surprise,train,2,room_echo_smoothing_noise,20260806
05_03-01-08-02-01-01-05_aug3,Actor_05/03-01-08-02-01-01-05.wav,05,surprise,train,3,same_emotion_blend_spectral_tilt_dropout,20260807
05_03-01-08-02-01-02-05_aug1,Actor_05/03-01-08-02-01-02-05.wav,05,surprise,train,1,gain_shift_colored_noise,20260805
05_03-01-08-02-01-02-05_aug2,Actor_05/03-01-08-02-01-02-05.wav,05,surprise,train,2,room_echo_smoothing_noise,20260806
05_03-01-08-02-01-02-05_aug3,Actor_05/03-01-08-02-01-02-05.wav,05,surprise,train,3,same_emotion_blend_spectral_tilt_dropout,20260807
05_03-01-08-02-02-01-05_aug1,Actor_05/03-01-08-02-02-01-05.wav,05,surprise,train,1,gain_shift_colored_noise,20260805
05_03-01-08-02-02-01-05_aug2,Actor_05/03-01-08-02-02-01-05.wav,05,surprise,train,2,room_echo_smoothing_noise,20260806
05_03-01-08-02-02-01-05_aug3,Actor_05/03-01-08-02-02-01-05.wav,05,surprise,train,3,same_emotion_blend_spectral_tilt_dropout,20260807
05_03-01-08-02-02-02-05_aug1,Actor_05/03-01-08-02-02-02-05.wav,05,surprise,train,1,gain_shift_colored_noise,20260805
05_03-01-08-02-02-02-05_aug2,Actor_05/03-01-08-02-02-02-05.wav,05,surprise,train,2,room_echo_smoothing_noise,20260806
05_03-01-08-02-02-02-05_aug3,Actor_05/03-01-08-02-02-02-05.wav,05,surprise,train,3,same_emotion_blend_spectral_tilt_dropout,20260807
06_03-01-01-01-01-01-06_aug1,Actor_06/03-01-01-01-01-01-06.wav,06,neutral,train,1,gain_shift_colored_noise,20260805
06_03-01-01-01-01-01-06_aug2,Actor_06/03-01-01-01-01-01-06.wav,06,neutral,train,2,room_echo_smoothing_noise,20260806
06_03-01-01-01-01-01-06_aug3,Actor_06/03-01-01-01-01-01-06.wav,06,neutral,train,3,same_emotion_blend_spectral_tilt_dropout,20260807
06_03-01-01-01-01-02-06_aug1,Actor_06/03-01-01-01-01-02-06.wav,06,neutral,train,1,gain_shift_colored_noise,20260805
06_03-01-01-01-01-02-06_aug2,Actor_06/03-01-01-01-01-02-06.wav,06,neutral,train,2,room_echo_smoothing_noise,20260806
06_03-01-01-01-01-02-06_aug3,Actor_06/03-01-01-01-01-02-06.wav,06,neutral,train,3,same_emotion_blend_spectral_tilt_dropout,20260807
06_03-01-01-01-02-01-06_aug1,Actor_06/03-01-01-01-02-01-06.wav,06,neutral,train,1,gain_shift_colored_noise,20260805
06_03-01-01-01-02-01-06_aug2,Actor_06/03-01-01-01-02-01-06.wav,06,neutral,train,2,room_echo_smoothing_noise,20260806
06_03-01-01-01-02-01-06_aug3,Actor_06/03-01-01-01-02-01-06.wav,06,neutral,train,3,same_emotion_blend_spectral_tilt_dropout,20260807
06_03-01-01-01-02-02-06_aug1,Actor_06/03-01-01-01-02-02-06.wav,06,neutral,train,1,gain_shift_colored_noise,20260805
06_03-01-01-01-02-02-06_aug2,Actor_06/03-01-01-01-02-02-06.wav,06,neutral,train,2,room_echo_smoothing_noise,20260806
06_03-01-01-01-02-02-06_aug3,Actor_06/03-01-01-01-02-02-06.wav,06,neutral,train,3,same_emotion_blend_spectral_tilt_dropout,20260807
06_03-01-02-01-01-01-06_aug1,Actor_06/03-01-02-01-01-01-06.wav,06,neutral,train,1,gain_shift_colored_noise,20260805
06_03-01-02-01-01-01-06_aug2,Actor_06/03-01-02-01-01-01-06.wav,06,neutral,train,2,room_echo_smoothing_noise,20260806
06_03-01-02-01-01-01-06_aug3,Actor_06/03-01-02-01-01-01-06.wav,06,neutral,train,3,same_emotion_blend_spectral_tilt_dropout,20260807
06_03-01-02-01-01-02-06_aug1,Actor_06/03-01-02-01-01-02-06.wav,06,neutral,train,1,gain_shift_colored_noise,20260805
06_03-01-02-01-01-02-06_aug2,Actor_06/03-01-02-01-01-02-06.wav,06,neutral,train,2,room_echo_smoothing_noise,20260806
06_03-01-02-01-01-02-06_aug3,Actor_06/03-01-02-01-01-02-06.wav,06,neutral,train,3,same_emotion_blend_spectral_tilt_dropout,20260807
06_03-01-02-01-02-01-06_aug1,Actor_06/03-01-02-01-02-01-06.wav,06,neutral,train,1,gain_shift_colored_noise,20260805
06_03-01-02-01-02-01-06_aug2,Actor_06/03-01-02-01-02-01-06.wav,06,neutral,train,2,room_echo_smoothing_noise,20260806
06_03-01-02-01-02-01-06_aug3,Actor_06/03-01-02-01-02-01-06.wav,06,neutral,train,3,same_emotion_blend_spectral_tilt_dropout,20260807
06_03-01-02-01-02-02-06_aug1,Actor_06/03-01-02-01-02-02-06.wav,06,neutral,train,1,gain_shift_colored_noise,20260805
06_03-01-02-01-02-02-06_aug2,Actor_06/03-01-02-01-02-02-06.wav,06,neutral,train,2,room_echo_smoothing_noise,20260806
06_03-01-02-01-02-02-06_aug3,Actor_06/03-01-02-01-02-02-06.wav,06,neutral,train,3,same_emotion_blend_spectral_tilt_dropout,20260807
06_03-01-02-02-01-01-06_aug1,Actor_06/03-01-02-02-01-01-06.wav,06,neutral,train,1,gain_shift_colored_noise,20260805
06_03-01-02-02-01-01-06_aug2,Actor_06/03-01-02-02-01-01-06.wav,06,neutral,train,2,room_echo_smoothing_noise,20260806
06_03-01-02-02-01-01-06_aug3,Actor_06/03-01-02-02-01-01-06.wav,06,neutral,train,3,same_emotion_blend_spectral_tilt_dropout,20260807
06_03-01-02-02-01-02-06_aug1,Actor_06/03-01-02-02-01-02-06.wav,06,neutral,train,1,gain_shift_colored_noise,20260805
06_03-01-02-02-01-02-06_aug2,Actor_06/03-01-02-02-01-02-06.wav,06,neutral,train,2,room_echo_smoothing_noise,20260806
06_03-01-02-02-01-02-06_aug3,Actor_06/03-01-02-02-01-02-06.wav,06,neutral,train,3,same_emotion_blend_spectral_tilt_dropout,20260807
06_03-01-02-02-02-01-06_aug1,Actor_06/03-01-02-02-02-01-06.wav,06,neutral,train,1,gain_shift_colored_noise,20260805
06_03-01-02-02-02-01-06_aug2,Actor_06/03-01-02-02-02-01-06.wav,06,neutral,train,2,room_echo_smoothing_noise,20260806
06_03-01-02-02-02-01-06_aug3,Actor_06/03-01-02-02-02-01-06.wav,06,neutral,train,3,same_emotion_blend_spectral_tilt_dropout,20260807
06_03-01-02-02-02-02-06_aug1,Actor_06/03-01-02-02-02-02-06.wav,06,neutral,train,1,gain_shift_colored_noise,20260805
06_03-01-02-02-02-02-06_aug2,Actor_06/03-01-02-02-02-02-06.wav,06,neutral,train,2,room_echo_smoothing_noise,20260806
06_03-01-02-02-02-02-06_aug3,Actor_06/03-01-02-02-02-02-06.wav,06,neutral,train,3,same_emotion_blend_spectral_tilt_dropout,20260807
06_03-01-03-01-01-01-06_aug1,Actor_06/03-01-03-01-01-01-06.wav,06,happy,train,1,gain_shift_colored_noise,20260805
06_03-01-03-01-01-01-06_aug2,Actor_06/03-01-03-01-01-01-06.wav,06,happy,train,2,room_echo_smoothing_noise,20260806
06_03-01-03-01-01-01-06_aug3,Actor_06/03-01-03-01-01-01-06.wav,06,happy,train,3,same_emotion_blend_spectral_tilt_dropout,20260807
06_03-01-03-01-01-02-06_aug1,Actor_06/03-01-03-01-01-02-06.wav,06,happy,train,1,gain_shift_colored_noise,20260805
06_03-01-03-01-01-02-06_aug2,Actor_06/03-01-03-01-01-02-06.wav,06,happy,train,2,room_echo_smoothing_noise,20260806
06_03-01-03-01-01-02-06_aug3,Actor_06/03-01-03-01-01-02-06.wav,06,happy,train,3,same_emotion_blend_spectral_tilt_dropout,20260807
06_03-01-03-01-02-01-06_aug1,Actor_06/03-01-03-01-02-01-06.wav,06,happy,train,1,gain_shift_colored_noise,20260805
06_03-01-03-01-02-01-06_aug2,Actor_06/03-01-03-01-02-01-06.wav,06,happy,train,2,room_echo_smoothing_noise,20260806
06_03-01-03-01-02-01-06_aug3,Actor_06/03-01-03-01-02-01-06.wav,06,happy,train,3,same_emotion_blend_spectral_tilt_dropout,20260807
06_03-01-03-01-02-02-06_aug1,Actor_06/03-01-03-01-02-02-06.wav,06,happy,train,1,gain_shift_colored_noise,20260805
06_03-01-03-01-02-02-06_aug2,Actor_06/03-01-03-01-02-02-06.wav,06,happy,train,2,room_echo_smoothing_noise,20260806
06_03-01-03-01-02-02-06_aug3,Actor_06/03-01-03-01-02-02-06.wav,06,happy,train,3,same_emotion_blend_spectral_tilt_dropout,20260807
06_03-01-03-02-01-01-06_aug1,Actor_06/03-01-03-02-01-01-06.wav,06,happy,train,1,gain_shift_colored_noise,20260805
06_03-01-03-02-01-01-06_aug2,Actor_06/03-01-03-02-01-01-06.wav,06,happy,train,2,room_echo_smoothing_noise,20260806
06_03-01-03-02-01-01-06_aug3,Actor_06/03-01-03-02-01-01-06.wav,06,happy,train,3,same_emotion_blend_spectral_tilt_dropout,20260807
06_03-01-03-02-01-02-06_aug1,Actor_06/03-01-03-02-01-02-06.wav,06,happy,train,1,gain_shift_colored_noise,20260805
06_03-01-03-02-01-02-06_aug2,Actor_06/03-01-03-02-01-02-06.wav,06,happy,train,2,room_echo_smoothing_noise,20260806
06_03-01-03-02-01-02-06_aug3,Actor_06/03-01-03-02-01-02-06.wav,06,happy,train,3,same_emotion_blend_spectral_tilt_dropout,20260807
06_03-01-03-02-02-01-06_aug1,Actor_06/03-01-03-02-02-01-06.wav,06,happy,train,1,gain_shift_colored_noise,20260805
06_03-01-03-02-02-01-06_aug2,Actor_06/03-01-03-02-02-01-06.wav,06,happy,train,2,room_echo_smoothing_noise,20260806
06_03-01-03-02-02-01-06_aug3,Actor_06/03-01-03-02-02-01-06.wav,06,happy,train,3,same_emotion_blend_spectral_tilt_dropout,20260807
06_03-01-03-02-02-02-06_aug1,Actor_06/03-01-03-02-02-02-06.wav,06,happy,train,1,gain_shift_colored_noise,20260805
06_03-01-03-02-02-02-06_aug2,Actor_06/03-01-03-02-02-02-06.wav,06,happy,train,2,room_echo_smoothing_noise,20260806
06_03-01-03-02-02-02-06_aug3,Actor_06/03-01-03-02-02-02-06.wav,06,happy,train,3,same_emotion_blend_spectral_tilt_dropout,20260807
06_03-01-04-01-01-01-06_aug1,Actor_06/03-01-04-01-01-01-06.wav,06,sad,train,1,gain_shift_colored_noise,20260805
06_03-01-04-01-01-01-06_aug2,Actor_06/03-01-04-01-01-01-06.wav,06,sad,train,2,room_echo_smoothing_noise,20260806
06_03-01-04-01-01-01-06_aug3,Actor_06/03-01-04-01-01-01-06.wav,06,sad,train,3,same_emotion_blend_spectral_tilt_dropout,20260807
06_03-01-04-01-01-02-06_aug1,Actor_06/03-01-04-01-01-02-06.wav,06,sad,train,1,gain_shift_colored_noise,20260805
06_03-01-04-01-01-02-06_aug2,Actor_06/03-01-04-01-01-02-06.wav,06,sad,train,2,room_echo_smoothing_noise,20260806
06_03-01-04-01-01-02-06_aug3,Actor_06/03-01-04-01-01-02-06.wav,06,sad,train,3,same_emotion_blend_spectral_tilt_dropout,20260807
06_03-01-04-01-02-01-06_aug1,Actor_06/03-01-04-01-02-01-06.wav,06,sad,train,1,gain_shift_colored_noise,20260805
06_03-01-04-01-02-01-06_aug2,Actor_06/03-01-04-01-02-01-06.wav,06,sad,train,2,room_echo_smoothing_noise,20260806
06_03-01-04-01-02-01-06_aug3,Actor_06/03-01-04-01-02-01-06.wav,06,sad,train,3,same_emotion_blend_spectral_tilt_dropout,20260807
06_03-01-04-01-02-02-06_aug1,Actor_06/03-01-04-01-02-02-06.wav,06,sad,train,1,gain_shift_colored_noise,20260805
06_03-01-04-01-02-02-06_aug2,Actor_06/03-01-04-01-02-02-06.wav,06,sad,train,2,room_echo_smoothing_noise,20260806
06_03-01-04-01-02-02-06_aug3,Actor_06/03-01-04-01-02-02-06.wav,06,sad,train,3,same_emotion_blend_spectral_tilt_dropout,20260807
06_03-01-04-02-01-01-06_aug1,Actor_06/03-01-04-02-01-01-06.wav,06,sad,train,1,gain_shift_colored_noise,20260805
06_03-01-04-02-01-01-06_aug2,Actor_06/03-01-04-02-01-01-06.wav,06,sad,train,2,room_echo_smoothing_noise,20260806
06_03-01-04-02-01-01-06_aug3,Actor_06/03-01-04-02-01-01-06.wav,06,sad,train,3,same_emotion_blend_spectral_tilt_dropout,20260807
06_03-01-04-02-01-02-06_aug1,Actor_06/03-01-04-02-01-02-06.wav,06,sad,train,1,gain_shift_colored_noise,20260805
06_03-01-04-02-01-02-06_aug2,Actor_06/03-01-04-02-01-02-06.wav,06,sad,train,2,room_echo_smoothing_noise,20260806
06_03-01-04-02-01-02-06_aug3,Actor_06/03-01-04-02-01-02-06.wav,06,sad,train,3,same_emotion_blend_spectral_tilt_dropout,20260807
06_03-01-04-02-02-01-06_aug1,Actor_06/03-01-04-02-02-01-06.wav,06,sad,train,1,gain_shift_colored_noise,20260805
06_03-01-04-02-02-01-06_aug2,Actor_06/03-01-04-02-02-01-06.wav,06,sad,train,2,room_echo_smoothing_noise,20260806
06_03-01-04-02-02-01-06_aug3,Actor_06/03-01-04-02-02-01-06.wav,06,sad,train,3,same_emotion_blend_spectral_tilt_dropout,20260807
06_03-01-04-02-02-02-06_aug1,Actor_06/03-01-04-02-02-02-06.wav,06,sad,train,1,gain_shift_colored_noise,20260805
06_03-01-04-02-02-02-06_aug2,Actor_06/03-01-04-02-02-02-06.wav,06,sad,train,2,room_echo_smoothing_noise,20260806
06_03-01-04-02-02-02-06_aug3,Actor_06/03-01-04-02-02-02-06.wav,06,sad,train,3,same_emotion_blend_spectral_tilt_dropout,20260807
06_03-01-05-01-01-01-06_aug1,Actor_06/03-01-05-01-01-01-06.wav,06,angry,train,1,gain_shift_colored_noise,20260805
06_03-01-05-01-01-01-06_aug2,Actor_06/03-01-05-01-01-01-06.wav,06,angry,train,2,room_echo_smoothing_noise,20260806
06_03-01-05-01-01-01-06_aug3,Actor_06/03-01-05-01-01-01-06.wav,06,angry,train,3,same_emotion_blend_spectral_tilt_dropout,20260807
06_03-01-05-01-01-02-06_aug1,Actor_06/03-01-05-01-01-02-06.wav,06,angry,train,1,gain_shift_colored_noise,20260805
06_03-01-05-01-01-02-06_aug2,Actor_06/03-01-05-01-01-02-06.wav,06,angry,train,2,room_echo_smoothing_noise,20260806
06_03-01-05-01-01-02-06_aug3,Actor_06/03-01-05-01-01-02-06.wav,06,angry,train,3,same_emotion_blend_spectral_tilt_dropout,20260807
06_03-01-05-01-02-01-06_aug1,Actor_06/03-01-05-01-02-01-06.wav,06,angry,train,1,gain_shift_colored_noise,20260805
06_03-01-05-01-02-01-06_aug2,Actor_06/03-01-05-01-02-01-06.wav,06,angry,train,2,room_echo_smoothing_noise,20260806
06_03-01-05-01-02-01-06_aug3,Actor_06/03-01-05-01-02-01-06.wav,06,angry,train,3,same_emotion_blend_spectral_tilt_dropout,20260807
06_03-01-05-01-02-02-06_aug1,Actor_06/03-01-05-01-02-02-06.wav,06,angry,train,1,gain_shift_colored_noise,20260805
06_03-01-05-01-02-02-06_aug2,Actor_06/03-01-05-01-02-02-06.wav,06,angry,train,2,room_echo_smoothing_noise,20260806
06_03-01-05-01-02-02-06_aug3,Actor_06/03-01-05-01-02-02-06.wav,06,angry,train,3,same_emotion_blend_spectral_tilt_dropout,20260807
06_03-01-05-02-01-01-06_aug1,Actor_06/03-01-05-02-01-01-06.wav,06,angry,train,1,gain_shift_colored_noise,20260805
06_03-01-05-02-01-01-06_aug2,Actor_06/03-01-05-02-01-01-06.wav,06,angry,train,2,room_echo_smoothing_noise,20260806
06_03-01-05-02-01-01-06_aug3,Actor_06/03-01-05-02-01-01-06.wav,06,angry,train,3,same_emotion_blend_spectral_tilt_dropout,20260807
06_03-01-05-02-01-02-06_aug1,Actor_06/03-01-05-02-01-02-06.wav,06,angry,train,1,gain_shift_colored_noise,20260805
06_03-01-05-02-01-02-06_aug2,Actor_06/03-01-05-02-01-02-06.wav,06,angry,train,2,room_echo_smoothing_noise,20260806
06_03-01-05-02-01-02-06_aug3,Actor_06/03-01-05-02-01-02-06.wav,06,angry,train,3,same_emotion_blend_spectral_tilt_dropout,20260807
06_03-01-05-02-02-01-06_aug1,Actor_06/03-01-05-02-02-01-06.wav,06,angry,train,1,gain_shift_colored_noise,20260805
06_03-01-05-02-02-01-06_aug2,Actor_06/03-01-05-02-02-01-06.wav,06,angry,train,2,room_echo_smoothing_noise,20260806
06_03-01-05-02-02-01-06_aug3,Actor_06/03-01-05-02-02-01-06.wav,06,angry,train,3,same_emotion_blend_spectral_tilt_dropout,20260807
06_03-01-05-02-02-02-06_aug1,Actor_06/03-01-05-02-02-02-06.wav,06,angry,train,1,gain_shift_colored_noise,20260805
06_03-01-05-02-02-02-06_aug2,Actor_06/03-01-05-02-02-02-06.wav,06,angry,train,2,room_echo_smoothing_noise,20260806
06_03-01-05-02-02-02-06_aug3,Actor_06/03-01-05-02-02-02-06.wav,06,angry,train,3,same_emotion_blend_spectral_tilt_dropout,20260807
06_03-01-06-01-01-01-06_aug1,Actor_06/03-01-06-01-01-01-06.wav,06,fear,train,1,gain_shift_colored_noise,20260805
06_03-01-06-01-01-01-06_aug2,Actor_06/03-01-06-01-01-01-06.wav,06,fear,train,2,room_echo_smoothing_noise,20260806
06_03-01-06-01-01-01-06_aug3,Actor_06/03-01-06-01-01-01-06.wav,06,fear,train,3,same_emotion_blend_spectral_tilt_dropout,20260807
06_03-01-06-01-01-02-06_aug1,Actor_06/03-01-06-01-01-02-06.wav,06,fear,train,1,gain_shift_colored_noise,20260805
06_03-01-06-01-01-02-06_aug2,Actor_06/03-01-06-01-01-02-06.wav,06,fear,train,2,room_echo_smoothing_noise,20260806
06_03-01-06-01-01-02-06_aug3,Actor_06/03-01-06-01-01-02-06.wav,06,fear,train,3,same_emotion_blend_spectral_tilt_dropout,20260807
06_03-01-06-01-02-01-06_aug1,Actor_06/03-01-06-01-02-01-06.wav,06,fear,train,1,gain_shift_colored_noise,20260805
06_03-01-06-01-02-01-06_aug2,Actor_06/03-01-06-01-02-01-06.wav,06,fear,train,2,room_echo_smoothing_noise,20260806
06_03-01-06-01-02-01-06_aug3,Actor_06/03-01-06-01-02-01-06.wav,06,fear,train,3,same_emotion_blend_spectral_tilt_dropout,20260807
06_03-01-06-01-02-02-06_aug1,Actor_06/03-01-06-01-02-02-06.wav,06,fear,train,1,gain_shift_colored_noise,20260805
06_03-01-06-01-02-02-06_aug2,Actor_06/03-01-06-01-02-02-06.wav,06,fear,train,2,room_echo_smoothing_noise,20260806
06_03-01-06-01-02-02-06_aug3,Actor_06/03-01-06-01-02-02-06.wav,06,fear,train,3,same_emotion_blend_spectral_tilt_dropout,20260807
06_03-01-06-02-01-01-06_aug1,Actor_06/03-01-06-02-01-01-06.wav,06,fear,train,1,gain_shift_colored_noise,20260805
06_03-01-06-02-01-01-06_aug2,Actor_06/03-01-06-02-01-01-06.wav,06,fear,train,2,room_echo_smoothing_noise,20260806
06_03-01-06-02-01-01-06_aug3,Actor_06/03-01-06-02-01-01-06.wav,06,fear,train,3,same_emotion_blend_spectral_tilt_dropout,20260807
06_03-01-06-02-01-02-06_aug1,Actor_06/03-01-06-02-01-02-06.wav,06,fear,train,1,gain_shift_colored_noise,20260805
06_03-01-06-02-01-02-06_aug2,Actor_06/03-01-06-02-01-02-06.wav,06,fear,train,2,room_echo_smoothing_noise,20260806
06_03-01-06-02-01-02-06_aug3,Actor_06/03-01-06-02-01-02-06.wav,06,fear,train,3,same_emotion_blend_spectral_tilt_dropout,20260807
06_03-01-06-02-02-01-06_aug1,Actor_06/03-01-06-02-02-01-06.wav,06,fear,train,1,gain_shift_colored_noise,20260805
06_03-01-06-02-02-01-06_aug2,Actor_06/03-01-06-02-02-01-06.wav,06,fear,train,2,room_echo_smoothing_noise,20260806
06_03-01-06-02-02-01-06_aug3,Actor_06/03-01-06-02-02-01-06.wav,06,fear,train,3,same_emotion_blend_spectral_tilt_dropout,20260807
06_03-01-06-02-02-02-06_aug1,Actor_06/03-01-06-02-02-02-06.wav,06,fear,train,1,gain_shift_colored_noise,20260805
06_03-01-06-02-02-02-06_aug2,Actor_06/03-01-06-02-02-02-06.wav,06,fear,train,2,room_echo_smoothing_noise,20260806
06_03-01-06-02-02-02-06_aug3,Actor_06/03-01-06-02-02-02-06.wav,06,fear,train,3,same_emotion_blend_spectral_tilt_dropout,20260807
06_03-01-07-01-01-01-06_aug1,Actor_06/03-01-07-01-01-01-06.wav,06,disgust,train,1,gain_shift_colored_noise,20260805
06_03-01-07-01-01-01-06_aug2,Actor_06/03-01-07-01-01-01-06.wav,06,disgust,train,2,room_echo_smoothing_noise,20260806
06_03-01-07-01-01-01-06_aug3,Actor_06/03-01-07-01-01-01-06.wav,06,disgust,train,3,same_emotion_blend_spectral_tilt_dropout,20260807
06_03-01-07-01-01-02-06_aug1,Actor_06/03-01-07-01-01-02-06.wav,06,disgust,train,1,gain_shift_colored_noise,20260805
06_03-01-07-01-01-02-06_aug2,Actor_06/03-01-07-01-01-02-06.wav,06,disgust,train,2,room_echo_smoothing_noise,20260806
06_03-01-07-01-01-02-06_aug3,Actor_06/03-01-07-01-01-02-06.wav,06,disgust,train,3,same_emotion_blend_spectral_tilt_dropout,20260807
06_03-01-07-01-02-01-06_aug1,Actor_06/03-01-07-01-02-01-06.wav,06,disgust,train,1,gain_shift_colored_noise,20260805
06_03-01-07-01-02-01-06_aug2,Actor_06/03-01-07-01-02-01-06.wav,06,disgust,train,2,room_echo_smoothing_noise,20260806
06_03-01-07-01-02-01-06_aug3,Actor_06/03-01-07-01-02-01-06.wav,06,disgust,train,3,same_emotion_blend_spectral_tilt_dropout,20260807
06_03-01-07-01-02-02-06_aug1,Actor_06/03-01-07-01-02-02-06.wav,06,disgust,train,1,gain_shift_colored_noise,20260805
06_03-01-07-01-02-02-06_aug2,Actor_06/03-01-07-01-02-02-06.wav,06,disgust,train,2,room_echo_smoothing_noise,20260806
06_03-01-07-01-02-02-06_aug3,Actor_06/03-01-07-01-02-02-06.wav,06,disgust,train,3,same_emotion_blend_spectral_tilt_dropout,20260807
06_03-01-07-02-01-01-06_aug1,Actor_06/03-01-07-02-01-01-06.wav,06,disgust,train,1,gain_shift_colored_noise,20260805
06_03-01-07-02-01-01-06_aug2,Actor_06/03-01-07-02-01-01-06.wav,06,disgust,train,2,room_echo_smoothing_noise,20260806
06_03-01-07-02-01-01-06_aug3,Actor_06/03-01-07-02-01-01-06.wav,06,disgust,train,3,same_emotion_blend_spectral_tilt_dropout,20260807
06_03-01-07-02-01-02-06_aug1,Actor_06/03-01-07-02-01-02-06.wav,06,disgust,train,1,gain_shift_colored_noise,20260805
06_03-01-07-02-01-02-06_aug2,Actor_06/03-01-07-02-01-02-06.wav,06,disgust,train,2,room_echo_smoothing_noise,20260806
06_03-01-07-02-01-02-06_aug3,Actor_06/03-01-07-02-01-02-06.wav,06,disgust,train,3,same_emotion_blend_spectral_tilt_dropout,20260807
06_03-01-07-02-02-01-06_aug1,Actor_06/03-01-07-02-02-01-06.wav,06,disgust,train,1,gain_shift_colored_noise,20260805
06_03-01-07-02-02-01-06_aug2,Actor_06/03-01-07-02-02-01-06.wav,06,disgust,train,2,room_echo_smoothing_noise,20260806
06_03-01-07-02-02-01-06_aug3,Actor_06/03-01-07-02-02-01-06.wav,06,disgust,train,3,same_emotion_blend_spectral_tilt_dropout,20260807
06_03-01-07-02-02-02-06_aug1,Actor_06/03-01-07-02-02-02-06.wav,06,disgust,train,1,gain_shift_colored_noise,20260805
06_03-01-07-02-02-02-06_aug2,Actor_06/03-01-07-02-02-02-06.wav,06,disgust,train,2,room_echo_smoothing_noise,20260806
06_03-01-07-02-02-02-06_aug3,Actor_06/03-01-07-02-02-02-06.wav,06,disgust,train,3,same_emotion_blend_spectral_tilt_dropout,20260807
06_03-01-08-01-01-01-06_aug1,Actor_06/03-01-08-01-01-01-06.wav,06,surprise,train,1,gain_shift_colored_noise,20260805
06_03-01-08-01-01-01-06_aug2,Actor_06/03-01-08-01-01-01-06.wav,06,surprise,train,2,room_echo_smoothing_noise,20260806
06_03-01-08-01-01-01-06_aug3,Actor_06/03-01-08-01-01-01-06.wav,06,surprise,train,3,same_emotion_blend_spectral_tilt_dropout,20260807
06_03-01-08-01-01-02-06_aug1,Actor_06/03-01-08-01-01-02-06.wav,06,surprise,train,1,gain_shift_colored_noise,20260805
06_03-01-08-01-01-02-06_aug2,Actor_06/03-01-08-01-01-02-06.wav,06,surprise,train,2,room_echo_smoothing_noise,20260806
06_03-01-08-01-01-02-06_aug3,Actor_06/03-01-08-01-01-02-06.wav,06,surprise,train,3,same_emotion_blend_spectral_tilt_dropout,20260807
06_03-01-08-01-02-01-06_aug1,Actor_06/03-01-08-01-02-01-06.wav,06,surprise,train,1,gain_shift_colored_noise,20260805
06_03-01-08-01-02-01-06_aug2,Actor_06/03-01-08-01-02-01-06.wav,06,surprise,train,2,room_echo_smoothing_noise,20260806
06_03-01-08-01-02-01-06_aug3,Actor_06/03-01-08-01-02-01-06.wav,06,surprise,train,3,same_emotion_blend_spectral_tilt_dropout,20260807
06_03-01-08-01-02-02-06_aug1,Actor_06/03-01-08-01-02-02-06.wav,06,surprise,train,1,gain_shift_colored_noise,20260805
06_03-01-08-01-02-02-06_aug2,Actor_06/03-01-08-01-02-02-06.wav,06,surprise,train,2,room_echo_smoothing_noise,20260806
06_03-01-08-01-02-02-06_aug3,Actor_06/03-01-08-01-02-02-06.wav,06,surprise,train,3,same_emotion_blend_spectral_tilt_dropout,20260807
06_03-01-08-02-01-01-06_aug1,Actor_06/03-01-08-02-01-01-06.wav,06,surprise,train,1,gain_shift_colored_noise,20260805
06_03-01-08-02-01-01-06_aug2,Actor_06/03-01-08-02-01-01-06.wav,06,surprise,train,2,room_echo_smoothing_noise,20260806
06_03-01-08-02-01-01-06_aug3,Actor_06/03-01-08-02-01-01-06.wav,06,surprise,train,3,same_emotion_blend_spectral_tilt_dropout,20260807
06_03-01-08-02-01-02-06_aug1,Actor_06/03-01-08-02-01-02-06.wav,06,surprise,train,1,gain_shift_colored_noise,20260805
06_03-01-08-02-01-02-06_aug2,Actor_06/03-01-08-02-01-02-06.wav,06,surprise,train,2,room_echo_smoothing_noise,20260806
06_03-01-08-02-01-02-06_aug3,Actor_06/03-01-08-02-01-02-06.wav,06,surprise,train,3,same_emotion_blend_spectral_tilt_dropout,20260807
06_03-01-08-02-02-01-06_aug1,Actor_06/03-01-08-02-02-01-06.wav,06,surprise,train,1,gain_shift_colored_noise,20260805
06_03-01-08-02-02-01-06_aug2,Actor_06/03-01-08-02-02-01-06.wav,06,surprise,train,2,room_echo_smoothing_noise,20260806
06_03-01-08-02-02-01-06_aug3,Actor_06/03-01-08-02-02-01-06.wav,06,surprise,train,3,same_emotion_blend_spectral_tilt_dropout,20260807
06_03-01-08-02-02-02-06_aug1,Actor_06/03-01-08-02-02-02-06.wav,06,surprise,train,1,gain_shift_colored_noise,20260805
06_03-01-08-02-02-02-06_aug2,Actor_06/03-01-08-02-02-02-06.wav,06,surprise,train,2,room_echo_smoothing_noise,20260806
06_03-01-08-02-02-02-06_aug3,Actor_06/03-01-08-02-02-02-06.wav,06,surprise,train,3,same_emotion_blend_spectral_tilt_dropout,20260807
07_03-01-01-01-01-01-07_aug1,Actor_07/03-01-01-01-01-01-07.wav,07,neutral,train,1,gain_shift_colored_noise,20260805
07_03-01-01-01-01-01-07_aug2,Actor_07/03-01-01-01-01-01-07.wav,07,neutral,train,2,room_echo_smoothing_noise,20260806
07_03-01-01-01-01-01-07_aug3,Actor_07/03-01-01-01-01-01-07.wav,07,neutral,train,3,same_emotion_blend_spectral_tilt_dropout,20260807
07_03-01-01-01-01-02-07_aug1,Actor_07/03-01-01-01-01-02-07.wav,07,neutral,train,1,gain_shift_colored_noise,20260805
07_03-01-01-01-01-02-07_aug2,Actor_07/03-01-01-01-01-02-07.wav,07,neutral,train,2,room_echo_smoothing_noise,20260806
07_03-01-01-01-01-02-07_aug3,Actor_07/03-01-01-01-01-02-07.wav,07,neutral,train,3,same_emotion_blend_spectral_tilt_dropout,20260807
07_03-01-01-01-02-01-07_aug1,Actor_07/03-01-01-01-02-01-07.wav,07,neutral,train,1,gain_shift_colored_noise,20260805
07_03-01-01-01-02-01-07_aug2,Actor_07/03-01-01-01-02-01-07.wav,07,neutral,train,2,room_echo_smoothing_noise,20260806
07_03-01-01-01-02-01-07_aug3,Actor_07/03-01-01-01-02-01-07.wav,07,neutral,train,3,same_emotion_blend_spectral_tilt_dropout,20260807
07_03-01-01-01-02-02-07_aug1,Actor_07/03-01-01-01-02-02-07.wav,07,neutral,train,1,gain_shift_colored_noise,20260805
07_03-01-01-01-02-02-07_aug2,Actor_07/03-01-01-01-02-02-07.wav,07,neutral,train,2,room_echo_smoothing_noise,20260806
07_03-01-01-01-02-02-07_aug3,Actor_07/03-01-01-01-02-02-07.wav,07,neutral,train,3,same_emotion_blend_spectral_tilt_dropout,20260807
07_03-01-02-01-01-01-07_aug1,Actor_07/03-01-02-01-01-01-07.wav,07,neutral,train,1,gain_shift_colored_noise,20260805
07_03-01-02-01-01-01-07_aug2,Actor_07/03-01-02-01-01-01-07.wav,07,neutral,train,2,room_echo_smoothing_noise,20260806
07_03-01-02-01-01-01-07_aug3,Actor_07/03-01-02-01-01-01-07.wav,07,neutral,train,3,same_emotion_blend_spectral_tilt_dropout,20260807
07_03-01-02-01-01-02-07_aug1,Actor_07/03-01-02-01-01-02-07.wav,07,neutral,train,1,gain_shift_colored_noise,20260805
07_03-01-02-01-01-02-07_aug2,Actor_07/03-01-02-01-01-02-07.wav,07,neutral,train,2,room_echo_smoothing_noise,20260806
07_03-01-02-01-01-02-07_aug3,Actor_07/03-01-02-01-01-02-07.wav,07,neutral,train,3,same_emotion_blend_spectral_tilt_dropout,20260807
07_03-01-02-01-02-01-07_aug1,Actor_07/03-01-02-01-02-01-07.wav,07,neutral,train,1,gain_shift_colored_noise,20260805
07_03-01-02-01-02-01-07_aug2,Actor_07/03-01-02-01-02-01-07.wav,07,neutral,train,2,room_echo_smoothing_noise,20260806
07_03-01-02-01-02-01-07_aug3,Actor_07/03-01-02-01-02-01-07.wav,07,neutral,train,3,same_emotion_blend_spectral_tilt_dropout,20260807
07_03-01-02-01-02-02-07_aug1,Actor_07/03-01-02-01-02-02-07.wav,07,neutral,train,1,gain_shift_colored_noise,20260805
07_03-01-02-01-02-02-07_aug2,Actor_07/03-01-02-01-02-02-07.wav,07,neutral,train,2,room_echo_smoothing_noise,20260806
07_03-01-02-01-02-02-07_aug3,Actor_07/03-01-02-01-02-02-07.wav,07,neutral,train,3,same_emotion_blend_spectral_tilt_dropout,20260807
07_03-01-02-02-01-01-07_aug1,Actor_07/03-01-02-02-01-01-07.wav,07,neutral,train,1,gain_shift_colored_noise,20260805
07_03-01-02-02-01-01-07_aug2,Actor_07/03-01-02-02-01-01-07.wav,07,neutral,train,2,room_echo_smoothing_noise,20260806
07_03-01-02-02-01-01-07_aug3,Actor_07/03-01-02-02-01-01-07.wav,07,neutral,train,3,same_emotion_blend_spectral_tilt_dropout,20260807
07_03-01-02-02-01-02-07_aug1,Actor_07/03-01-02-02-01-02-07.wav,07,neutral,train,1,gain_shift_colored_noise,20260805
07_03-01-02-02-01-02-07_aug2,Actor_07/03-01-02-02-01-02-07.wav,07,neutral,train,2,room_echo_smoothing_noise,20260806
07_03-01-02-02-01-02-07_aug3,Actor_07/03-01-02-02-01-02-07.wav,07,neutral,train,3,same_emotion_blend_spectral_tilt_dropout,20260807
07_03-01-02-02-02-01-07_aug1,Actor_07/03-01-02-02-02-01-07.wav,07,neutral,train,1,gain_shift_colored_noise,20260805
07_03-01-02-02-02-01-07_aug2,Actor_07/03-01-02-02-02-01-07.wav,07,neutral,train,2,room_echo_smoothing_noise,20260806
07_03-01-02-02-02-01-07_aug3,Actor_07/03-01-02-02-02-01-07.wav,07,neutral,train,3,same_emotion_blend_spectral_tilt_dropout,20260807
07_03-01-02-02-02-02-07_aug1,Actor_07/03-01-02-02-02-02-07.wav,07,neutral,train,1,gain_shift_colored_noise,20260805
07_03-01-02-02-02-02-07_aug2,Actor_07/03-01-02-02-02-02-07.wav,07,neutral,train,2,room_echo_smoothing_noise,20260806
07_03-01-02-02-02-02-07_aug3,Actor_07/03-01-02-02-02-02-07.wav,07,neutral,train,3,same_emotion_blend_spectral_tilt_dropout,20260807
07_03-01-03-01-01-01-07_aug1,Actor_07/03-01-03-01-01-01-07.wav,07,happy,train,1,gain_shift_colored_noise,20260805
07_03-01-03-01-01-01-07_aug2,Actor_07/03-01-03-01-01-01-07.wav,07,happy,train,2,room_echo_smoothing_noise,20260806
07_03-01-03-01-01-01-07_aug3,Actor_07/03-01-03-01-01-01-07.wav,07,happy,train,3,same_emotion_blend_spectral_tilt_dropout,20260807
07_03-01-03-01-01-02-07_aug1,Actor_07/03-01-03-01-01-02-07.wav,07,happy,train,1,gain_shift_colored_noise,20260805
07_03-01-03-01-01-02-07_aug2,Actor_07/03-01-03-01-01-02-07.wav,07,happy,train,2,room_echo_smoothing_noise,20260806
07_03-01-03-01-01-02-07_aug3,Actor_07/03-01-03-01-01-02-07.wav,07,happy,train,3,same_emotion_blend_spectral_tilt_dropout,20260807
07_03-01-03-01-02-01-07_aug1,Actor_07/03-01-03-01-02-01-07.wav,07,happy,train,1,gain_shift_colored_noise,20260805
07_03-01-03-01-02-01-07_aug2,Actor_07/03-01-03-01-02-01-07.wav,07,happy,train,2,room_echo_smoothing_noise,20260806
07_03-01-03-01-02-01-07_aug3,Actor_07/03-01-03-01-02-01-07.wav,07,happy,train,3,same_emotion_blend_spectral_tilt_dropout,20260807
07_03-01-03-01-02-02-07_aug1,Actor_07/03-01-03-01-02-02-07.wav,07,happy,train,1,gain_shift_colored_noise,20260805
07_03-01-03-01-02-02-07_aug2,Actor_07/03-01-03-01-02-02-07.wav,07,happy,train,2,room_echo_smoothing_noise,20260806
07_03-01-03-01-02-02-07_aug3,Actor_07/03-01-03-01-02-02-07.wav,07,happy,train,3,same_emotion_blend_spectral_tilt_dropout,20260807
07_03-01-03-02-01-01-07_aug1,Actor_07/03-01-03-02-01-01-07.wav,07,happy,train,1,gain_shift_colored_noise,20260805
07_03-01-03-02-01-01-07_aug2,Actor_07/03-01-03-02-01-01-07.wav,07,happy,train,2,room_echo_smoothing_noise,20260806
07_03-01-03-02-01-01-07_aug3,Actor_07/03-01-03-02-01-01-07.wav,07,happy,train,3,same_emotion_blend_spectral_tilt_dropout,20260807
07_03-01-03-02-01-02-07_aug1,Actor_07/03-01-03-02-01-02-07.wav,07,happy,train,1,gain_shift_colored_noise,20260805
07_03-01-03-02-01-02-07_aug2,Actor_07/03-01-03-02-01-02-07.wav,07,happy,train,2,room_echo_smoothing_noise,20260806
07_03-01-03-02-01-02-07_aug3,Actor_07/03-01-03-02-01-02-07.wav,07,happy,train,3,same_emotion_blend_spectral_tilt_dropout,20260807
07_03-01-03-02-02-01-07_aug1,Actor_07/03-01-03-02-02-01-07.wav,07,happy,train,1,gain_shift_colored_noise,20260805
07_03-01-03-02-02-01-07_aug2,Actor_07/03-01-03-02-02-01-07.wav,07,happy,train,2,room_echo_smoothing_noise,20260806
07_03-01-03-02-02-01-07_aug3,Actor_07/03-01-03-02-02-01-07.wav,07,happy,train,3,same_emotion_blend_spectral_tilt_dropout,20260807
07_03-01-03-02-02-02-07_aug1,Actor_07/03-01-03-02-02-02-07.wav,07,happy,train,1,gain_shift_colored_noise,20260805
07_03-01-03-02-02-02-07_aug2,Actor_07/03-01-03-02-02-02-07.wav,07,happy,train,2,room_echo_smoothing_noise,20260806
07_03-01-03-02-02-02-07_aug3,Actor_07/03-01-03-02-02-02-07.wav,07,happy,train,3,same_emotion_blend_spectral_tilt_dropout,20260807
07_03-01-04-01-01-01-07_aug1,Actor_07/03-01-04-01-01-01-07.wav,07,sad,train,1,gain_shift_colored_noise,20260805
07_03-01-04-01-01-01-07_aug2,Actor_07/03-01-04-01-01-01-07.wav,07,sad,train,2,room_echo_smoothing_noise,20260806
07_03-01-04-01-01-01-07_aug3,Actor_07/03-01-04-01-01-01-07.wav,07,sad,train,3,same_emotion_blend_spectral_tilt_dropout,20260807
07_03-01-04-01-01-02-07_aug1,Actor_07/03-01-04-01-01-02-07.wav,07,sad,train,1,gain_shift_colored_noise,20260805
07_03-01-04-01-01-02-07_aug2,Actor_07/03-01-04-01-01-02-07.wav,07,sad,train,2,room_echo_smoothing_noise,20260806
07_03-01-04-01-01-02-07_aug3,Actor_07/03-01-04-01-01-02-07.wav,07,sad,train,3,same_emotion_blend_spectral_tilt_dropout,20260807
07_03-01-04-01-02-01-07_aug1,Actor_07/03-01-04-01-02-01-07.wav,07,sad,train,1,gain_shift_colored_noise,20260805
07_03-01-04-01-02-01-07_aug2,Actor_07/03-01-04-01-02-01-07.wav,07,sad,train,2,room_echo_smoothing_noise,20260806
07_03-01-04-01-02-01-07_aug3,Actor_07/03-01-04-01-02-01-07.wav,07,sad,train,3,same_emotion_blend_spectral_tilt_dropout,20260807
07_03-01-04-01-02-02-07_aug1,Actor_07/03-01-04-01-02-02-07.wav,07,sad,train,1,gain_shift_colored_noise,20260805
07_03-01-04-01-02-02-07_aug2,Actor_07/03-01-04-01-02-02-07.wav,07,sad,train,2,room_echo_smoothing_noise,20260806
07_03-01-04-01-02-02-07_aug3,Actor_07/03-01-04-01-02-02-07.wav,07,sad,train,3,same_emotion_blend_spectral_tilt_dropout,20260807
07_03-01-04-02-01-01-07_aug1,Actor_07/03-01-04-02-01-01-07.wav,07,sad,train,1,gain_shift_colored_noise,20260805
07_03-01-04-02-01-01-07_aug2,Actor_07/03-01-04-02-01-01-07.wav,07,sad,train,2,room_echo_smoothing_noise,20260806
07_03-01-04-02-01-01-07_aug3,Actor_07/03-01-04-02-01-01-07.wav,07,sad,train,3,same_emotion_blend_spectral_tilt_dropout,20260807
07_03-01-04-02-01-02-07_aug1,Actor_07/03-01-04-02-01-02-07.wav,07,sad,train,1,gain_shift_colored_noise,20260805
07_03-01-04-02-01-02-07_aug2,Actor_07/03-01-04-02-01-02-07.wav,07,sad,train,2,room_echo_smoothing_noise,20260806
07_03-01-04-02-01-02-07_aug3,Actor_07/03-01-04-02-01-02-07.wav,07,sad,train,3,same_emotion_blend_spectral_tilt_dropout,20260807
07_03-01-04-02-02-01-07_aug1,Actor_07/03-01-04-02-02-01-07.wav,07,sad,train,1,gain_shift_colored_noise,20260805
07_03-01-04-02-02-01-07_aug2,Actor_07/03-01-04-02-02-01-07.wav,07,sad,train,2,room_echo_smoothing_noise,20260806
07_03-01-04-02-02-01-07_aug3,Actor_07/03-01-04-02-02-01-07.wav,07,sad,train,3,same_emotion_blend_spectral_tilt_dropout,20260807
07_03-01-04-02-02-02-07_aug1,Actor_07/03-01-04-02-02-02-07.wav,07,sad,train,1,gain_shift_colored_noise,20260805
07_03-01-04-02-02-02-07_aug2,Actor_07/03-01-04-02-02-02-07.wav,07,sad,train,2,room_echo_smoothing_noise,20260806
07_03-01-04-02-02-02-07_aug3,Actor_07/03-01-04-02-02-02-07.wav,07,sad,train,3,same_emotion_blend_spectral_tilt_dropout,20260807
07_03-01-05-01-01-01-07_aug1,Actor_07/03-01-05-01-01-01-07.wav,07,angry,train,1,gain_shift_colored_noise,20260805
07_03-01-05-01-01-01-07_aug2,Actor_07/03-01-05-01-01-01-07.wav,07,angry,train,2,room_echo_smoothing_noise,20260806
07_03-01-05-01-01-01-07_aug3,Actor_07/03-01-05-01-01-01-07.wav,07,angry,train,3,same_emotion_blend_spectral_tilt_dropout,20260807
07_03-01-05-01-01-02-07_aug1,Actor_07/03-01-05-01-01-02-07.wav,07,angry,train,1,gain_shift_colored_noise,20260805
07_03-01-05-01-01-02-07_aug2,Actor_07/03-01-05-01-01-02-07.wav,07,angry,train,2,room_echo_smoothing_noise,20260806
07_03-01-05-01-01-02-07_aug3,Actor_07/03-01-05-01-01-02-07.wav,07,angry,train,3,same_emotion_blend_spectral_tilt_dropout,20260807
07_03-01-05-01-02-01-07_aug1,Actor_07/03-01-05-01-02-01-07.wav,07,angry,train,1,gain_shift_colored_noise,20260805
07_03-01-05-01-02-01-07_aug2,Actor_07/03-01-05-01-02-01-07.wav,07,angry,train,2,room_echo_smoothing_noise,20260806
07_03-01-05-01-02-01-07_aug3,Actor_07/03-01-05-01-02-01-07.wav,07,angry,train,3,same_emotion_blend_spectral_tilt_dropout,20260807
07_03-01-05-01-02-02-07_aug1,Actor_07/03-01-05-01-02-02-07.wav,07,angry,train,1,gain_shift_colored_noise,20260805
07_03-01-05-01-02-02-07_aug2,Actor_07/03-01-05-01-02-02-07.wav,07,angry,train,2,room_echo_smoothing_noise,20260806
07_03-01-05-01-02-02-07_aug3,Actor_07/03-01-05-01-02-02-07.wav,07,angry,train,3,same_emotion_blend_spectral_tilt_dropout,20260807
07_03-01-05-02-01-01-07_aug1,Actor_07/03-01-05-02-01-01-07.wav,07,angry,train,1,gain_shift_colored_noise,20260805
07_03-01-05-02-01-01-07_aug2,Actor_07/03-01-05-02-01-01-07.wav,07,angry,train,2,room_echo_smoothing_noise,20260806
07_03-01-05-02-01-01-07_aug3,Actor_07/03-01-05-02-01-01-07.wav,07,angry,train,3,same_emotion_blend_spectral_tilt_dropout,20260807
07_03-01-05-02-01-02-07_aug1,Actor_07/03-01-05-02-01-02-07.wav,07,angry,train,1,gain_shift_colored_noise,20260805
07_03-01-05-02-01-02-07_aug2,Actor_07/03-01-05-02-01-02-07.wav,07,angry,train,2,room_echo_smoothing_noise,20260806
07_03-01-05-02-01-02-07_aug3,Actor_07/03-01-05-02-01-02-07.wav,07,angry,train,3,same_emotion_blend_spectral_tilt_dropout,20260807
07_03-01-05-02-02-01-07_aug1,Actor_07/03-01-05-02-02-01-07.wav,07,angry,train,1,gain_shift_colored_noise,20260805
07_03-01-05-02-02-01-07_aug2,Actor_07/03-01-05-02-02-01-07.wav,07,angry,train,2,room_echo_smoothing_noise,20260806
07_03-01-05-02-02-01-07_aug3,Actor_07/03-01-05-02-02-01-07.wav,07,angry,train,3,same_emotion_blend_spectral_tilt_dropout,20260807
07_03-01-05-02-02-02-07_aug1,Actor_07/03-01-05-02-02-02-07.wav,07,angry,train,1,gain_shift_colored_noise,20260805
07_03-01-05-02-02-02-07_aug2,Actor_07/03-01-05-02-02-02-07.wav,07,angry,train,2,room_echo_smoothing_noise,20260806
07_03-01-05-02-02-02-07_aug3,Actor_07/03-01-05-02-02-02-07.wav,07,angry,train,3,same_emotion_blend_spectral_tilt_dropout,20260807
07_03-01-06-01-01-01-07_aug1,Actor_07/03-01-06-01-01-01-07.wav,07,fear,train,1,gain_shift_colored_noise,20260805
07_03-01-06-01-01-01-07_aug2,Actor_07/03-01-06-01-01-01-07.wav,07,fear,train,2,room_echo_smoothing_noise,20260806
07_03-01-06-01-01-01-07_aug3,Actor_07/03-01-06-01-01-01-07.wav,07,fear,train,3,same_emotion_blend_spectral_tilt_dropout,20260807
07_03-01-06-01-01-02-07_aug1,Actor_07/03-01-06-01-01-02-07.wav,07,fear,train,1,gain_shift_colored_noise,20260805
07_03-01-06-01-01-02-07_aug2,Actor_07/03-01-06-01-01-02-07.wav,07,fear,train,2,room_echo_smoothing_noise,20260806
07_03-01-06-01-01-02-07_aug3,Actor_07/03-01-06-01-01-02-07.wav,07,fear,train,3,same_emotion_blend_spectral_tilt_dropout,20260807
07_03-01-06-01-02-01-07_aug1,Actor_07/03-01-06-01-02-01-07.wav,07,fear,train,1,gain_shift_colored_noise,20260805
07_03-01-06-01-02-01-07_aug2,Actor_07/03-01-06-01-02-01-07.wav,07,fear,train,2,room_echo_smoothing_noise,20260806
07_03-01-06-01-02-01-07_aug3,Actor_07/03-01-06-01-02-01-07.wav,07,fear,train,3,same_emotion_blend_spectral_tilt_dropout,20260807
07_03-01-06-01-02-02-07_aug1,Actor_07/03-01-06-01-02-02-07.wav,07,fear,train,1,gain_shift_colored_noise,20260805
07_03-01-06-01-02-02-07_aug2,Actor_07/03-01-06-01-02-02-07.wav,07,fear,train,2,room_echo_smoothing_noise,20260806
07_03-01-06-01-02-02-07_aug3,Actor_07/03-01-06-01-02-02-07.wav,07,fear,train,3,same_emotion_blend_spectral_tilt_dropout,20260807
07_03-01-06-02-01-01-07_aug1,Actor_07/03-01-06-02-01-01-07.wav,07,fear,train,1,gain_shift_colored_noise,20260805
07_03-01-06-02-01-01-07_aug2,Actor_07/03-01-06-02-01-01-07.wav,07,fear,train,2,room_echo_smoothing_noise,20260806
07_03-01-06-02-01-01-07_aug3,Actor_07/03-01-06-02-01-01-07.wav,07,fear,train,3,same_emotion_blend_spectral_tilt_dropout,20260807
07_03-01-06-02-01-02-07_aug1,Actor_07/03-01-06-02-01-02-07.wav,07,fear,train,1,gain_shift_colored_noise,20260805
07_03-01-06-02-01-02-07_aug2,Actor_07/03-01-06-02-01-02-07.wav,07,fear,train,2,room_echo_smoothing_noise,20260806
07_03-01-06-02-01-02-07_aug3,Actor_07/03-01-06-02-01-02-07.wav,07,fear,train,3,same_emotion_blend_spectral_tilt_dropout,20260807
07_03-01-06-02-02-01-07_aug1,Actor_07/03-01-06-02-02-01-07.wav,07,fear,train,1,gain_shift_colored_noise,20260805
07_03-01-06-02-02-01-07_aug2,Actor_07/03-01-06-02-02-01-07.wav,07,fear,train,2,room_echo_smoothing_noise,20260806
07_03-01-06-02-02-01-07_aug3,Actor_07/03-01-06-02-02-01-07.wav,07,fear,train,3,same_emotion_blend_spectral_tilt_dropout,20260807
07_03-01-06-02-02-02-07_aug1,Actor_07/03-01-06-02-02-02-07.wav,07,fear,train,1,gain_shift_colored_noise,20260805
07_03-01-06-02-02-02-07_aug2,Actor_07/03-01-06-02-02-02-07.wav,07,fear,train,2,room_echo_smoothing_noise,20260806
07_03-01-06-02-02-02-07_aug3,Actor_07/03-01-06-02-02-02-07.wav,07,fear,train,3,same_emotion_blend_spectral_tilt_dropout,20260807
07_03-01-07-01-01-01-07_aug1,Actor_07/03-01-07-01-01-01-07.wav,07,disgust,train,1,gain_shift_colored_noise,20260805
07_03-01-07-01-01-01-07_aug2,Actor_07/03-01-07-01-01-01-07.wav,07,disgust,train,2,room_echo_smoothing_noise,20260806
07_03-01-07-01-01-01-07_aug3,Actor_07/03-01-07-01-01-01-07.wav,07,disgust,train,3,same_emotion_blend_spectral_tilt_dropout,20260807
07_03-01-07-01-01-02-07_aug1,Actor_07/03-01-07-01-01-02-07.wav,07,disgust,train,1,gain_shift_colored_noise,20260805
07_03-01-07-01-01-02-07_aug2,Actor_07/03-01-07-01-01-02-07.wav,07,disgust,train,2,room_echo_smoothing_noise,20260806
07_03-01-07-01-01-02-07_aug3,Actor_07/03-01-07-01-01-02-07.wav,07,disgust,train,3,same_emotion_blend_spectral_tilt_dropout,20260807
07_03-01-07-01-02-01-07_aug1,Actor_07/03-01-07-01-02-01-07.wav,07,disgust,train,1,gain_shift_colored_noise,20260805
07_03-01-07-01-02-01-07_aug2,Actor_07/03-01-07-01-02-01-07.wav,07,disgust,train,2,room_echo_smoothing_noise,20260806
07_03-01-07-01-02-01-07_aug3,Actor_07/03-01-07-01-02-01-07.wav,07,disgust,train,3,same_emotion_blend_spectral_tilt_dropout,20260807
07_03-01-07-01-02-02-07_aug1,Actor_07/03-01-07-01-02-02-07.wav,07,disgust,train,1,gain_shift_colored_noise,20260805
07_03-01-07-01-02-02-07_aug2,Actor_07/03-01-07-01-02-02-07.wav,07,disgust,train,2,room_echo_smoothing_noise,20260806
07_03-01-07-01-02-02-07_aug3,Actor_07/03-01-07-01-02-02-07.wav,07,disgust,train,3,same_emotion_blend_spectral_tilt_dropout,20260807
07_03-01-07-02-01-01-07_aug1,Actor_07/03-01-07-02-01-01-07.wav,07,disgust,train,1,gain_shift_colored_noise,20260805
07_03-01-07-02-01-01-07_aug2,Actor_07/03-01-07-02-01-01-07.wav,07,disgust,train,2,room_echo_smoothing_noise,20260806
07_03-01-07-02-01-01-07_aug3,Actor_07/03-01-07-02-01-01-07.wav,07,disgust,train,3,same_emotion_blend_spectral_tilt_dropout,20260807
07_03-01-07-02-01-02-07_aug1,Actor_07/03-01-07-02-01-02-07.wav,07,disgust,train,1,gain_shift_colored_noise,20260805
07_03-01-07-02-01-02-07_aug2,Actor_07/03-01-07-02-01-02-07.wav,07,disgust,train,2,room_echo_smoothing_noise,20260806
07_03-01-07-02-01-02-07_aug3,Actor_07/03-01-07-02-01-02-07.wav,07,disgust,train,3,same_emotion_blend_spectral_tilt_dropout,20260807
07_03-01-07-02-02-01-07_aug1,Actor_07/03-01-07-02-02-01-07.wav,07,disgust,train,1,gain_shift_colored_noise,20260805
07_03-01-07-02-02-01-07_aug2,Actor_07/03-01-07-02-02-01-07.wav,07,disgust,train,2,room_echo_smoothing_noise,20260806
07_03-01-07-02-02-01-07_aug3,Actor_07/03-01-07-02-02-01-07.wav,07,disgust,train,3,same_emotion_blend_spectral_tilt_dropout,20260807
07_03-01-07-02-02-02-07_aug1,Actor_07/03-01-07-02-02-02-07.wav,07,disgust,train,1,gain_shift_colored_noise,20260805
07_03-01-07-02-02-02-07_aug2,Actor_07/03-01-07-02-02-02-07.wav,07,disgust,train,2,room_echo_smoothing_noise,20260806
07_03-01-07-02-02-02-07_aug3,Actor_07/03-01-07-02-02-02-07.wav,07,disgust,train,3,same_emotion_blend_spectral_tilt_dropout,20260807
07_03-01-08-01-01-01-07_aug1,Actor_07/03-01-08-01-01-01-07.wav,07,surprise,train,1,gain_shift_colored_noise,20260805
07_03-01-08-01-01-01-07_aug2,Actor_07/03-01-08-01-01-01-07.wav,07,surprise,train,2,room_echo_smoothing_noise,20260806
07_03-01-08-01-01-01-07_aug3,Actor_07/03-01-08-01-01-01-07.wav,07,surprise,train,3,same_emotion_blend_spectral_tilt_dropout,20260807
07_03-01-08-01-01-02-07_aug1,Actor_07/03-01-08-01-01-02-07.wav,07,surprise,train,1,gain_shift_colored_noise,20260805
07_03-01-08-01-01-02-07_aug2,Actor_07/03-01-08-01-01-02-07.wav,07,surprise,train,2,room_echo_smoothing_noise,20260806
07_03-01-08-01-01-02-07_aug3,Actor_07/03-01-08-01-01-02-07.wav,07,surprise,train,3,same_emotion_blend_spectral_tilt_dropout,20260807
07_03-01-08-01-02-01-07_aug1,Actor_07/03-01-08-01-02-01-07.wav,07,surprise,train,1,gain_shift_colored_noise,20260805
07_03-01-08-01-02-01-07_aug2,Actor_07/03-01-08-01-02-01-07.wav,07,surprise,train,2,room_echo_smoothing_noise,20260806
07_03-01-08-01-02-01-07_aug3,Actor_07/03-01-08-01-02-01-07.wav,07,surprise,train,3,same_emotion_blend_spectral_tilt_dropout,20260807
07_03-01-08-01-02-02-07_aug1,Actor_07/03-01-08-01-02-02-07.wav,07,surprise,train,1,gain_shift_colored_noise,20260805
07_03-01-08-01-02-02-07_aug2,Actor_07/03-01-08-01-02-02-07.wav,07,surprise,train,2,room_echo_smoothing_noise,20260806
07_03-01-08-01-02-02-07_aug3,Actor_07/03-01-08-01-02-02-07.wav,07,surprise,train,3,same_emotion_blend_spectral_tilt_dropout,20260807
07_03-01-08-02-01-01-07_aug1,Actor_07/03-01-08-02-01-01-07.wav,07,surprise,train,1,gain_shift_colored_noise,20260805
07_03-01-08-02-01-01-07_aug2,Actor_07/03-01-08-02-01-01-07.wav,07,surprise,train,2,room_echo_smoothing_noise,20260806
07_03-01-08-02-01-01-07_aug3,Actor_07/03-01-08-02-01-01-07.wav,07,surprise,train,3,same_emotion_blend_spectral_tilt_dropout,20260807
07_03-01-08-02-01-02-07_aug1,Actor_07/03-01-08-02-01-02-07.wav,07,surprise,train,1,gain_shift_colored_noise,20260805
07_03-01-08-02-01-02-07_aug2,Actor_07/03-01-08-02-01-02-07.wav,07,surprise,train,2,room_echo_smoothing_noise,20260806
07_03-01-08-02-01-02-07_aug3,Actor_07/03-01-08-02-01-02-07.wav,07,surprise,train,3,same_emotion_blend_spectral_tilt_dropout,20260807
07_03-01-08-02-02-01-07_aug1,Actor_07/03-01-08-02-02-01-07.wav,07,surprise,train,1,gain_shift_colored_noise,20260805
07_03-01-08-02-02-01-07_aug2,Actor_07/03-01-08-02-02-01-07.wav,07,surprise,train,2,room_echo_smoothing_noise,20260806
07_03-01-08-02-02-01-07_aug3,Actor_07/03-01-08-02-02-01-07.wav,07,surprise,train,3,same_emotion_blend_spectral_tilt_dropout,20260807
07_03-01-08-02-02-02-07_aug1,Actor_07/03-01-08-02-02-02-07.wav,07,surprise,train,1,gain_shift_colored_noise,20260805
07_03-01-08-02-02-02-07_aug2,Actor_07/03-01-08-02-02-02-07.wav,07,surprise,train,2,room_echo_smoothing_noise,20260806
07_03-01-08-02-02-02-07_aug3,Actor_07/03-01-08-02-02-02-07.wav,07,surprise,train,3,same_emotion_blend_spectral_tilt_dropout,20260807
08_03-01-01-01-01-01-08_aug1,Actor_08/03-01-01-01-01-01-08.wav,08,neutral,train,1,gain_shift_colored_noise,20260805
08_03-01-01-01-01-01-08_aug2,Actor_08/03-01-01-01-01-01-08.wav,08,neutral,train,2,room_echo_smoothing_noise,20260806
08_03-01-01-01-01-01-08_aug3,Actor_08/03-01-01-01-01-01-08.wav,08,neutral,train,3,same_emotion_blend_spectral_tilt_dropout,20260807
08_03-01-01-01-01-02-08_aug1,Actor_08/03-01-01-01-01-02-08.wav,08,neutral,train,1,gain_shift_colored_noise,20260805
08_03-01-01-01-01-02-08_aug2,Actor_08/03-01-01-01-01-02-08.wav,08,neutral,train,2,room_echo_smoothing_noise,20260806
08_03-01-01-01-01-02-08_aug3,Actor_08/03-01-01-01-01-02-08.wav,08,neutral,train,3,same_emotion_blend_spectral_tilt_dropout,20260807
08_03-01-01-01-02-01-08_aug1,Actor_08/03-01-01-01-02-01-08.wav,08,neutral,train,1,gain_shift_colored_noise,20260805
08_03-01-01-01-02-01-08_aug2,Actor_08/03-01-01-01-02-01-08.wav,08,neutral,train,2,room_echo_smoothing_noise,20260806
08_03-01-01-01-02-01-08_aug3,Actor_08/03-01-01-01-02-01-08.wav,08,neutral,train,3,same_emotion_blend_spectral_tilt_dropout,20260807
08_03-01-01-01-02-02-08_aug1,Actor_08/03-01-01-01-02-02-08.wav,08,neutral,train,1,gain_shift_colored_noise,20260805
08_03-01-01-01-02-02-08_aug2,Actor_08/03-01-01-01-02-02-08.wav,08,neutral,train,2,room_echo_smoothing_noise,20260806
08_03-01-01-01-02-02-08_aug3,Actor_08/03-01-01-01-02-02-08.wav,08,neutral,train,3,same_emotion_blend_spectral_tilt_dropout,20260807
08_03-01-02-01-01-01-08_aug1,Actor_08/03-01-02-01-01-01-08.wav,08,neutral,train,1,gain_shift_colored_noise,20260805
08_03-01-02-01-01-01-08_aug2,Actor_08/03-01-02-01-01-01-08.wav,08,neutral,train,2,room_echo_smoothing_noise,20260806
08_03-01-02-01-01-01-08_aug3,Actor_08/03-01-02-01-01-01-08.wav,08,neutral,train,3,same_emotion_blend_spectral_tilt_dropout,20260807
08_03-01-02-01-01-02-08_aug1,Actor_08/03-01-02-01-01-02-08.wav,08,neutral,train,1,gain_shift_colored_noise,20260805
08_03-01-02-01-01-02-08_aug2,Actor_08/03-01-02-01-01-02-08.wav,08,neutral,train,2,room_echo_smoothing_noise,20260806
08_03-01-02-01-01-02-08_aug3,Actor_08/03-01-02-01-01-02-08.wav,08,neutral,train,3,same_emotion_blend_spectral_tilt_dropout,20260807
08_03-01-02-01-02-01-08_aug1,Actor_08/03-01-02-01-02-01-08.wav,08,neutral,train,1,gain_shift_colored_noise,20260805
08_03-01-02-01-02-01-08_aug2,Actor_08/03-01-02-01-02-01-08.wav,08,neutral,train,2,room_echo_smoothing_noise,20260806
08_03-01-02-01-02-01-08_aug3,Actor_08/03-01-02-01-02-01-08.wav,08,neutral,train,3,same_emotion_blend_spectral_tilt_dropout,20260807
08_03-01-02-01-02-02-08_aug1,Actor_08/03-01-02-01-02-02-08.wav,08,neutral,train,1,gain_shift_colored_noise,20260805
08_03-01-02-01-02-02-08_aug2,Actor_08/03-01-02-01-02-02-08.wav,08,neutral,train,2,room_echo_smoothing_noise,20260806
08_03-01-02-01-02-02-08_aug3,Actor_08/03-01-02-01-02-02-08.wav,08,neutral,train,3,same_emotion_blend_spectral_tilt_dropout,20260807
08_03-01-02-02-01-01-08_aug1,Actor_08/03-01-02-02-01-01-08.wav,08,neutral,train,1,gain_shift_colored_noise,20260805
08_03-01-02-02-01-01-08_aug2,Actor_08/03-01-02-02-01-01-08.wav,08,neutral,train,2,room_echo_smoothing_noise,20260806
08_03-01-02-02-01-01-08_aug3,Actor_08/03-01-02-02-01-01-08.wav,08,neutral,train,3,same_emotion_blend_spectral_tilt_dropout,20260807
08_03-01-02-02-01-02-08_aug1,Actor_08/03-01-02-02-01-02-08.wav,08,neutral,train,1,gain_shift_colored_noise,20260805
08_03-01-02-02-01-02-08_aug2,Actor_08/03-01-02-02-01-02-08.wav,08,neutral,train,2,room_echo_smoothing_noise,20260806
08_03-01-02-02-01-02-08_aug3,Actor_08/03-01-02-02-01-02-08.wav,08,neutral,train,3,same_emotion_blend_spectral_tilt_dropout,20260807
08_03-01-02-02-02-01-08_aug1,Actor_08/03-01-02-02-02-01-08.wav,08,neutral,train,1,gain_shift_colored_noise,20260805
08_03-01-02-02-02-01-08_aug2,Actor_08/03-01-02-02-02-01-08.wav,08,neutral,train,2,room_echo_smoothing_noise,20260806
08_03-01-02-02-02-01-08_aug3,Actor_08/03-01-02-02-02-01-08.wav,08,neutral,train,3,same_emotion_blend_spectral_tilt_dropout,20260807
08_03-01-02-02-02-02-08_aug1,Actor_08/03-01-02-02-02-02-08.wav,08,neutral,train,1,gain_shift_colored_noise,20260805
08_03-01-02-02-02-02-08_aug2,Actor_08/03-01-02-02-02-02-08.wav,08,neutral,train,2,room_echo_smoothing_noise,20260806
08_03-01-02-02-02-02-08_aug3,Actor_08/03-01-02-02-02-02-08.wav,08,neutral,train,3,same_emotion_blend_spectral_tilt_dropout,20260807
08_03-01-03-01-01-01-08_aug1,Actor_08/03-01-03-01-01-01-08.wav,08,happy,train,1,gain_shift_colored_noise,20260805
08_03-01-03-01-01-01-08_aug2,Actor_08/03-01-03-01-01-01-08.wav,08,happy,train,2,room_echo_smoothing_noise,20260806
08_03-01-03-01-01-01-08_aug3,Actor_08/03-01-03-01-01-01-08.wav,08,happy,train,3,same_emotion_blend_spectral_tilt_dropout,20260807
08_03-01-03-01-01-02-08_aug1,Actor_08/03-01-03-01-01-02-08.wav,08,happy,train,1,gain_shift_colored_noise,20260805
08_03-01-03-01-01-02-08_aug2,Actor_08/03-01-03-01-01-02-08.wav,08,happy,train,2,room_echo_smoothing_noise,20260806
08_03-01-03-01-01-02-08_aug3,Actor_08/03-01-03-01-01-02-08.wav,08,happy,train,3,same_emotion_blend_spectral_tilt_dropout,20260807
08_03-01-03-01-02-01-08_aug1,Actor_08/03-01-03-01-02-01-08.wav,08,happy,train,1,gain_shift_colored_noise,20260805
08_03-01-03-01-02-01-08_aug2,Actor_08/03-01-03-01-02-01-08.wav,08,happy,train,2,room_echo_smoothing_noise,20260806
08_03-01-03-01-02-01-08_aug3,Actor_08/03-01-03-01-02-01-08.wav,08,happy,train,3,same_emotion_blend_spectral_tilt_dropout,20260807
08_03-01-03-01-02-02-08_aug1,Actor_08/03-01-03-01-02-02-08.wav,08,happy,train,1,gain_shift_colored_noise,20260805
08_03-01-03-01-02-02-08_aug2,Actor_08/03-01-03-01-02-02-08.wav,08,happy,train,2,room_echo_smoothing_noise,20260806
08_03-01-03-01-02-02-08_aug3,Actor_08/03-01-03-01-02-02-08.wav,08,happy,train,3,same_emotion_blend_spectral_tilt_dropout,20260807
08_03-01-03-02-01-01-08_aug1,Actor_08/03-01-03-02-01-01-08.wav,08,happy,train,1,gain_shift_colored_noise,20260805
08_03-01-03-02-01-01-08_aug2,Actor_08/03-01-03-02-01-01-08.wav,08,happy,train,2,room_echo_smoothing_noise,20260806
08_03-01-03-02-01-01-08_aug3,Actor_08/03-01-03-02-01-01-08.wav,08,happy,train,3,same_emotion_blend_spectral_tilt_dropout,20260807
08_03-01-03-02-01-02-08_aug1,Actor_08/03-01-03-02-01-02-08.wav,08,happy,train,1,gain_shift_colored_noise,20260805
08_03-01-03-02-01-02-08_aug2,Actor_08/03-01-03-02-01-02-08.wav,08,happy,train,2,room_echo_smoothing_noise,20260806
08_03-01-03-02-01-02-08_aug3,Actor_08/03-01-03-02-01-02-08.wav,08,happy,train,3,same_emotion_blend_spectral_tilt_dropout,20260807
08_03-01-03-02-02-01-08_aug1,Actor_08/03-01-03-02-02-01-08.wav,08,happy,train,1,gain_shift_colored_noise,20260805
08_03-01-03-02-02-01-08_aug2,Actor_08/03-01-03-02-02-01-08.wav,08,happy,train,2,room_echo_smoothing_noise,20260806
08_03-01-03-02-02-01-08_aug3,Actor_08/03-01-03-02-02-01-08.wav,08,happy,train,3,same_emotion_blend_spectral_tilt_dropout,20260807
08_03-01-03-02-02-02-08_aug1,Actor_08/03-01-03-02-02-02-08.wav,08,happy,train,1,gain_shift_colored_noise,20260805
08_03-01-03-02-02-02-08_aug2,Actor_08/03-01-03-02-02-02-08.wav,08,happy,train,2,room_echo_smoothing_noise,20260806
08_03-01-03-02-02-02-08_aug3,Actor_08/03-01-03-02-02-02-08.wav,08,happy,train,3,same_emotion_blend_spectral_tilt_dropout,20260807
08_03-01-04-01-01-01-08_aug1,Actor_08/03-01-04-01-01-01-08.wav,08,sad,train,1,gain_shift_colored_noise,20260805
08_03-01-04-01-01-01-08_aug2,Actor_08/03-01-04-01-01-01-08.wav,08,sad,train,2,room_echo_smoothing_noise,20260806
08_03-01-04-01-01-01-08_aug3,Actor_08/03-01-04-01-01-01-08.wav,08,sad,train,3,same_emotion_blend_spectral_tilt_dropout,20260807
08_03-01-04-01-01-02-08_aug1,Actor_08/03-01-04-01-01-02-08.wav,08,sad,train,1,gain_shift_colored_noise,20260805
08_03-01-04-01-01-02-08_aug2,Actor_08/03-01-04-01-01-02-08.wav,08,sad,train,2,room_echo_smoothing_noise,20260806
08_03-01-04-01-01-02-08_aug3,Actor_08/03-01-04-01-01-02-08.wav,08,sad,train,3,same_emotion_blend_spectral_tilt_dropout,20260807
08_03-01-04-01-02-01-08_aug1,Actor_08/03-01-04-01-02-01-08.wav,08,sad,train,1,gain_shift_colored_noise,20260805
08_03-01-04-01-02-01-08_aug2,Actor_08/03-01-04-01-02-01-08.wav,08,sad,train,2,room_echo_smoothing_noise,20260806
08_03-01-04-01-02-01-08_aug3,Actor_08/03-01-04-01-02-01-08.wav,08,sad,train,3,same_emotion_blend_spectral_tilt_dropout,20260807
08_03-01-04-01-02-02-08_aug1,Actor_08/03-01-04-01-02-02-08.wav,08,sad,train,1,gain_shift_colored_noise,20260805
08_03-01-04-01-02-02-08_aug2,Actor_08/03-01-04-01-02-02-08.wav,08,sad,train,2,room_echo_smoothing_noise,20260806
08_03-01-04-01-02-02-08_aug3,Actor_08/03-01-04-01-02-02-08.wav,08,sad,train,3,same_emotion_blend_spectral_tilt_dropout,20260807
08_03-01-04-02-01-01-08_aug1,Actor_08/03-01-04-02-01-01-08.wav,08,sad,train,1,gain_shift_colored_noise,20260805
08_03-01-04-02-01-01-08_aug2,Actor_08/03-01-04-02-01-01-08.wav,08,sad,train,2,room_echo_smoothing_noise,20260806
08_03-01-04-02-01-01-08_aug3,Actor_08/03-01-04-02-01-01-08.wav,08,sad,train,3,same_emotion_blend_spectral_tilt_dropout,20260807
08_03-01-04-02-01-02-08_aug1,Actor_08/03-01-04-02-01-02-08.wav,08,sad,train,1,gain_shift_colored_noise,20260805
08_03-01-04-02-01-02-08_aug2,Actor_08/03-01-04-02-01-02-08.wav,08,sad,train,2,room_echo_smoothing_noise,20260806
08_03-01-04-02-01-02-08_aug3,Actor_08/03-01-04-02-01-02-08.wav,08,sad,train,3,same_emotion_blend_spectral_tilt_dropout,20260807
08_03-01-04-02-02-01-08_aug1,Actor_08/03-01-04-02-02-01-08.wav,08,sad,train,1,gain_shift_colored_noise,20260805
08_03-01-04-02-02-01-08_aug2,Actor_08/03-01-04-02-02-01-08.wav,08,sad,train,2,room_echo_smoothing_noise,20260806
08_03-01-04-02-02-01-08_aug3,Actor_08/03-01-04-02-02-01-08.wav,08,sad,train,3,same_emotion_blend_spectral_tilt_dropout,20260807
08_03-01-04-02-02-02-08_aug1,Actor_08/03-01-04-02-02-02-08.wav,08,sad,train,1,gain_shift_colored_noise,20260805
08_03-01-04-02-02-02-08_aug2,Actor_08/03-01-04-02-02-02-08.wav,08,sad,train,2,room_echo_smoothing_noise,20260806
08_03-01-04-02-02-02-08_aug3,Actor_08/03-01-04-02-02-02-08.wav,08,sad,train,3,same_emotion_blend_spectral_tilt_dropout,20260807
08_03-01-05-01-01-01-08_aug1,Actor_08/03-01-05-01-01-01-08.wav,08,angry,train,1,gain_shift_colored_noise,20260805
08_03-01-05-01-01-01-08_aug2,Actor_08/03-01-05-01-01-01-08.wav,08,angry,train,2,room_echo_smoothing_noise,20260806
08_03-01-05-01-01-01-08_aug3,Actor_08/03-01-05-01-01-01-08.wav,08,angry,train,3,same_emotion_blend_spectral_tilt_dropout,20260807
08_03-01-05-01-01-02-08_aug1,Actor_08/03-01-05-01-01-02-08.wav,08,angry,train,1,gain_shift_colored_noise,20260805
08_03-01-05-01-01-02-08_aug2,Actor_08/03-01-05-01-01-02-08.wav,08,angry,train,2,room_echo_smoothing_noise,20260806
08_03-01-05-01-01-02-08_aug3,Actor_08/03-01-05-01-01-02-08.wav,08,angry,train,3,same_emotion_blend_spectral_tilt_dropout,20260807
08_03-01-05-01-02-01-08_aug1,Actor_08/03-01-05-01-02-01-08.wav,08,angry,train,1,gain_shift_colored_noise,20260805
08_03-01-05-01-02-01-08_aug2,Actor_08/03-01-05-01-02-01-08.wav,08,angry,train,2,room_echo_smoothing_noise,20260806
08_03-01-05-01-02-01-08_aug3,Actor_08/03-01-05-01-02-01-08.wav,08,angry,train,3,same_emotion_blend_spectral_tilt_dropout,20260807
08_03-01-05-01-02-02-08_aug1,Actor_08/03-01-05-01-02-02-08.wav,08,angry,train,1,gain_shift_colored_noise,20260805
08_03-01-05-01-02-02-08_aug2,Actor_08/03-01-05-01-02-02-08.wav,08,angry,train,2,room_echo_smoothing_noise,20260806
08_03-01-05-01-02-02-08_aug3,Actor_08/03-01-05-01-02-02-08.wav,08,angry,train,3,same_emotion_blend_spectral_tilt_dropout,20260807
08_03-01-05-02-01-01-08_aug1,Actor_08/03-01-05-02-01-01-08.wav,08,angry,train,1,gain_shift_colored_noise,20260805
08_03-01-05-02-01-01-08_aug2,Actor_08/03-01-05-02-01-01-08.wav,08,angry,train,2,room_echo_smoothing_noise,20260806
08_03-01-05-02-01-01-08_aug3,Actor_08/03-01-05-02-01-01-08.wav,08,angry,train,3,same_emotion_blend_spectral_tilt_dropout,20260807
08_03-01-05-02-01-02-08_aug1,Actor_08/03-01-05-02-01-02-08.wav,08,angry,train,1,gain_shift_colored_noise,20260805
08_03-01-05-02-01-02-08_aug2,Actor_08/03-01-05-02-01-02-08.wav,08,angry,train,2,room_echo_smoothing_noise,20260806
08_03-01-05-02-01-02-08_aug3,Actor_08/03-01-05-02-01-02-08.wav,08,angry,train,3,same_emotion_blend_spectral_tilt_dropout,20260807
08_03-01-05-02-02-01-08_aug1,Actor_08/03-01-05-02-02-01-08.wav,08,angry,train,1,gain_shift_colored_noise,20260805
08_03-01-05-02-02-01-08_aug2,Actor_08/03-01-05-02-02-01-08.wav,08,angry,train,2,room_echo_smoothing_noise,20260806
08_03-01-05-02-02-01-08_aug3,Actor_08/03-01-05-02-02-01-08.wav,08,angry,train,3,same_emotion_blend_spectral_tilt_dropout,20260807
08_03-01-05-02-02-02-08_aug1,Actor_08/03-01-05-02-02-02-08.wav,08,angry,train,1,gain_shift_colored_noise,20260805
08_03-01-05-02-02-02-08_aug2,Actor_08/03-01-05-02-02-02-08.wav,08,angry,train,2,room_echo_smoothing_noise,20260806
08_03-01-05-02-02-02-08_aug3,Actor_08/03-01-05-02-02-02-08.wav,08,angry,train,3,same_emotion_blend_spectral_tilt_dropout,20260807
08_03-01-06-01-01-01-08_aug1,Actor_08/03-01-06-01-01-01-08.wav,08,fear,train,1,gain_shift_colored_noise,20260805
08_03-01-06-01-01-01-08_aug2,Actor_08/03-01-06-01-01-01-08.wav,08,fear,train,2,room_echo_smoothing_noise,20260806
08_03-01-06-01-01-01-08_aug3,Actor_08/03-01-06-01-01-01-08.wav,08,fear,train,3,same_emotion_blend_spectral_tilt_dropout,20260807
08_03-01-06-01-01-02-08_aug1,Actor_08/03-01-06-01-01-02-08.wav,08,fear,train,1,gain_shift_colored_noise,20260805
08_03-01-06-01-01-02-08_aug2,Actor_08/03-01-06-01-01-02-08.wav,08,fear,train,2,room_echo_smoothing_noise,20260806
08_03-01-06-01-01-02-08_aug3,Actor_08/03-01-06-01-01-02-08.wav,08,fear,train,3,same_emotion_blend_spectral_tilt_dropout,20260807
08_03-01-06-01-02-01-08_aug1,Actor_08/03-01-06-01-02-01-08.wav,08,fear,train,1,gain_shift_colored_noise,20260805
08_03-01-06-01-02-01-08_aug2,Actor_08/03-01-06-01-02-01-08.wav,08,fear,train,2,room_echo_smoothing_noise,20260806
08_03-01-06-01-02-01-08_aug3,Actor_08/03-01-06-01-02-01-08.wav,08,fear,train,3,same_emotion_blend_spectral_tilt_dropout,20260807
08_03-01-06-01-02-02-08_aug1,Actor_08/03-01-06-01-02-02-08.wav,08,fear,train,1,gain_shift_colored_noise,20260805
08_03-01-06-01-02-02-08_aug2,Actor_08/03-01-06-01-02-02-08.wav,08,fear,train,2,room_echo_smoothing_noise,20260806
08_03-01-06-01-02-02-08_aug3,Actor_08/03-01-06-01-02-02-08.wav,08,fear,train,3,same_emotion_blend_spectral_tilt_dropout,20260807
08_03-01-06-02-01-01-08_aug1,Actor_08/03-01-06-02-01-01-08.wav,08,fear,train,1,gain_shift_colored_noise,20260805
08_03-01-06-02-01-01-08_aug2,Actor_08/03-01-06-02-01-01-08.wav,08,fear,train,2,room_echo_smoothing_noise,20260806
08_03-01-06-02-01-01-08_aug3,Actor_08/03-01-06-02-01-01-08.wav,08,fear,train,3,same_emotion_blend_spectral_tilt_dropout,20260807
08_03-01-06-02-01-02-08_aug1,Actor_08/03-01-06-02-01-02-08.wav,08,fear,train,1,gain_shift_colored_noise,20260805
08_03-01-06-02-01-02-08_aug2,Actor_08/03-01-06-02-01-02-08.wav,08,fear,train,2,room_echo_smoothing_noise,20260806
08_03-01-06-02-01-02-08_aug3,Actor_08/03-01-06-02-01-02-08.wav,08,fear,train,3,same_emotion_blend_spectral_tilt_dropout,20260807
08_03-01-06-02-02-01-08_aug1,Actor_08/03-01-06-02-02-01-08.wav,08,fear,train,1,gain_shift_colored_noise,20260805
08_03-01-06-02-02-01-08_aug2,Actor_08/03-01-06-02-02-01-08.wav,08,fear,train,2,room_echo_smoothing_noise,20260806
08_03-01-06-02-02-01-08_aug3,Actor_08/03-01-06-02-02-01-08.wav,08,fear,train,3,same_emotion_blend_spectral_tilt_dropout,20260807
08_03-01-06-02-02-02-08_aug1,Actor_08/03-01-06-02-02-02-08.wav,08,fear,train,1,gain_shift_colored_noise,20260805
08_03-01-06-02-02-02-08_aug2,Actor_08/03-01-06-02-02-02-08.wav,08,fear,train,2,room_echo_smoothing_noise,20260806
08_03-01-06-02-02-02-08_aug3,Actor_08/03-01-06-02-02-02-08.wav,08,fear,train,3,same_emotion_blend_spectral_tilt_dropout,20260807
08_03-01-07-01-01-01-08_aug1,Actor_08/03-01-07-01-01-01-08.wav,08,disgust,train,1,gain_shift_colored_noise,20260805
08_03-01-07-01-01-01-08_aug2,Actor_08/03-01-07-01-01-01-08.wav,08,disgust,train,2,room_echo_smoothing_noise,20260806
08_03-01-07-01-01-01-08_aug3,Actor_08/03-01-07-01-01-01-08.wav,08,disgust,train,3,same_emotion_blend_spectral_tilt_dropout,20260807
08_03-01-07-01-01-02-08_aug1,Actor_08/03-01-07-01-01-02-08.wav,08,disgust,train,1,gain_shift_colored_noise,20260805
08_03-01-07-01-01-02-08_aug2,Actor_08/03-01-07-01-01-02-08.wav,08,disgust,train,2,room_echo_smoothing_noise,20260806
08_03-01-07-01-01-02-08_aug3,Actor_08/03-01-07-01-01-02-08.wav,08,disgust,train,3,same_emotion_blend_spectral_tilt_dropout,20260807
08_03-01-07-01-02-01-08_aug1,Actor_08/03-01-07-01-02-01-08.wav,08,disgust,train,1,gain_shift_colored_noise,20260805
08_03-01-07-01-02-01-08_aug2,Actor_08/03-01-07-01-02-01-08.wav,08,disgust,train,2,room_echo_smoothing_noise,20260806
08_03-01-07-01-02-01-08_aug3,Actor_08/03-01-07-01-02-01-08.wav,08,disgust,train,3,same_emotion_blend_spectral_tilt_dropout,20260807
08_03-01-07-01-02-02-08_aug1,Actor_08/03-01-07-01-02-02-08.wav,08,disgust,train,1,gain_shift_colored_noise,20260805
08_03-01-07-01-02-02-08_aug2,Actor_08/03-01-07-01-02-02-08.wav,08,disgust,train,2,room_echo_smoothing_noise,20260806
08_03-01-07-01-02-02-08_aug3,Actor_08/03-01-07-01-02-02-08.wav,08,disgust,train,3,same_emotion_blend_spectral_tilt_dropout,20260807
08_03-01-07-02-01-01-08_aug1,Actor_08/03-01-07-02-01-01-08.wav,08,disgust,train,1,gain_shift_colored_noise,20260805
08_03-01-07-02-01-01-08_aug2,Actor_08/03-01-07-02-01-01-08.wav,08,disgust,train,2,room_echo_smoothing_noise,20260806
08_03-01-07-02-01-01-08_aug3,Actor_08/03-01-07-02-01-01-08.wav,08,disgust,train,3,same_emotion_blend_spectral_tilt_dropout,20260807
08_03-01-07-02-01-02-08_aug1,Actor_08/03-01-07-02-01-02-08.wav,08,disgust,train,1,gain_shift_colored_noise,20260805
08_03-01-07-02-01-02-08_aug2,Actor_08/03-01-07-02-01-02-08.wav,08,disgust,train,2,room_echo_smoothing_noise,20260806
08_03-01-07-02-01-02-08_aug3,Actor_08/03-01-07-02-01-02-08.wav,08,disgust,train,3,same_emotion_blend_spectral_tilt_dropout,20260807
08_03-01-07-02-02-01-08_aug1,Actor_08/03-01-07-02-02-01-08.wav,08,disgust,train,1,gain_shift_colored_noise,20260805
08_03-01-07-02-02-01-08_aug2,Actor_08/03-01-07-02-02-01-08.wav,08,disgust,train,2,room_echo_smoothing_noise,20260806
08_03-01-07-02-02-01-08_aug3,Actor_08/03-01-07-02-02-01-08.wav,08,disgust,train,3,same_emotion_blend_spectral_tilt_dropout,20260807
08_03-01-07-02-02-02-08_aug1,Actor_08/03-01-07-02-02-02-08.wav,08,disgust,train,1,gain_shift_colored_noise,20260805
08_03-01-07-02-02-02-08_aug2,Actor_08/03-01-07-02-02-02-08.wav,08,disgust,train,2,room_echo_smoothing_noise,20260806
08_03-01-07-02-02-02-08_aug3,Actor_08/03-01-07-02-02-02-08.wav,08,disgust,train,3,same_emotion_blend_spectral_tilt_dropout,20260807
08_03-01-08-01-01-01-08_aug1,Actor_08/03-01-08-01-01-01-08.wav,08,surprise,train,1,gain_shift_colored_noise,20260805
08_03-01-08-01-01-01-08_aug2,Actor_08/03-01-08-01-01-01-08.wav,08,surprise,train,2,room_echo_smoothing_noise,20260806
08_03-01-08-01-01-01-08_aug3,Actor_08/03-01-08-01-01-01-08.wav,08,surprise,train,3,same_emotion_blend_spectral_tilt_dropout,20260807
08_03-01-08-01-01-02-08_aug1,Actor_08/03-01-08-01-01-02-08.wav,08,surprise,train,1,gain_shift_colored_noise,20260805
08_03-01-08-01-01-02-08_aug2,Actor_08/03-01-08-01-01-02-08.wav,08,surprise,train,2,room_echo_smoothing_noise,20260806
08_03-01-08-01-01-02-08_aug3,Actor_08/03-01-08-01-01-02-08.wav,08,surprise,train,3,same_emotion_blend_spectral_tilt_dropout,20260807
08_03-01-08-01-02-01-08_aug1,Actor_08/03-01-08-01-02-01-08.wav,08,surprise,train,1,gain_shift_colored_noise,20260805
08_03-01-08-01-02-01-08_aug2,Actor_08/03-01-08-01-02-01-08.wav,08,surprise,train,2,room_echo_smoothing_noise,20260806
08_03-01-08-01-02-01-08_aug3,Actor_08/03-01-08-01-02-01-08.wav,08,surprise,train,3,same_emotion_blend_spectral_tilt_dropout,20260807
08_03-01-08-01-02-02-08_aug1,Actor_08/03-01-08-01-02-02-08.wav,08,surprise,train,1,gain_shift_colored_noise,20260805
08_03-01-08-01-02-02-08_aug2,Actor_08/03-01-08-01-02-02-08.wav,08,surprise,train,2,room_echo_smoothing_noise,20260806
08_03-01-08-01-02-02-08_aug3,Actor_08/03-01-08-01-02-02-08.wav,08,surprise,train,3,same_emotion_blend_spectral_tilt_dropout,20260807
08_03-01-08-02-01-01-08_aug1,Actor_08/03-01-08-02-01-01-08.wav,08,surprise,train,1,gain_shift_colored_noise,20260805
08_03-01-08-02-01-01-08_aug2,Actor_08/03-01-08-02-01-01-08.wav,08,surprise,train,2,room_echo_smoothing_noise,20260806
08_03-01-08-02-01-01-08_aug3,Actor_08/03-01-08-02-01-01-08.wav,08,surprise,train,3,same_emotion_blend_spectral_tilt_dropout,20260807
08_03-01-08-02-01-02-08_aug1,Actor_08/03-01-08-02-01-02-08.wav,08,surprise,train,1,gain_shift_colored_noise,20260805
08_03-01-08-02-01-02-08_aug2,Actor_08/03-01-08-02-01-02-08.wav,08,surprise,train,2,room_echo_smoothing_noise,20260806
08_03-01-08-02-01-02-08_aug3,Actor_08/03-01-08-02-01-02-08.wav,08,surprise,train,3,same_emotion_blend_spectral_tilt_dropout,20260807
08_03-01-08-02-02-01-08_aug1,Actor_08/03-01-08-02-02-01-08.wav,08,surprise,train,1,gain_shift_colored_noise,20260805
08_03-01-08-02-02-01-08_aug2,Actor_08/03-01-08-02-02-01-08.wav,08,surprise,train,2,room_echo_smoothing_noise,20260806
08_03-01-08-02-02-01-08_aug3,Actor_08/03-01-08-02-02-01-08.wav,08,surprise,train,3,same_emotion_blend_spectral_tilt_dropout,20260807
08_03-01-08-02-02-02-08_aug1,Actor_08/03-01-08-02-02-02-08.wav,08,surprise,train,1,gain_shift_colored_noise,20260805
08_03-01-08-02-02-02-08_aug2,Actor_08/03-01-08-02-02-02-08.wav,08,surprise,train,2,room_echo_smoothing_noise,20260806
08_03-01-08-02-02-02-08_aug3,Actor_08/03-01-08-02-02-02-08.wav,08,surprise,train,3,same_emotion_blend_spectral_tilt_dropout,20260807
09_03-01-01-01-01-01-09_aug1,Actor_09/03-01-01-01-01-01-09.wav,09,neutral,train,1,gain_shift_colored_noise,20260805
09_03-01-01-01-01-01-09_aug2,Actor_09/03-01-01-01-01-01-09.wav,09,neutral,train,2,room_echo_smoothing_noise,20260806
09_03-01-01-01-01-01-09_aug3,Actor_09/03-01-01-01-01-01-09.wav,09,neutral,train,3,same_emotion_blend_spectral_tilt_dropout,20260807
09_03-01-01-01-01-02-09_aug1,Actor_09/03-01-01-01-01-02-09.wav,09,neutral,train,1,gain_shift_colored_noise,20260805
09_03-01-01-01-01-02-09_aug2,Actor_09/03-01-01-01-01-02-09.wav,09,neutral,train,2,room_echo_smoothing_noise,20260806
09_03-01-01-01-01-02-09_aug3,Actor_09/03-01-01-01-01-02-09.wav,09,neutral,train,3,same_emotion_blend_spectral_tilt_dropout,20260807
09_03-01-01-01-02-01-09_aug1,Actor_09/03-01-01-01-02-01-09.wav,09,neutral,train,1,gain_shift_colored_noise,20260805
09_03-01-01-01-02-01-09_aug2,Actor_09/03-01-01-01-02-01-09.wav,09,neutral,train,2,room_echo_smoothing_noise,20260806
09_03-01-01-01-02-01-09_aug3,Actor_09/03-01-01-01-02-01-09.wav,09,neutral,train,3,same_emotion_blend_spectral_tilt_dropout,20260807
09_03-01-01-01-02-02-09_aug1,Actor_09/03-01-01-01-02-02-09.wav,09,neutral,train,1,gain_shift_colored_noise,20260805
09_03-01-01-01-02-02-09_aug2,Actor_09/03-01-01-01-02-02-09.wav,09,neutral,train,2,room_echo_smoothing_noise,20260806
09_03-01-01-01-02-02-09_aug3,Actor_09/03-01-01-01-02-02-09.wav,09,neutral,train,3,same_emotion_blend_spectral_tilt_dropout,20260807
09_03-01-02-01-01-01-09_aug1,Actor_09/03-01-02-01-01-01-09.wav,09,neutral,train,1,gain_shift_colored_noise,20260805
09_03-01-02-01-01-01-09_aug2,Actor_09/03-01-02-01-01-01-09.wav,09,neutral,train,2,room_echo_smoothing_noise,20260806
09_03-01-02-01-01-01-09_aug3,Actor_09/03-01-02-01-01-01-09.wav,09,neutral,train,3,same_emotion_blend_spectral_tilt_dropout,20260807
09_03-01-02-01-01-02-09_aug1,Actor_09/03-01-02-01-01-02-09.wav,09,neutral,train,1,gain_shift_colored_noise,20260805
09_03-01-02-01-01-02-09_aug2,Actor_09/03-01-02-01-01-02-09.wav,09,neutral,train,2,room_echo_smoothing_noise,20260806
09_03-01-02-01-01-02-09_aug3,Actor_09/03-01-02-01-01-02-09.wav,09,neutral,train,3,same_emotion_blend_spectral_tilt_dropout,20260807
09_03-01-02-01-02-01-09_aug1,Actor_09/03-01-02-01-02-01-09.wav,09,neutral,train,1,gain_shift_colored_noise,20260805
09_03-01-02-01-02-01-09_aug2,Actor_09/03-01-02-01-02-01-09.wav,09,neutral,train,2,room_echo_smoothing_noise,20260806
09_03-01-02-01-02-01-09_aug3,Actor_09/03-01-02-01-02-01-09.wav,09,neutral,train,3,same_emotion_blend_spectral_tilt_dropout,20260807
09_03-01-02-01-02-02-09_aug1,Actor_09/03-01-02-01-02-02-09.wav,09,neutral,train,1,gain_shift_colored_noise,20260805
09_03-01-02-01-02-02-09_aug2,Actor_09/03-01-02-01-02-02-09.wav,09,neutral,train,2,room_echo_smoothing_noise,20260806
09_03-01-02-01-02-02-09_aug3,Actor_09/03-01-02-01-02-02-09.wav,09,neutral,train,3,same_emotion_blend_spectral_tilt_dropout,20260807
09_03-01-02-02-01-01-09_aug1,Actor_09/03-01-02-02-01-01-09.wav,09,neutral,train,1,gain_shift_colored_noise,20260805
09_03-01-02-02-01-01-09_aug2,Actor_09/03-01-02-02-01-01-09.wav,09,neutral,train,2,room_echo_smoothing_noise,20260806
09_03-01-02-02-01-01-09_aug3,Actor_09/03-01-02-02-01-01-09.wav,09,neutral,train,3,same_emotion_blend_spectral_tilt_dropout,20260807
09_03-01-02-02-01-02-09_aug1,Actor_09/03-01-02-02-01-02-09.wav,09,neutral,train,1,gain_shift_colored_noise,20260805
09_03-01-02-02-01-02-09_aug2,Actor_09/03-01-02-02-01-02-09.wav,09,neutral,train,2,room_echo_smoothing_noise,20260806
09_03-01-02-02-01-02-09_aug3,Actor_09/03-01-02-02-01-02-09.wav,09,neutral,train,3,same_emotion_blend_spectral_tilt_dropout,20260807
09_03-01-02-02-02-01-09_aug1,Actor_09/03-01-02-02-02-01-09.wav,09,neutral,train,1,gain_shift_colored_noise,20260805
09_03-01-02-02-02-01-09_aug2,Actor_09/03-01-02-02-02-01-09.wav,09,neutral,train,2,room_echo_smoothing_noise,20260806
09_03-01-02-02-02-01-09_aug3,Actor_09/03-01-02-02-02-01-09.wav,09,neutral,train,3,same_emotion_blend_spectral_tilt_dropout,20260807
09_03-01-02-02-02-02-09_aug1,Actor_09/03-01-02-02-02-02-09.wav,09,neutral,train,1,gain_shift_colored_noise,20260805
09_03-01-02-02-02-02-09_aug2,Actor_09/03-01-02-02-02-02-09.wav,09,neutral,train,2,room_echo_smoothing_noise,20260806
09_03-01-02-02-02-02-09_aug3,Actor_09/03-01-02-02-02-02-09.wav,09,neutral,train,3,same_emotion_blend_spectral_tilt_dropout,20260807
09_03-01-03-01-01-01-09_aug1,Actor_09/03-01-03-01-01-01-09.wav,09,happy,train,1,gain_shift_colored_noise,20260805
09_03-01-03-01-01-01-09_aug2,Actor_09/03-01-03-01-01-01-09.wav,09,happy,train,2,room_echo_smoothing_noise,20260806
09_03-01-03-01-01-01-09_aug3,Actor_09/03-01-03-01-01-01-09.wav,09,happy,train,3,same_emotion_blend_spectral_tilt_dropout,20260807
09_03-01-03-01-01-02-09_aug1,Actor_09/03-01-03-01-01-02-09.wav,09,happy,train,1,gain_shift_colored_noise,20260805
09_03-01-03-01-01-02-09_aug2,Actor_09/03-01-03-01-01-02-09.wav,09,happy,train,2,room_echo_smoothing_noise,20260806
09_03-01-03-01-01-02-09_aug3,Actor_09/03-01-03-01-01-02-09.wav,09,happy,train,3,same_emotion_blend_spectral_tilt_dropout,20260807
09_03-01-03-01-02-01-09_aug1,Actor_09/03-01-03-01-02-01-09.wav,09,happy,train,1,gain_shift_colored_noise,20260805
09_03-01-03-01-02-01-09_aug2,Actor_09/03-01-03-01-02-01-09.wav,09,happy,train,2,room_echo_smoothing_noise,20260806
09_03-01-03-01-02-01-09_aug3,Actor_09/03-01-03-01-02-01-09.wav,09,happy,train,3,same_emotion_blend_spectral_tilt_dropout,20260807
09_03-01-03-01-02-02-09_aug1,Actor_09/03-01-03-01-02-02-09.wav,09,happy,train,1,gain_shift_colored_noise,20260805
09_03-01-03-01-02-02-09_aug2,Actor_09/03-01-03-01-02-02-09.wav,09,happy,train,2,room_echo_smoothing_noise,20260806
09_03-01-03-01-02-02-09_aug3,Actor_09/03-01-03-01-02-02-09.wav,09,happy,train,3,same_emotion_blend_spectral_tilt_dropout,20260807
09_03-01-03-02-01-01-09_aug1,Actor_09/03-01-03-02-01-01-09.wav,09,happy,train,1,gain_shift_colored_noise,20260805
09_03-01-03-02-01-01-09_aug2,Actor_09/03-01-03-02-01-01-09.wav,09,happy,train,2,room_echo_smoothing_noise,20260806
09_03-01-03-02-01-01-09_aug3,Actor_09/03-01-03-02-01-01-09.wav,09,happy,train,3,same_emotion_blend_spectral_tilt_dropout,20260807
09_03-01-03-02-01-02-09_aug1,Actor_09/03-01-03-02-01-02-09.wav,09,happy,train,1,gain_shift_colored_noise,20260805
09_03-01-03-02-01-02-09_aug2,Actor_09/03-01-03-02-01-02-09.wav,09,happy,train,2,room_echo_smoothing_noise,20260806
09_03-01-03-02-01-02-09_aug3,Actor_09/03-01-03-02-01-02-09.wav,09,happy,train,3,same_emotion_blend_spectral_tilt_dropout,20260807
09_03-01-03-02-02-01-09_aug1,Actor_09/03-01-03-02-02-01-09.wav,09,happy,train,1,gain_shift_colored_noise,20260805
09_03-01-03-02-02-01-09_aug2,Actor_09/03-01-03-02-02-01-09.wav,09,happy,train,2,room_echo_smoothing_noise,20260806
09_03-01-03-02-02-01-09_aug3,Actor_09/03-01-03-02-02-01-09.wav,09,happy,train,3,same_emotion_blend_spectral_tilt_dropout,20260807
09_03-01-03-02-02-02-09_aug1,Actor_09/03-01-03-02-02-02-09.wav,09,happy,train,1,gain_shift_colored_noise,20260805
09_03-01-03-02-02-02-09_aug2,Actor_09/03-01-03-02-02-02-09.wav,09,happy,train,2,room_echo_smoothing_noise,20260806
09_03-01-03-02-02-02-09_aug3,Actor_09/03-01-03-02-02-02-09.wav,09,happy,train,3,same_emotion_blend_spectral_tilt_dropout,20260807
09_03-01-04-01-01-01-09_aug1,Actor_09/03-01-04-01-01-01-09.wav,09,sad,train,1,gain_shift_colored_noise,20260805
09_03-01-04-01-01-01-09_aug2,Actor_09/03-01-04-01-01-01-09.wav,09,sad,train,2,room_echo_smoothing_noise,20260806
09_03-01-04-01-01-01-09_aug3,Actor_09/03-01-04-01-01-01-09.wav,09,sad,train,3,same_emotion_blend_spectral_tilt_dropout,20260807
09_03-01-04-01-01-02-09_aug1,Actor_09/03-01-04-01-01-02-09.wav,09,sad,train,1,gain_shift_colored_noise,20260805
09_03-01-04-01-01-02-09_aug2,Actor_09/03-01-04-01-01-02-09.wav,09,sad,train,2,room_echo_smoothing_noise,20260806
09_03-01-04-01-01-02-09_aug3,Actor_09/03-01-04-01-01-02-09.wav,09,sad,train,3,same_emotion_blend_spectral_tilt_dropout,20260807
09_03-01-04-01-02-01-09_aug1,Actor_09/03-01-04-01-02-01-09.wav,09,sad,train,1,gain_shift_colored_noise,20260805
09_03-01-04-01-02-01-09_aug2,Actor_09/03-01-04-01-02-01-09.wav,09,sad,train,2,room_echo_smoothing_noise,20260806
09_03-01-04-01-02-01-09_aug3,Actor_09/03-01-04-01-02-01-09.wav,09,sad,train,3,same_emotion_blend_spectral_tilt_dropout,20260807
09_03-01-04-01-02-02-09_aug1,Actor_09/03-01-04-01-02-02-09.wav,09,sad,train,1,gain_shift_colored_noise,20260805
09_03-01-04-01-02-02-09_aug2,Actor_09/03-01-04-01-02-02-09.wav,09,sad,train,2,room_echo_smoothing_noise,20260806
09_03-01-04-01-02-02-09_aug3,Actor_09/03-01-04-01-02-02-09.wav,09,sad,train,3,same_emotion_blend_spectral_tilt_dropout,20260807
09_03-01-04-02-01-01-09_aug1,Actor_09/03-01-04-02-01-01-09.wav,09,sad,train,1,gain_shift_colored_noise,20260805
09_03-01-04-02-01-01-09_aug2,Actor_09/03-01-04-02-01-01-09.wav,09,sad,train,2,room_echo_smoothing_noise,20260806
09_03-01-04-02-01-01-09_aug3,Actor_09/03-01-04-02-01-01-09.wav,09,sad,train,3,same_emotion_blend_spectral_tilt_dropout,20260807
09_03-01-04-02-01-02-09_aug1,Actor_09/03-01-04-02-01-02-09.wav,09,sad,train,1,gain_shift_colored_noise,20260805
09_03-01-04-02-01-02-09_aug2,Actor_09/03-01-04-02-01-02-09.wav,09,sad,train,2,room_echo_smoothing_noise,20260806
09_03-01-04-02-01-02-09_aug3,Actor_09/03-01-04-02-01-02-09.wav,09,sad,train,3,same_emotion_blend_spectral_tilt_dropout,20260807
09_03-01-04-02-02-01-09_aug1,Actor_09/03-01-04-02-02-01-09.wav,09,sad,train,1,gain_shift_colored_noise,20260805
09_03-01-04-02-02-01-09_aug2,Actor_09/03-01-04-02-02-01-09.wav,09,sad,train,2,room_echo_smoothing_noise,20260806
09_03-01-04-02-02-01-09_aug3,Actor_09/03-01-04-02-02-01-09.wav,09,sad,train,3,same_emotion_blend_spectral_tilt_dropout,20260807
09_03-01-04-02-02-02-09_aug1,Actor_09/03-01-04-02-02-02-09.wav,09,sad,train,1,gain_shift_colored_noise,20260805
09_03-01-04-02-02-02-09_aug2,Actor_09/03-01-04-02-02-02-09.wav,09,sad,train,2,room_echo_smoothing_noise,20260806
09_03-01-04-02-02-02-09_aug3,Actor_09/03-01-04-02-02-02-09.wav,09,sad,train,3,same_emotion_blend_spectral_tilt_dropout,20260807
09_03-01-05-01-01-01-09_aug1,Actor_09/03-01-05-01-01-01-09.wav,09,angry,train,1,gain_shift_colored_noise,20260805
09_03-01-05-01-01-01-09_aug2,Actor_09/03-01-05-01-01-01-09.wav,09,angry,train,2,room_echo_smoothing_noise,20260806
09_03-01-05-01-01-01-09_aug3,Actor_09/03-01-05-01-01-01-09.wav,09,angry,train,3,same_emotion_blend_spectral_tilt_dropout,20260807
09_03-01-05-01-01-02-09_aug1,Actor_09/03-01-05-01-01-02-09.wav,09,angry,train,1,gain_shift_colored_noise,20260805
09_03-01-05-01-01-02-09_aug2,Actor_09/03-01-05-01-01-02-09.wav,09,angry,train,2,room_echo_smoothing_noise,20260806
09_03-01-05-01-01-02-09_aug3,Actor_09/03-01-05-01-01-02-09.wav,09,angry,train,3,same_emotion_blend_spectral_tilt_dropout,20260807
09_03-01-05-01-02-01-09_aug1,Actor_09/03-01-05-01-02-01-09.wav,09,angry,train,1,gain_shift_colored_noise,20260805
09_03-01-05-01-02-01-09_aug2,Actor_09/03-01-05-01-02-01-09.wav,09,angry,train,2,room_echo_smoothing_noise,20260806
09_03-01-05-01-02-01-09_aug3,Actor_09/03-01-05-01-02-01-09.wav,09,angry,train,3,same_emotion_blend_spectral_tilt_dropout,20260807
09_03-01-05-01-02-02-09_aug1,Actor_09/03-01-05-01-02-02-09.wav,09,angry,train,1,gain_shift_colored_noise,20260805
09_03-01-05-01-02-02-09_aug2,Actor_09/03-01-05-01-02-02-09.wav,09,angry,train,2,room_echo_smoothing_noise,20260806
09_03-01-05-01-02-02-09_aug3,Actor_09/03-01-05-01-02-02-09.wav,09,angry,train,3,same_emotion_blend_spectral_tilt_dropout,20260807
09_03-01-05-02-01-01-09_aug1,Actor_09/03-01-05-02-01-01-09.wav,09,angry,train,1,gain_shift_colored_noise,20260805
09_03-01-05-02-01-01-09_aug2,Actor_09/03-01-05-02-01-01-09.wav,09,angry,train,2,room_echo_smoothing_noise,20260806
09_03-01-05-02-01-01-09_aug3,Actor_09/03-01-05-02-01-01-09.wav,09,angry,train,3,same_emotion_blend_spectral_tilt_dropout,20260807
09_03-01-05-02-01-02-09_aug1,Actor_09/03-01-05-02-01-02-09.wav,09,angry,train,1,gain_shift_colored_noise,20260805
09_03-01-05-02-01-02-09_aug2,Actor_09/03-01-05-02-01-02-09.wav,09,angry,train,2,room_echo_smoothing_noise,20260806
09_03-01-05-02-01-02-09_aug3,Actor_09/03-01-05-02-01-02-09.wav,09,angry,train,3,same_emotion_blend_spectral_tilt_dropout,20260807
09_03-01-05-02-02-01-09_aug1,Actor_09/03-01-05-02-02-01-09.wav,09,angry,train,1,gain_shift_colored_noise,20260805
09_03-01-05-02-02-01-09_aug2,Actor_09/03-01-05-02-02-01-09.wav,09,angry,train,2,room_echo_smoothing_noise,20260806
09_03-01-05-02-02-01-09_aug3,Actor_09/03-01-05-02-02-01-09.wav,09,angry,train,3,same_emotion_blend_spectral_tilt_dropout,20260807
09_03-01-05-02-02-02-09_aug1,Actor_09/03-01-05-02-02-02-09.wav,09,angry,train,1,gain_shift_colored_noise,20260805
09_03-01-05-02-02-02-09_aug2,Actor_09/03-01-05-02-02-02-09.wav,09,angry,train,2,room_echo_smoothing_noise,20260806
09_03-01-05-02-02-02-09_aug3,Actor_09/03-01-05-02-02-02-09.wav,09,angry,train,3,same_emotion_blend_spectral_tilt_dropout,20260807
09_03-01-06-01-01-01-09_aug1,Actor_09/03-01-06-01-01-01-09.wav,09,fear,train,1,gain_shift_colored_noise,20260805
09_03-01-06-01-01-01-09_aug2,Actor_09/03-01-06-01-01-01-09.wav,09,fear,train,2,room_echo_smoothing_noise,20260806
09_03-01-06-01-01-01-09_aug3,Actor_09/03-01-06-01-01-01-09.wav,09,fear,train,3,same_emotion_blend_spectral_tilt_dropout,20260807
09_03-01-06-01-01-02-09_aug1,Actor_09/03-01-06-01-01-02-09.wav,09,fear,train,1,gain_shift_colored_noise,20260805
09_03-01-06-01-01-02-09_aug2,Actor_09/03-01-06-01-01-02-09.wav,09,fear,train,2,room_echo_smoothing_noise,20260806
09_03-01-06-01-01-02-09_aug3,Actor_09/03-01-06-01-01-02-09.wav,09,fear,train,3,same_emotion_blend_spectral_tilt_dropout,20260807
09_03-01-06-01-02-01-09_aug1,Actor_09/03-01-06-01-02-01-09.wav,09,fear,train,1,gain_shift_colored_noise,20260805
09_03-01-06-01-02-01-09_aug2,Actor_09/03-01-06-01-02-01-09.wav,09,fear,train,2,room_echo_smoothing_noise,20260806
09_03-01-06-01-02-01-09_aug3,Actor_09/03-01-06-01-02-01-09.wav,09,fear,train,3,same_emotion_blend_spectral_tilt_dropout,20260807
09_03-01-06-01-02-02-09_aug1,Actor_09/03-01-06-01-02-02-09.wav,09,fear,train,1,gain_shift_colored_noise,20260805
09_03-01-06-01-02-02-09_aug2,Actor_09/03-01-06-01-02-02-09.wav,09,fear,train,2,room_echo_smoothing_noise,20260806
09_03-01-06-01-02-02-09_aug3,Actor_09/03-01-06-01-02-02-09.wav,09,fear,train,3,same_emotion_blend_spectral_tilt_dropout,20260807
09_03-01-06-02-01-01-09_aug1,Actor_09/03-01-06-02-01-01-09.wav,09,fear,train,1,gain_shift_colored_noise,20260805
09_03-01-06-02-01-01-09_aug2,Actor_09/03-01-06-02-01-01-09.wav,09,fear,train,2,room_echo_smoothing_noise,20260806
09_03-01-06-02-01-01-09_aug3,Actor_09/03-01-06-02-01-01-09.wav,09,fear,train,3,same_emotion_blend_spectral_tilt_dropout,20260807
09_03-01-06-02-01-02-09_aug1,Actor_09/03-01-06-02-01-02-09.wav,09,fear,train,1,gain_shift_colored_noise,20260805
09_03-01-06-02-01-02-09_aug2,Actor_09/03-01-06-02-01-02-09.wav,09,fear,train,2,room_echo_smoothing_noise,20260806
09_03-01-06-02-01-02-09_aug3,Actor_09/03-01-06-02-01-02-09.wav,09,fear,train,3,same_emotion_blend_spectral_tilt_dropout,20260807
09_03-01-06-02-02-01-09_aug1,Actor_09/03-01-06-02-02-01-09.wav,09,fear,train,1,gain_shift_colored_noise,20260805
09_03-01-06-02-02-01-09_aug2,Actor_09/03-01-06-02-02-01-09.wav,09,fear,train,2,room_echo_smoothing_noise,20260806
09_03-01-06-02-02-01-09_aug3,Actor_09/03-01-06-02-02-01-09.wav,09,fear,train,3,same_emotion_blend_spectral_tilt_dropout,20260807
09_03-01-06-02-02-02-09_aug1,Actor_09/03-01-06-02-02-02-09.wav,09,fear,train,1,gain_shift_colored_noise,20260805
09_03-01-06-02-02-02-09_aug2,Actor_09/03-01-06-02-02-02-09.wav,09,fear,train,2,room_echo_smoothing_noise,20260806
09_03-01-06-02-02-02-09_aug3,Actor_09/03-01-06-02-02-02-09.wav,09,fear,train,3,same_emotion_blend_spectral_tilt_dropout,20260807
09_03-01-07-01-01-01-09_aug1,Actor_09/03-01-07-01-01-01-09.wav,09,disgust,train,1,gain_shift_colored_noise,20260805
09_03-01-07-01-01-01-09_aug2,Actor_09/03-01-07-01-01-01-09.wav,09,disgust,train,2,room_echo_smoothing_noise,20260806
09_03-01-07-01-01-01-09_aug3,Actor_09/03-01-07-01-01-01-09.wav,09,disgust,train,3,same_emotion_blend_spectral_tilt_dropout,20260807
09_03-01-07-01-01-02-09_aug1,Actor_09/03-01-07-01-01-02-09.wav,09,disgust,train,1,gain_shift_colored_noise,20260805
09_03-01-07-01-01-02-09_aug2,Actor_09/03-01-07-01-01-02-09.wav,09,disgust,train,2,room_echo_smoothing_noise,20260806
09_03-01-07-01-01-02-09_aug3,Actor_09/03-01-07-01-01-02-09.wav,09,disgust,train,3,same_emotion_blend_spectral_tilt_dropout,20260807
09_03-01-07-01-02-01-09_aug1,Actor_09/03-01-07-01-02-01-09.wav,09,disgust,train,1,gain_shift_colored_noise,20260805
09_03-01-07-01-02-01-09_aug2,Actor_09/03-01-07-01-02-01-09.wav,09,disgust,train,2,room_echo_smoothing_noise,20260806
09_03-01-07-01-02-01-09_aug3,Actor_09/03-01-07-01-02-01-09.wav,09,disgust,train,3,same_emotion_blend_spectral_tilt_dropout,20260807
09_03-01-07-01-02-02-09_aug1,Actor_09/03-01-07-01-02-02-09.wav,09,disgust,train,1,gain_shift_colored_noise,20260805
09_03-01-07-01-02-02-09_aug2,Actor_09/03-01-07-01-02-02-09.wav,09,disgust,train,2,room_echo_smoothing_noise,20260806
09_03-01-07-01-02-02-09_aug3,Actor_09/03-01-07-01-02-02-09.wav,09,disgust,train,3,same_emotion_blend_spectral_tilt_dropout,20260807
09_03-01-07-02-01-01-09_aug1,Actor_09/03-01-07-02-01-01-09.wav,09,disgust,train,1,gain_shift_colored_noise,20260805
09_03-01-07-02-01-01-09_aug2,Actor_09/03-01-07-02-01-01-09.wav,09,disgust,train,2,room_echo_smoothing_noise,20260806
09_03-01-07-02-01-01-09_aug3,Actor_09/03-01-07-02-01-01-09.wav,09,disgust,train,3,same_emotion_blend_spectral_tilt_dropout,20260807
09_03-01-07-02-01-02-09_aug1,Actor_09/03-01-07-02-01-02-09.wav,09,disgust,train,1,gain_shift_colored_noise,20260805
09_03-01-07-02-01-02-09_aug2,Actor_09/03-01-07-02-01-02-09.wav,09,disgust,train,2,room_echo_smoothing_noise,20260806
09_03-01-07-02-01-02-09_aug3,Actor_09/03-01-07-02-01-02-09.wav,09,disgust,train,3,same_emotion_blend_spectral_tilt_dropout,20260807
09_03-01-07-02-02-01-09_aug1,Actor_09/03-01-07-02-02-01-09.wav,09,disgust,train,1,gain_shift_colored_noise,20260805
09_03-01-07-02-02-01-09_aug2,Actor_09/03-01-07-02-02-01-09.wav,09,disgust,train,2,room_echo_smoothing_noise,20260806
09_03-01-07-02-02-01-09_aug3,Actor_09/03-01-07-02-02-01-09.wav,09,disgust,train,3,same_emotion_blend_spectral_tilt_dropout,20260807
09_03-01-07-02-02-02-09_aug1,Actor_09/03-01-07-02-02-02-09.wav,09,disgust,train,1,gain_shift_colored_noise,20260805
09_03-01-07-02-02-02-09_aug2,Actor_09/03-01-07-02-02-02-09.wav,09,disgust,train,2,room_echo_smoothing_noise,20260806
09_03-01-07-02-02-02-09_aug3,Actor_09/03-01-07-02-02-02-09.wav,09,disgust,train,3,same_emotion_blend_spectral_tilt_dropout,20260807
09_03-01-08-01-01-01-09_aug1,Actor_09/03-01-08-01-01-01-09.wav,09,surprise,train,1,gain_shift_colored_noise,20260805
09_03-01-08-01-01-01-09_aug2,Actor_09/03-01-08-01-01-01-09.wav,09,surprise,train,2,room_echo_smoothing_noise,20260806
09_03-01-08-01-01-01-09_aug3,Actor_09/03-01-08-01-01-01-09.wav,09,surprise,train,3,same_emotion_blend_spectral_tilt_dropout,20260807
09_03-01-08-01-01-02-09_aug1,Actor_09/03-01-08-01-01-02-09.wav,09,surprise,train,1,gain_shift_colored_noise,20260805
09_03-01-08-01-01-02-09_aug2,Actor_09/03-01-08-01-01-02-09.wav,09,surprise,train,2,room_echo_smoothing_noise,20260806
09_03-01-08-01-01-02-09_aug3,Actor_09/03-01-08-01-01-02-09.wav,09,surprise,train,3,same_emotion_blend_spectral_tilt_dropout,20260807
09_03-01-08-01-02-01-09_aug1,Actor_09/03-01-08-01-02-01-09.wav,09,surprise,train,1,gain_shift_colored_noise,20260805
09_03-01-08-01-02-01-09_aug2,Actor_09/03-01-08-01-02-01-09.wav,09,surprise,train,2,room_echo_smoothing_noise,20260806
09_03-01-08-01-02-01-09_aug3,Actor_09/03-01-08-01-02-01-09.wav,09,surprise,train,3,same_emotion_blend_spectral_tilt_dropout,20260807
09_03-01-08-01-02-02-09_aug1,Actor_09/03-01-08-01-02-02-09.wav,09,surprise,train,1,gain_shift_colored_noise,20260805
09_03-01-08-01-02-02-09_aug2,Actor_09/03-01-08-01-02-02-09.wav,09,surprise,train,2,room_echo_smoothing_noise,20260806
09_03-01-08-01-02-02-09_aug3,Actor_09/03-01-08-01-02-02-09.wav,09,surprise,train,3,same_emotion_blend_spectral_tilt_dropout,20260807
09_03-01-08-02-01-01-09_aug1,Actor_09/03-01-08-02-01-01-09.wav,09,surprise,train,1,gain_shift_colored_noise,20260805
09_03-01-08-02-01-01-09_aug2,Actor_09/03-01-08-02-01-01-09.wav,09,surprise,train,2,room_echo_smoothing_noise,20260806
09_03-01-08-02-01-01-09_aug3,Actor_09/03-01-08-02-01-01-09.wav,09,surprise,train,3,same_emotion_blend_spectral_tilt_dropout,20260807
09_03-01-08-02-01-02-09_aug1,Actor_09/03-01-08-02-01-02-09.wav,09,surprise,train,1,gain_shift_colored_noise,20260805
09_03-01-08-02-01-02-09_aug2,Actor_09/03-01-08-02-01-02-09.wav,09,surprise,train,2,room_echo_smoothing_noise,20260806
09_03-01-08-02-01-02-09_aug3,Actor_09/03-01-08-02-01-02-09.wav,09,surprise,train,3,same_emotion_blend_spectral_tilt_dropout,20260807
09_03-01-08-02-02-01-09_aug1,Actor_09/03-01-08-02-02-01-09.wav,09,surprise,train,1,gain_shift_colored_noise,20260805
09_03-01-08-02-02-01-09_aug2,Actor_09/03-01-08-02-02-01-09.wav,09,surprise,train,2,room_echo_smoothing_noise,20260806
09_03-01-08-02-02-01-09_aug3,Actor_09/03-01-08-02-02-01-09.wav,09,surprise,train,3,same_emotion_blend_spectral_tilt_dropout,20260807
09_03-01-08-02-02-02-09_aug1,Actor_09/03-01-08-02-02-02-09.wav,09,surprise,train,1,gain_shift_colored_noise,20260805
09_03-01-08-02-02-02-09_aug2,Actor_09/03-01-08-02-02-02-09.wav,09,surprise,train,2,room_echo_smoothing_noise,20260806
09_03-01-08-02-02-02-09_aug3,Actor_09/03-01-08-02-02-02-09.wav,09,surprise,train,3,same_emotion_blend_spectral_tilt_dropout,20260807
10_03-01-01-01-01-01-10_aug1,Actor_10/03-01-01-01-01-01-10.wav,10,neutral,train,1,gain_shift_colored_noise,20260805
10_03-01-01-01-01-01-10_aug2,Actor_10/03-01-01-01-01-01-10.wav,10,neutral,train,2,room_echo_smoothing_noise,20260806
10_03-01-01-01-01-01-10_aug3,Actor_10/03-01-01-01-01-01-10.wav,10,neutral,train,3,same_emotion_blend_spectral_tilt_dropout,20260807
10_03-01-01-01-01-02-10_aug1,Actor_10/03-01-01-01-01-02-10.wav,10,neutral,train,1,gain_shift_colored_noise,20260805
10_03-01-01-01-01-02-10_aug2,Actor_10/03-01-01-01-01-02-10.wav,10,neutral,train,2,room_echo_smoothing_noise,20260806
10_03-01-01-01-01-02-10_aug3,Actor_10/03-01-01-01-01-02-10.wav,10,neutral,train,3,same_emotion_blend_spectral_tilt_dropout,20260807
10_03-01-01-01-02-01-10_aug1,Actor_10/03-01-01-01-02-01-10.wav,10,neutral,train,1,gain_shift_colored_noise,20260805
10_03-01-01-01-02-01-10_aug2,Actor_10/03-01-01-01-02-01-10.wav,10,neutral,train,2,room_echo_smoothing_noise,20260806
10_03-01-01-01-02-01-10_aug3,Actor_10/03-01-01-01-02-01-10.wav,10,neutral,train,3,same_emotion_blend_spectral_tilt_dropout,20260807
10_03-01-01-01-02-02-10_aug1,Actor_10/03-01-01-01-02-02-10.wav,10,neutral,train,1,gain_shift_colored_noise,20260805
10_03-01-01-01-02-02-10_aug2,Actor_10/03-01-01-01-02-02-10.wav,10,neutral,train,2,room_echo_smoothing_noise,20260806
10_03-01-01-01-02-02-10_aug3,Actor_10/03-01-01-01-02-02-10.wav,10,neutral,train,3,same_emotion_blend_spectral_tilt_dropout,20260807
10_03-01-02-01-01-01-10_aug1,Actor_10/03-01-02-01-01-01-10.wav,10,neutral,train,1,gain_shift_colored_noise,20260805
10_03-01-02-01-01-01-10_aug2,Actor_10/03-01-02-01-01-01-10.wav,10,neutral,train,2,room_echo_smoothing_noise,20260806
10_03-01-02-01-01-01-10_aug3,Actor_10/03-01-02-01-01-01-10.wav,10,neutral,train,3,same_emotion_blend_spectral_tilt_dropout,20260807
10_03-01-02-01-01-02-10_aug1,Actor_10/03-01-02-01-01-02-10.wav,10,neutral,train,1,gain_shift_colored_noise,20260805
10_03-01-02-01-01-02-10_aug2,Actor_10/03-01-02-01-01-02-10.wav,10,neutral,train,2,room_echo_smoothing_noise,20260806
10_03-01-02-01-01-02-10_aug3,Actor_10/03-01-02-01-01-02-10.wav,10,neutral,train,3,same_emotion_blend_spectral_tilt_dropout,20260807
10_03-01-02-01-02-01-10_aug1,Actor_10/03-01-02-01-02-01-10.wav,10,neutral,train,1,gain_shift_colored_noise,20260805
10_03-01-02-01-02-01-10_aug2,Actor_10/03-01-02-01-02-01-10.wav,10,neutral,train,2,room_echo_smoothing_noise,20260806
10_03-01-02-01-02-01-10_aug3,Actor_10/03-01-02-01-02-01-10.wav,10,neutral,train,3,same_emotion_blend_spectral_tilt_dropout,20260807
10_03-01-02-01-02-02-10_aug1,Actor_10/03-01-02-01-02-02-10.wav,10,neutral,train,1,gain_shift_colored_noise,20260805
10_03-01-02-01-02-02-10_aug2,Actor_10/03-01-02-01-02-02-10.wav,10,neutral,train,2,room_echo_smoothing_noise,20260806
10_03-01-02-01-02-02-10_aug3,Actor_10/03-01-02-01-02-02-10.wav,10,neutral,train,3,same_emotion_blend_spectral_tilt_dropout,20260807
10_03-01-02-02-01-01-10_aug1,Actor_10/03-01-02-02-01-01-10.wav,10,neutral,train,1,gain_shift_colored_noise,20260805
10_03-01-02-02-01-01-10_aug2,Actor_10/03-01-02-02-01-01-10.wav,10,neutral,train,2,room_echo_smoothing_noise,20260806
10_03-01-02-02-01-01-10_aug3,Actor_10/03-01-02-02-01-01-10.wav,10,neutral,train,3,same_emotion_blend_spectral_tilt_dropout,20260807
10_03-01-02-02-01-02-10_aug1,Actor_10/03-01-02-02-01-02-10.wav,10,neutral,train,1,gain_shift_colored_noise,20260805
10_03-01-02-02-01-02-10_aug2,Actor_10/03-01-02-02-01-02-10.wav,10,neutral,train,2,room_echo_smoothing_noise,20260806
10_03-01-02-02-01-02-10_aug3,Actor_10/03-01-02-02-01-02-10.wav,10,neutral,train,3,same_emotion_blend_spectral_tilt_dropout,20260807
10_03-01-02-02-02-01-10_aug1,Actor_10/03-01-02-02-02-01-10.wav,10,neutral,train,1,gain_shift_colored_noise,20260805
10_03-01-02-02-02-01-10_aug2,Actor_10/03-01-02-02-02-01-10.wav,10,neutral,train,2,room_echo_smoothing_noise,20260806
10_03-01-02-02-02-01-10_aug3,Actor_10/03-01-02-02-02-01-10.wav,10,neutral,train,3,same_emotion_blend_spectral_tilt_dropout,20260807
10_03-01-02-02-02-02-10_aug1,Actor_10/03-01-02-02-02-02-10.wav,10,neutral,train,1,gain_shift_colored_noise,20260805
10_03-01-02-02-02-02-10_aug2,Actor_10/03-01-02-02-02-02-10.wav,10,neutral,train,2,room_echo_smoothing_noise,20260806
10_03-01-02-02-02-02-10_aug3,Actor_10/03-01-02-02-02-02-10.wav,10,neutral,train,3,same_emotion_blend_spectral_tilt_dropout,20260807
10_03-01-03-01-01-01-10_aug1,Actor_10/03-01-03-01-01-01-10.wav,10,happy,train,1,gain_shift_colored_noise,20260805
10_03-01-03-01-01-01-10_aug2,Actor_10/03-01-03-01-01-01-10.wav,10,happy,train,2,room_echo_smoothing_noise,20260806
10_03-01-03-01-01-01-10_aug3,Actor_10/03-01-03-01-01-01-10.wav,10,happy,train,3,same_emotion_blend_spectral_tilt_dropout,20260807
10_03-01-03-01-01-02-10_aug1,Actor_10/03-01-03-01-01-02-10.wav,10,happy,train,1,gain_shift_colored_noise,20260805
10_03-01-03-01-01-02-10_aug2,Actor_10/03-01-03-01-01-02-10.wav,10,happy,train,2,room_echo_smoothing_noise,20260806
10_03-01-03-01-01-02-10_aug3,Actor_10/03-01-03-01-01-02-10.wav,10,happy,train,3,same_emotion_blend_spectral_tilt_dropout,20260807
10_03-01-03-01-02-01-10_aug1,Actor_10/03-01-03-01-02-01-10.wav,10,happy,train,1,gain_shift_colored_noise,20260805
10_03-01-03-01-02-01-10_aug2,Actor_10/03-01-03-01-02-01-10.wav,10,happy,train,2,room_echo_smoothing_noise,20260806
10_03-01-03-01-02-01-10_aug3,Actor_10/03-01-03-01-02-01-10.wav,10,happy,train,3,same_emotion_blend_spectral_tilt_dropout,20260807
10_03-01-03-01-02-02-10_aug1,Actor_10/03-01-03-01-02-02-10.wav,10,happy,train,1,gain_shift_colored_noise,20260805
10_03-01-03-01-02-02-10_aug2,Actor_10/03-01-03-01-02-02-10.wav,10,happy,train,2,room_echo_smoothing_noise,20260806
10_03-01-03-01-02-02-10_aug3,Actor_10/03-01-03-01-02-02-10.wav,10,happy,train,3,same_emotion_blend_spectral_tilt_dropout,20260807
10_03-01-03-02-01-01-10_aug1,Actor_10/03-01-03-02-01-01-10.wav,10,happy,train,1,gain_shift_colored_noise,20260805
10_03-01-03-02-01-01-10_aug2,Actor_10/03-01-03-02-01-01-10.wav,10,happy,train,2,room_echo_smoothing_noise,20260806
10_03-01-03-02-01-01-10_aug3,Actor_10/03-01-03-02-01-01-10.wav,10,happy,train,3,same_emotion_blend_spectral_tilt_dropout,20260807
10_03-01-03-02-01-02-10_aug1,Actor_10/03-01-03-02-01-02-10.wav,10,happy,train,1,gain_shift_colored_noise,20260805
10_03-01-03-02-01-02-10_aug2,Actor_10/03-01-03-02-01-02-10.wav,10,happy,train,2,room_echo_smoothing_noise,20260806
10_03-01-03-02-01-02-10_aug3,Actor_10/03-01-03-02-01-02-10.wav,10,happy,train,3,same_emotion_blend_spectral_tilt_dropout,20260807
10_03-01-03-02-02-01-10_aug1,Actor_10/03-01-03-02-02-01-10.wav,10,happy,train,1,gain_shift_colored_noise,20260805
10_03-01-03-02-02-01-10_aug2,Actor_10/03-01-03-02-02-01-10.wav,10,happy,train,2,room_echo_smoothing_noise,20260806
10_03-01-03-02-02-01-10_aug3,Actor_10/03-01-03-02-02-01-10.wav,10,happy,train,3,same_emotion_blend_spectral_tilt_dropout,20260807
10_03-01-03-02-02-02-10_aug1,Actor_10/03-01-03-02-02-02-10.wav,10,happy,train,1,gain_shift_colored_noise,20260805
10_03-01-03-02-02-02-10_aug2,Actor_10/03-01-03-02-02-02-10.wav,10,happy,train,2,room_echo_smoothing_noise,20260806
10_03-01-03-02-02-02-10_aug3,Actor_10/03-01-03-02-02-02-10.wav,10,happy,train,3,same_emotion_blend_spectral_tilt_dropout,20260807
10_03-01-04-01-01-01-10_aug1,Actor_10/03-01-04-01-01-01-10.wav,10,sad,train,1,gain_shift_colored_noise,20260805
10_03-01-04-01-01-01-10_aug2,Actor_10/03-01-04-01-01-01-10.wav,10,sad,train,2,room_echo_smoothing_noise,20260806
10_03-01-04-01-01-01-10_aug3,Actor_10/03-01-04-01-01-01-10.wav,10,sad,train,3,same_emotion_blend_spectral_tilt_dropout,20260807
10_03-01-04-01-01-02-10_aug1,Actor_10/03-01-04-01-01-02-10.wav,10,sad,train,1,gain_shift_colored_noise,20260805
10_03-01-04-01-01-02-10_aug2,Actor_10/03-01-04-01-01-02-10.wav,10,sad,train,2,room_echo_smoothing_noise,20260806
10_03-01-04-01-01-02-10_aug3,Actor_10/03-01-04-01-01-02-10.wav,10,sad,train,3,same_emotion_blend_spectral_tilt_dropout,20260807
10_03-01-04-01-02-01-10_aug1,Actor_10/03-01-04-01-02-01-10.wav,10,sad,train,1,gain_shift_colored_noise,20260805
10_03-01-04-01-02-01-10_aug2,Actor_10/03-01-04-01-02-01-10.wav,10,sad,train,2,room_echo_smoothing_noise,20260806
10_03-01-04-01-02-01-10_aug3,Actor_10/03-01-04-01-02-01-10.wav,10,sad,train,3,same_emotion_blend_spectral_tilt_dropout,20260807
10_03-01-04-01-02-02-10_aug1,Actor_10/03-01-04-01-02-02-10.wav,10,sad,train,1,gain_shift_colored_noise,20260805
10_03-01-04-01-02-02-10_aug2,Actor_10/03-01-04-01-02-02-10.wav,10,sad,train,2,room_echo_smoothing_noise,20260806
10_03-01-04-01-02-02-10_aug3,Actor_10/03-01-04-01-02-02-10.wav,10,sad,train,3,same_emotion_blend_spectral_tilt_dropout,20260807
10_03-01-04-02-01-01-10_aug1,Actor_10/03-01-04-02-01-01-10.wav,10,sad,train,1,gain_shift_colored_noise,20260805
10_03-01-04-02-01-01-10_aug2,Actor_10/03-01-04-02-01-01-10.wav,10,sad,train,2,room_echo_smoothing_noise,20260806
10_03-01-04-02-01-01-10_aug3,Actor_10/03-01-04-02-01-01-10.wav,10,sad,train,3,same_emotion_blend_spectral_tilt_dropout,20260807
10_03-01-04-02-01-02-10_aug1,Actor_10/03-01-04-02-01-02-10.wav,10,sad,train,1,gain_shift_colored_noise,20260805
10_03-01-04-02-01-02-10_aug2,Actor_10/03-01-04-02-01-02-10.wav,10,sad,train,2,room_echo_smoothing_noise,20260806
10_03-01-04-02-01-02-10_aug3,Actor_10/03-01-04-02-01-02-10.wav,10,sad,train,3,same_emotion_blend_spectral_tilt_dropout,20260807
10_03-01-04-02-02-01-10_aug1,Actor_10/03-01-04-02-02-01-10.wav,10,sad,train,1,gain_shift_colored_noise,20260805
10_03-01-04-02-02-01-10_aug2,Actor_10/03-01-04-02-02-01-10.wav,10,sad,train,2,room_echo_smoothing_noise,20260806
10_03-01-04-02-02-01-10_aug3,Actor_10/03-01-04-02-02-01-10.wav,10,sad,train,3,same_emotion_blend_spectral_tilt_dropout,20260807
10_03-01-04-02-02-02-10_aug1,Actor_10/03-01-04-02-02-02-10.wav,10,sad,train,1,gain_shift_colored_noise,20260805
10_03-01-04-02-02-02-10_aug2,Actor_10/03-01-04-02-02-02-10.wav,10,sad,train,2,room_echo_smoothing_noise,20260806
10_03-01-04-02-02-02-10_aug3,Actor_10/03-01-04-02-02-02-10.wav,10,sad,train,3,same_emotion_blend_spectral_tilt_dropout,20260807
10_03-01-05-01-01-01-10_aug1,Actor_10/03-01-05-01-01-01-10.wav,10,angry,train,1,gain_shift_colored_noise,20260805
10_03-01-05-01-01-01-10_aug2,Actor_10/03-01-05-01-01-01-10.wav,10,angry,train,2,room_echo_smoothing_noise,20260806
10_03-01-05-01-01-01-10_aug3,Actor_10/03-01-05-01-01-01-10.wav,10,angry,train,3,same_emotion_blend_spectral_tilt_dropout,20260807
10_03-01-05-01-01-02-10_aug1,Actor_10/03-01-05-01-01-02-10.wav,10,angry,train,1,gain_shift_colored_noise,20260805
10_03-01-05-01-01-02-10_aug2,Actor_10/03-01-05-01-01-02-10.wav,10,angry,train,2,room_echo_smoothing_noise,20260806
10_03-01-05-01-01-02-10_aug3,Actor_10/03-01-05-01-01-02-10.wav,10,angry,train,3,same_emotion_blend_spectral_tilt_dropout,20260807
10_03-01-05-01-02-01-10_aug1,Actor_10/03-01-05-01-02-01-10.wav,10,angry,train,1,gain_shift_colored_noise,20260805
10_03-01-05-01-02-01-10_aug2,Actor_10/03-01-05-01-02-01-10.wav,10,angry,train,2,room_echo_smoothing_noise,20260806
10_03-01-05-01-02-01-10_aug3,Actor_10/03-01-05-01-02-01-10.wav,10,angry,train,3,same_emotion_blend_spectral_tilt_dropout,20260807
10_03-01-05-01-02-02-10_aug1,Actor_10/03-01-05-01-02-02-10.wav,10,angry,train,1,gain_shift_colored_noise,20260805
10_03-01-05-01-02-02-10_aug2,Actor_10/03-01-05-01-02-02-10.wav,10,angry,train,2,room_echo_smoothing_noise,20260806
10_03-01-05-01-02-02-10_aug3,Actor_10/03-01-05-01-02-02-10.wav,10,angry,train,3,same_emotion_blend_spectral_tilt_dropout,20260807
10_03-01-05-02-01-01-10_aug1,Actor_10/03-01-05-02-01-01-10.wav,10,angry,train,1,gain_shift_colored_noise,20260805
10_03-01-05-02-01-01-10_aug2,Actor_10/03-01-05-02-01-01-10.wav,10,angry,train,2,room_echo_smoothing_noise,20260806
10_03-01-05-02-01-01-10_aug3,Actor_10/03-01-05-02-01-01-10.wav,10,angry,train,3,same_emotion_blend_spectral_tilt_dropout,20260807
10_03-01-05-02-01-02-10_aug1,Actor_10/03-01-05-02-01-02-10.wav,10,angry,train,1,gain_shift_colored_noise,20260805
10_03-01-05-02-01-02-10_aug2,Actor_10/03-01-05-02-01-02-10.wav,10,angry,train,2,room_echo_smoothing_noise,20260806
10_03-01-05-02-01-02-10_aug3,Actor_10/03-01-05-02-01-02-10.wav,10,angry,train,3,same_emotion_blend_spectral_tilt_dropout,20260807
10_03-01-05-02-02-01-10_aug1,Actor_10/03-01-05-02-02-01-10.wav,10,angry,train,1,gain_shift_colored_noise,20260805
10_03-01-05-02-02-01-10_aug2,Actor_10/03-01-05-02-02-01-10.wav,10,angry,train,2,room_echo_smoothing_noise,20260806
10_03-01-05-02-02-01-10_aug3,Actor_10/03-01-05-02-02-01-10.wav,10,angry,train,3,same_emotion_blend_spectral_tilt_dropout,20260807
10_03-01-05-02-02-02-10_aug1,Actor_10/03-01-05-02-02-02-10.wav,10,angry,train,1,gain_shift_colored_noise,20260805
10_03-01-05-02-02-02-10_aug2,Actor_10/03-01-05-02-02-02-10.wav,10,angry,train,2,room_echo_smoothing_noise,20260806
10_03-01-05-02-02-02-10_aug3,Actor_10/03-01-05-02-02-02-10.wav,10,angry,train,3,same_emotion_blend_spectral_tilt_dropout,20260807
10_03-01-06-01-01-01-10_aug1,Actor_10/03-01-06-01-01-01-10.wav,10,fear,train,1,gain_shift_colored_noise,20260805
10_03-01-06-01-01-01-10_aug2,Actor_10/03-01-06-01-01-01-10.wav,10,fear,train,2,room_echo_smoothing_noise,20260806
10_03-01-06-01-01-01-10_aug3,Actor_10/03-01-06-01-01-01-10.wav,10,fear,train,3,same_emotion_blend_spectral_tilt_dropout,20260807
10_03-01-06-01-01-02-10_aug1,Actor_10/03-01-06-01-01-02-10.wav,10,fear,train,1,gain_shift_colored_noise,20260805
10_03-01-06-01-01-02-10_aug2,Actor_10/03-01-06-01-01-02-10.wav,10,fear,train,2,room_echo_smoothing_noise,20260806
10_03-01-06-01-01-02-10_aug3,Actor_10/03-01-06-01-01-02-10.wav,10,fear,train,3,same_emotion_blend_spectral_tilt_dropout,20260807
10_03-01-06-01-02-01-10_aug1,Actor_10/03-01-06-01-02-01-10.wav,10,fear,train,1,gain_shift_colored_noise,20260805
10_03-01-06-01-02-01-10_aug2,Actor_10/03-01-06-01-02-01-10.wav,10,fear,train,2,room_echo_smoothing_noise,20260806
10_03-01-06-01-02-01-10_aug3,Actor_10/03-01-06-01-02-01-10.wav,10,fear,train,3,same_emotion_blend_spectral_tilt_dropout,20260807
10_03-01-06-01-02-02-10_aug1,Actor_10/03-01-06-01-02-02-10.wav,10,fear,train,1,gain_shift_colored_noise,20260805
10_03-01-06-01-02-02-10_aug2,Actor_10/03-01-06-01-02-02-10.wav,10,fear,train,2,room_echo_smoothing_noise,20260806
10_03-01-06-01-02-02-10_aug3,Actor_10/03-01-06-01-02-02-10.wav,10,fear,train,3,same_emotion_blend_spectral_tilt_dropout,20260807
10_03-01-06-02-01-01-10_aug1,Actor_10/03-01-06-02-01-01-10.wav,10,fear,train,1,gain_shift_colored_noise,20260805
10_03-01-06-02-01-01-10_aug2,Actor_10/03-01-06-02-01-01-10.wav,10,fear,train,2,room_echo_smoothing_noise,20260806
10_03-01-06-02-01-01-10_aug3,Actor_10/03-01-06-02-01-01-10.wav,10,fear,train,3,same_emotion_blend_spectral_tilt_dropout,20260807
10_03-01-06-02-01-02-10_aug1,Actor_10/03-01-06-02-01-02-10.wav,10,fear,train,1,gain_shift_colored_noise,20260805
10_03-01-06-02-01-02-10_aug2,Actor_10/03-01-06-02-01-02-10.wav,10,fear,train,2,room_echo_smoothing_noise,20260806
10_03-01-06-02-01-02-10_aug3,Actor_10/03-01-06-02-01-02-10.wav,10,fear,train,3,same_emotion_blend_spectral_tilt_dropout,20260807
10_03-01-06-02-02-01-10_aug1,Actor_10/03-01-06-02-02-01-10.wav,10,fear,train,1,gain_shift_colored_noise,20260805
10_03-01-06-02-02-01-10_aug2,Actor_10/03-01-06-02-02-01-10.wav,10,fear,train,2,room_echo_smoothing_noise,20260806
10_03-01-06-02-02-01-10_aug3,Actor_10/03-01-06-02-02-01-10.wav,10,fear,train,3,same_emotion_blend_spectral_tilt_dropout,20260807
10_03-01-06-02-02-02-10_aug1,Actor_10/03-01-06-02-02-02-10.wav,10,fear,train,1,gain_shift_colored_noise,20260805
10_03-01-06-02-02-02-10_aug2,Actor_10/03-01-06-02-02-02-10.wav,10,fear,train,2,room_echo_smoothing_noise,20260806
10_03-01-06-02-02-02-10_aug3,Actor_10/03-01-06-02-02-02-10.wav,10,fear,train,3,same_emotion_blend_spectral_tilt_dropout,20260807
10_03-01-07-01-01-01-10_aug1,Actor_10/03-01-07-01-01-01-10.wav,10,disgust,train,1,gain_shift_colored_noise,20260805
10_03-01-07-01-01-01-10_aug2,Actor_10/03-01-07-01-01-01-10.wav,10,disgust,train,2,room_echo_smoothing_noise,20260806
10_03-01-07-01-01-01-10_aug3,Actor_10/03-01-07-01-01-01-10.wav,10,disgust,train,3,same_emotion_blend_spectral_tilt_dropout,20260807
10_03-01-07-01-01-02-10_aug1,Actor_10/03-01-07-01-01-02-10.wav,10,disgust,train,1,gain_shift_colored_noise,20260805
10_03-01-07-01-01-02-10_aug2,Actor_10/03-01-07-01-01-02-10.wav,10,disgust,train,2,room_echo_smoothing_noise,20260806
10_03-01-07-01-01-02-10_aug3,Actor_10/03-01-07-01-01-02-10.wav,10,disgust,train,3,same_emotion_blend_spectral_tilt_dropout,20260807
10_03-01-07-01-02-01-10_aug1,Actor_10/03-01-07-01-02-01-10.wav,10,disgust,train,1,gain_shift_colored_noise,20260805
10_03-01-07-01-02-01-10_aug2,Actor_10/03-01-07-01-02-01-10.wav,10,disgust,train,2,room_echo_smoothing_noise,20260806
10_03-01-07-01-02-01-10_aug3,Actor_10/03-01-07-01-02-01-10.wav,10,disgust,train,3,same_emotion_blend_spectral_tilt_dropout,20260807
10_03-01-07-01-02-02-10_aug1,Actor_10/03-01-07-01-02-02-10.wav,10,disgust,train,1,gain_shift_colored_noise,20260805
10_03-01-07-01-02-02-10_aug2,Actor_10/03-01-07-01-02-02-10.wav,10,disgust,train,2,room_echo_smoothing_noise,20260806
10_03-01-07-01-02-02-10_aug3,Actor_10/03-01-07-01-02-02-10.wav,10,disgust,train,3,same_emotion_blend_spectral_tilt_dropout,20260807
10_03-01-07-02-01-01-10_aug1,Actor_10/03-01-07-02-01-01-10.wav,10,disgust,train,1,gain_shift_colored_noise,20260805
10_03-01-07-02-01-01-10_aug2,Actor_10/03-01-07-02-01-01-10.wav,10,disgust,train,2,room_echo_smoothing_noise,20260806
10_03-01-07-02-01-01-10_aug3,Actor_10/03-01-07-02-01-01-10.wav,10,disgust,train,3,same_emotion_blend_spectral_tilt_dropout,20260807
10_03-01-07-02-01-02-10_aug1,Actor_10/03-01-07-02-01-02-10.wav,10,disgust,train,1,gain_shift_colored_noise,20260805
10_03-01-07-02-01-02-10_aug2,Actor_10/03-01-07-02-01-02-10.wav,10,disgust,train,2,room_echo_smoothing_noise,20260806
10_03-01-07-02-01-02-10_aug3,Actor_10/03-01-07-02-01-02-10.wav,10,disgust,train,3,same_emotion_blend_spectral_tilt_dropout,20260807
10_03-01-07-02-02-01-10_aug1,Actor_10/03-01-07-02-02-01-10.wav,10,disgust,train,1,gain_shift_colored_noise,20260805
10_03-01-07-02-02-01-10_aug2,Actor_10/03-01-07-02-02-01-10.wav,10,disgust,train,2,room_echo_smoothing_noise,20260806
10_03-01-07-02-02-01-10_aug3,Actor_10/03-01-07-02-02-01-10.wav,10,disgust,train,3,same_emotion_blend_spectral_tilt_dropout,20260807
10_03-01-07-02-02-02-10_aug1,Actor_10/03-01-07-02-02-02-10.wav,10,disgust,train,1,gain_shift_colored_noise,20260805
10_03-01-07-02-02-02-10_aug2,Actor_10/03-01-07-02-02-02-10.wav,10,disgust,train,2,room_echo_smoothing_noise,20260806
10_03-01-07-02-02-02-10_aug3,Actor_10/03-01-07-02-02-02-10.wav,10,disgust,train,3,same_emotion_blend_spectral_tilt_dropout,20260807
10_03-01-08-01-01-01-10_aug1,Actor_10/03-01-08-01-01-01-10.wav,10,surprise,train,1,gain_shift_colored_noise,20260805
10_03-01-08-01-01-01-10_aug2,Actor_10/03-01-08-01-01-01-10.wav,10,surprise,train,2,room_echo_smoothing_noise,20260806
10_03-01-08-01-01-01-10_aug3,Actor_10/03-01-08-01-01-01-10.wav,10,surprise,train,3,same_emotion_blend_spectral_tilt_dropout,20260807
10_03-01-08-01-01-02-10_aug1,Actor_10/03-01-08-01-01-02-10.wav,10,surprise,train,1,gain_shift_colored_noise,20260805
10_03-01-08-01-01-02-10_aug2,Actor_10/03-01-08-01-01-02-10.wav,10,surprise,train,2,room_echo_smoothing_noise,20260806
10_03-01-08-01-01-02-10_aug3,Actor_10/03-01-08-01-01-02-10.wav,10,surprise,train,3,same_emotion_blend_spectral_tilt_dropout,20260807
10_03-01-08-01-02-01-10_aug1,Actor_10/03-01-08-01-02-01-10.wav,10,surprise,train,1,gain_shift_colored_noise,20260805
10_03-01-08-01-02-01-10_aug2,Actor_10/03-01-08-01-02-01-10.wav,10,surprise,train,2,room_echo_smoothing_noise,20260806
10_03-01-08-01-02-01-10_aug3,Actor_10/03-01-08-01-02-01-10.wav,10,surprise,train,3,same_emotion_blend_spectral_tilt_dropout,20260807
10_03-01-08-01-02-02-10_aug1,Actor_10/03-01-08-01-02-02-10.wav,10,surprise,train,1,gain_shift_colored_noise,20260805
10_03-01-08-01-02-02-10_aug2,Actor_10/03-01-08-01-02-02-10.wav,10,surprise,train,2,room_echo_smoothing_noise,20260806
10_03-01-08-01-02-02-10_aug3,Actor_10/03-01-08-01-02-02-10.wav,10,surprise,train,3,same_emotion_blend_spectral_tilt_dropout,20260807
10_03-01-08-02-01-01-10_aug1,Actor_10/03-01-08-02-01-01-10.wav,10,surprise,train,1,gain_shift_colored_noise,20260805
10_03-01-08-02-01-01-10_aug2,Actor_10/03-01-08-02-01-01-10.wav,10,surprise,train,2,room_echo_smoothing_noise,20260806
10_03-01-08-02-01-01-10_aug3,Actor_10/03-01-08-02-01-01-10.wav,10,surprise,train,3,same_emotion_blend_spectral_tilt_dropout,20260807
10_03-01-08-02-01-02-10_aug1,Actor_10/03-01-08-02-01-02-10.wav,10,surprise,train,1,gain_shift_colored_noise,20260805
10_03-01-08-02-01-02-10_aug2,Actor_10/03-01-08-02-01-02-10.wav,10,surprise,train,2,room_echo_smoothing_noise,20260806
10_03-01-08-02-01-02-10_aug3,Actor_10/03-01-08-02-01-02-10.wav,10,surprise,train,3,same_emotion_blend_spectral_tilt_dropout,20260807
10_03-01-08-02-02-01-10_aug1,Actor_10/03-01-08-02-02-01-10.wav,10,surprise,train,1,gain_shift_colored_noise,20260805
10_03-01-08-02-02-01-10_aug2,Actor_10/03-01-08-02-02-01-10.wav,10,surprise,train,2,room_echo_smoothing_noise,20260806
10_03-01-08-02-02-01-10_aug3,Actor_10/03-01-08-02-02-01-10.wav,10,surprise,train,3,same_emotion_blend_spectral_tilt_dropout,20260807
10_03-01-08-02-02-02-10_aug1,Actor_10/03-01-08-02-02-02-10.wav,10,surprise,train,1,gain_shift_colored_noise,20260805
10_03-01-08-02-02-02-10_aug2,Actor_10/03-01-08-02-02-02-10.wav,10,surprise,train,2,room_echo_smoothing_noise,20260806
10_03-01-08-02-02-02-10_aug3,Actor_10/03-01-08-02-02-02-10.wav,10,surprise,train,3,same_emotion_blend_spectral_tilt_dropout,20260807
11_03-01-01-01-01-01-11_aug1,Actor_11/03-01-01-01-01-01-11.wav,11,neutral,train,1,gain_shift_colored_noise,20260805
11_03-01-01-01-01-01-11_aug2,Actor_11/03-01-01-01-01-01-11.wav,11,neutral,train,2,room_echo_smoothing_noise,20260806
11_03-01-01-01-01-01-11_aug3,Actor_11/03-01-01-01-01-01-11.wav,11,neutral,train,3,same_emotion_blend_spectral_tilt_dropout,20260807
11_03-01-01-01-01-02-11_aug1,Actor_11/03-01-01-01-01-02-11.wav,11,neutral,train,1,gain_shift_colored_noise,20260805
11_03-01-01-01-01-02-11_aug2,Actor_11/03-01-01-01-01-02-11.wav,11,neutral,train,2,room_echo_smoothing_noise,20260806
11_03-01-01-01-01-02-11_aug3,Actor_11/03-01-01-01-01-02-11.wav,11,neutral,train,3,same_emotion_blend_spectral_tilt_dropout,20260807
11_03-01-01-01-02-01-11_aug1,Actor_11/03-01-01-01-02-01-11.wav,11,neutral,train,1,gain_shift_colored_noise,20260805
11_03-01-01-01-02-01-11_aug2,Actor_11/03-01-01-01-02-01-11.wav,11,neutral,train,2,room_echo_smoothing_noise,20260806
11_03-01-01-01-02-01-11_aug3,Actor_11/03-01-01-01-02-01-11.wav,11,neutral,train,3,same_emotion_blend_spectral_tilt_dropout,20260807
11_03-01-01-01-02-02-11_aug1,Actor_11/03-01-01-01-02-02-11.wav,11,neutral,train,1,gain_shift_colored_noise,20260805
11_03-01-01-01-02-02-11_aug2,Actor_11/03-01-01-01-02-02-11.wav,11,neutral,train,2,room_echo_smoothing_noise,20260806
11_03-01-01-01-02-02-11_aug3,Actor_11/03-01-01-01-02-02-11.wav,11,neutral,train,3,same_emotion_blend_spectral_tilt_dropout,20260807
11_03-01-02-01-01-01-11_aug1,Actor_11/03-01-02-01-01-01-11.wav,11,neutral,train,1,gain_shift_colored_noise,20260805
11_03-01-02-01-01-01-11_aug2,Actor_11/03-01-02-01-01-01-11.wav,11,neutral,train,2,room_echo_smoothing_noise,20260806
11_03-01-02-01-01-01-11_aug3,Actor_11/03-01-02-01-01-01-11.wav,11,neutral,train,3,same_emotion_blend_spectral_tilt_dropout,20260807
11_03-01-02-01-01-02-11_aug1,Actor_11/03-01-02-01-01-02-11.wav,11,neutral,train,1,gain_shift_colored_noise,20260805
11_03-01-02-01-01-02-11_aug2,Actor_11/03-01-02-01-01-02-11.wav,11,neutral,train,2,room_echo_smoothing_noise,20260806
11_03-01-02-01-01-02-11_aug3,Actor_11/03-01-02-01-01-02-11.wav,11,neutral,train,3,same_emotion_blend_spectral_tilt_dropout,20260807
11_03-01-02-01-02-01-11_aug1,Actor_11/03-01-02-01-02-01-11.wav,11,neutral,train,1,gain_shift_colored_noise,20260805
11_03-01-02-01-02-01-11_aug2,Actor_11/03-01-02-01-02-01-11.wav,11,neutral,train,2,room_echo_smoothing_noise,20260806
11_03-01-02-01-02-01-11_aug3,Actor_11/03-01-02-01-02-01-11.wav,11,neutral,train,3,same_emotion_blend_spectral_tilt_dropout,20260807
11_03-01-02-01-02-02-11_aug1,Actor_11/03-01-02-01-02-02-11.wav,11,neutral,train,1,gain_shift_colored_noise,20260805
11_03-01-02-01-02-02-11_aug2,Actor_11/03-01-02-01-02-02-11.wav,11,neutral,train,2,room_echo_smoothing_noise,20260806
11_03-01-02-01-02-02-11_aug3,Actor_11/03-01-02-01-02-02-11.wav,11,neutral,train,3,same_emotion_blend_spectral_tilt_dropout,20260807
11_03-01-02-02-01-01-11_aug1,Actor_11/03-01-02-02-01-01-11.wav,11,neutral,train,1,gain_shift_colored_noise,20260805
11_03-01-02-02-01-01-11_aug2,Actor_11/03-01-02-02-01-01-11.wav,11,neutral,train,2,room_echo_smoothing_noise,20260806
11_03-01-02-02-01-01-11_aug3,Actor_11/03-01-02-02-01-01-11.wav,11,neutral,train,3,same_emotion_blend_spectral_tilt_dropout,20260807
11_03-01-02-02-01-02-11_aug1,Actor_11/03-01-02-02-01-02-11.wav,11,neutral,train,1,gain_shift_colored_noise,20260805
11_03-01-02-02-01-02-11_aug2,Actor_11/03-01-02-02-01-02-11.wav,11,neutral,train,2,room_echo_smoothing_noise,20260806
11_03-01-02-02-01-02-11_aug3,Actor_11/03-01-02-02-01-02-11.wav,11,neutral,train,3,same_emotion_blend_spectral_tilt_dropout,20260807
11_03-01-02-02-02-01-11_aug1,Actor_11/03-01-02-02-02-01-11.wav,11,neutral,train,1,gain_shift_colored_noise,20260805
11_03-01-02-02-02-01-11_aug2,Actor_11/03-01-02-02-02-01-11.wav,11,neutral,train,2,room_echo_smoothing_noise,20260806
11_03-01-02-02-02-01-11_aug3,Actor_11/03-01-02-02-02-01-11.wav,11,neutral,train,3,same_emotion_blend_spectral_tilt_dropout,20260807
11_03-01-02-02-02-02-11_aug1,Actor_11/03-01-02-02-02-02-11.wav,11,neutral,train,1,gain_shift_colored_noise,20260805
11_03-01-02-02-02-02-11_aug2,Actor_11/03-01-02-02-02-02-11.wav,11,neutral,train,2,room_echo_smoothing_noise,20260806
11_03-01-02-02-02-02-11_aug3,Actor_11/03-01-02-02-02-02-11.wav,11,neutral,train,3,same_emotion_blend_spectral_tilt_dropout,20260807
11_03-01-03-01-01-01-11_aug1,Actor_11/03-01-03-01-01-01-11.wav,11,happy,train,1,gain_shift_colored_noise,20260805
11_03-01-03-01-01-01-11_aug2,Actor_11/03-01-03-01-01-01-11.wav,11,happy,train,2,room_echo_smoothing_noise,20260806
11_03-01-03-01-01-01-11_aug3,Actor_11/03-01-03-01-01-01-11.wav,11,happy,train,3,same_emotion_blend_spectral_tilt_dropout,20260807
11_03-01-03-01-01-02-11_aug1,Actor_11/03-01-03-01-01-02-11.wav,11,happy,train,1,gain_shift_colored_noise,20260805
11_03-01-03-01-01-02-11_aug2,Actor_11/03-01-03-01-01-02-11.wav,11,happy,train,2,room_echo_smoothing_noise,20260806
11_03-01-03-01-01-02-11_aug3,Actor_11/03-01-03-01-01-02-11.wav,11,happy,train,3,same_emotion_blend_spectral_tilt_dropout,20260807
11_03-01-03-01-02-01-11_aug1,Actor_11/03-01-03-01-02-01-11.wav,11,happy,train,1,gain_shift_colored_noise,20260805
11_03-01-03-01-02-01-11_aug2,Actor_11/03-01-03-01-02-01-11.wav,11,happy,train,2,room_echo_smoothing_noise,20260806
11_03-01-03-01-02-01-11_aug3,Actor_11/03-01-03-01-02-01-11.wav,11,happy,train,3,same_emotion_blend_spectral_tilt_dropout,20260807
11_03-01-03-01-02-02-11_aug1,Actor_11/03-01-03-01-02-02-11.wav,11,happy,train,1,gain_shift_colored_noise,20260805
11_03-01-03-01-02-02-11_aug2,Actor_11/03-01-03-01-02-02-11.wav,11,happy,train,2,room_echo_smoothing_noise,20260806
11_03-01-03-01-02-02-11_aug3,Actor_11/03-01-03-01-02-02-11.wav,11,happy,train,3,same_emotion_blend_spectral_tilt_dropout,20260807
11_03-01-03-02-01-01-11_aug1,Actor_11/03-01-03-02-01-01-11.wav,11,happy,train,1,gain_shift_colored_noise,20260805
11_03-01-03-02-01-01-11_aug2,Actor_11/03-01-03-02-01-01-11.wav,11,happy,train,2,room_echo_smoothing_noise,20260806
11_03-01-03-02-01-01-11_aug3,Actor_11/03-01-03-02-01-01-11.wav,11,happy,train,3,same_emotion_blend_spectral_tilt_dropout,20260807
11_03-01-03-02-01-02-11_aug1,Actor_11/03-01-03-02-01-02-11.wav,11,happy,train,1,gain_shift_colored_noise,20260805
11_03-01-03-02-01-02-11_aug2,Actor_11/03-01-03-02-01-02-11.wav,11,happy,train,2,room_echo_smoothing_noise,20260806
11_03-01-03-02-01-02-11_aug3,Actor_11/03-01-03-02-01-02-11.wav,11,happy,train,3,same_emotion_blend_spectral_tilt_dropout,20260807
11_03-01-03-02-02-01-11_aug1,Actor_11/03-01-03-02-02-01-11.wav,11,happy,train,1,gain_shift_colored_noise,20260805
11_03-01-03-02-02-01-11_aug2,Actor_11/03-01-03-02-02-01-11.wav,11,happy,train,2,room_echo_smoothing_noise,20260806
11_03-01-03-02-02-01-11_aug3,Actor_11/03-01-03-02-02-01-11.wav,11,happy,train,3,same_emotion_blend_spectral_tilt_dropout,20260807
11_03-01-03-02-02-02-11_aug1,Actor_11/03-01-03-02-02-02-11.wav,11,happy,train,1,gain_shift_colored_noise,20260805
11_03-01-03-02-02-02-11_aug2,Actor_11/03-01-03-02-02-02-11.wav,11,happy,train,2,room_echo_smoothing_noise,20260806
11_03-01-03-02-02-02-11_aug3,Actor_11/03-01-03-02-02-02-11.wav,11,happy,train,3,same_emotion_blend_spectral_tilt_dropout,20260807
11_03-01-04-01-01-01-11_aug1,Actor_11/03-01-04-01-01-01-11.wav,11,sad,train,1,gain_shift_colored_noise,20260805
11_03-01-04-01-01-01-11_aug2,Actor_11/03-01-04-01-01-01-11.wav,11,sad,train,2,room_echo_smoothing_noise,20260806
11_03-01-04-01-01-01-11_aug3,Actor_11/03-01-04-01-01-01-11.wav,11,sad,train,3,same_emotion_blend_spectral_tilt_dropout,20260807
11_03-01-04-01-01-02-11_aug1,Actor_11/03-01-04-01-01-02-11.wav,11,sad,train,1,gain_shift_colored_noise,20260805
11_03-01-04-01-01-02-11_aug2,Actor_11/03-01-04-01-01-02-11.wav,11,sad,train,2,room_echo_smoothing_noise,20260806
11_03-01-04-01-01-02-11_aug3,Actor_11/03-01-04-01-01-02-11.wav,11,sad,train,3,same_emotion_blend_spectral_tilt_dropout,20260807
11_03-01-04-01-02-01-11_aug1,Actor_11/03-01-04-01-02-01-11.wav,11,sad,train,1,gain_shift_colored_noise,20260805
11_03-01-04-01-02-01-11_aug2,Actor_11/03-01-04-01-02-01-11.wav,11,sad,train,2,room_echo_smoothing_noise,20260806
11_03-01-04-01-02-01-11_aug3,Actor_11/03-01-04-01-02-01-11.wav,11,sad,train,3,same_emotion_blend_spectral_tilt_dropout,20260807
11_03-01-04-01-02-02-11_aug1,Actor_11/03-01-04-01-02-02-11.wav,11,sad,train,1,gain_shift_colored_noise,20260805
11_03-01-04-01-02-02-11_aug2,Actor_11/03-01-04-01-02-02-11.wav,11,sad,train,2,room_echo_smoothing_noise,20260806
11_03-01-04-01-02-02-11_aug3,Actor_11/03-01-04-01-02-02-11.wav,11,sad,train,3,same_emotion_blend_spectral_tilt_dropout,20260807
11_03-01-04-02-01-01-11_aug1,Actor_11/03-01-04-02-01-01-11.wav,11,sad,train,1,gain_shift_colored_noise,20260805
11_03-01-04-02-01-01-11_aug2,Actor_11/03-01-04-02-01-01-11.wav,11,sad,train,2,room_echo_smoothing_noise,20260806
11_03-01-04-02-01-01-11_aug3,Actor_11/03-01-04-02-01-01-11.wav,11,sad,train,3,same_emotion_blend_spectral_tilt_dropout,20260807
11_03-01-04-02-01-02-11_aug1,Actor_11/03-01-04-02-01-02-11.wav,11,sad,train,1,gain_shift_colored_noise,20260805
11_03-01-04-02-01-02-11_aug2,Actor_11/03-01-04-02-01-02-11.wav,11,sad,train,2,room_echo_smoothing_noise,20260806
11_03-01-04-02-01-02-11_aug3,Actor_11/03-01-04-02-01-02-11.wav,11,sad,train,3,same_emotion_blend_spectral_tilt_dropout,20260807
11_03-01-04-02-02-01-11_aug1,Actor_11/03-01-04-02-02-01-11.wav,11,sad,train,1,gain_shift_colored_noise,20260805
11_03-01-04-02-02-01-11_aug2,Actor_11/03-01-04-02-02-01-11.wav,11,sad,train,2,room_echo_smoothing_noise,20260806
11_03-01-04-02-02-01-11_aug3,Actor_11/03-01-04-02-02-01-11.wav,11,sad,train,3,same_emotion_blend_spectral_tilt_dropout,20260807
11_03-01-04-02-02-02-11_aug1,Actor_11/03-01-04-02-02-02-11.wav,11,sad,train,1,gain_shift_colored_noise,20260805
11_03-01-04-02-02-02-11_aug2,Actor_11/03-01-04-02-02-02-11.wav,11,sad,train,2,room_echo_smoothing_noise,20260806
11_03-01-04-02-02-02-11_aug3,Actor_11/03-01-04-02-02-02-11.wav,11,sad,train,3,same_emotion_blend_spectral_tilt_dropout,20260807
11_03-01-05-01-01-01-11_aug1,Actor_11/03-01-05-01-01-01-11.wav,11,angry,train,1,gain_shift_colored_noise,20260805
11_03-01-05-01-01-01-11_aug2,Actor_11/03-01-05-01-01-01-11.wav,11,angry,train,2,room_echo_smoothing_noise,20260806
11_03-01-05-01-01-01-11_aug3,Actor_11/03-01-05-01-01-01-11.wav,11,angry,train,3,same_emotion_blend_spectral_tilt_dropout,20260807
11_03-01-05-01-01-02-11_aug1,Actor_11/03-01-05-01-01-02-11.wav,11,angry,train,1,gain_shift_colored_noise,20260805
11_03-01-05-01-01-02-11_aug2,Actor_11/03-01-05-01-01-02-11.wav,11,angry,train,2,room_echo_smoothing_noise,20260806
11_03-01-05-01-01-02-11_aug3,Actor_11/03-01-05-01-01-02-11.wav,11,angry,train,3,same_emotion_blend_spectral_tilt_dropout,20260807
11_03-01-05-01-02-01-11_aug1,Actor_11/03-01-05-01-02-01-11.wav,11,angry,train,1,gain_shift_colored_noise,20260805
11_03-01-05-01-02-01-11_aug2,Actor_11/03-01-05-01-02-01-11.wav,11,angry,train,2,room_echo_smoothing_noise,20260806
11_03-01-05-01-02-01-11_aug3,Actor_11/03-01-05-01-02-01-11.wav,11,angry,train,3,same_emotion_blend_spectral_tilt_dropout,20260807
11_03-01-05-01-02-02-11_aug1,Actor_11/03-01-05-01-02-02-11.wav,11,angry,train,1,gain_shift_colored_noise,20260805
11_03-01-05-01-02-02-11_aug2,Actor_11/03-01-05-01-02-02-11.wav,11,angry,train,2,room_echo_smoothing_noise,20260806
11_03-01-05-01-02-02-11_aug3,Actor_11/03-01-05-01-02-02-11.wav,11,angry,train,3,same_emotion_blend_spectral_tilt_dropout,20260807
11_03-01-05-02-01-01-11_aug1,Actor_11/03-01-05-02-01-01-11.wav,11,angry,train,1,gain_shift_colored_noise,20260805
11_03-01-05-02-01-01-11_aug2,Actor_11/03-01-05-02-01-01-11.wav,11,angry,train,2,room_echo_smoothing_noise,20260806
11_03-01-05-02-01-01-11_aug3,Actor_11/03-01-05-02-01-01-11.wav,11,angry,train,3,same_emotion_blend_spectral_tilt_dropout,20260807
11_03-01-05-02-01-02-11_aug1,Actor_11/03-01-05-02-01-02-11.wav,11,angry,train,1,gain_shift_colored_noise,20260805
11_03-01-05-02-01-02-11_aug2,Actor_11/03-01-05-02-01-02-11.wav,11,angry,train,2,room_echo_smoothing_noise,20260806
11_03-01-05-02-01-02-11_aug3,Actor_11/03-01-05-02-01-02-11.wav,11,angry,train,3,same_emotion_blend_spectral_tilt_dropout,20260807
11_03-01-05-02-02-01-11_aug1,Actor_11/03-01-05-02-02-01-11.wav,11,angry,train,1,gain_shift_colored_noise,20260805
11_03-01-05-02-02-01-11_aug2,Actor_11/03-01-05-02-02-01-11.wav,11,angry,train,2,room_echo_smoothing_noise,20260806
11_03-01-05-02-02-01-11_aug3,Actor_11/03-01-05-02-02-01-11.wav,11,angry,train,3,same_emotion_blend_spectral_tilt_dropout,20260807
11_03-01-05-02-02-02-11_aug1,Actor_11/03-01-05-02-02-02-11.wav,11,angry,train,1,gain_shift_colored_noise,20260805
11_03-01-05-02-02-02-11_aug2,Actor_11/03-01-05-02-02-02-11.wav,11,angry,train,2,room_echo_smoothing_noise,20260806
11_03-01-05-02-02-02-11_aug3,Actor_11/03-01-05-02-02-02-11.wav,11,angry,train,3,same_emotion_blend_spectral_tilt_dropout,20260807
11_03-01-06-01-01-01-11_aug1,Actor_11/03-01-06-01-01-01-11.wav,11,fear,train,1,gain_shift_colored_noise,20260805
11_03-01-06-01-01-01-11_aug2,Actor_11/03-01-06-01-01-01-11.wav,11,fear,train,2,room_echo_smoothing_noise,20260806
11_03-01-06-01-01-01-11_aug3,Actor_11/03-01-06-01-01-01-11.wav,11,fear,train,3,same_emotion_blend_spectral_tilt_dropout,20260807
11_03-01-06-01-01-02-11_aug1,Actor_11/03-01-06-01-01-02-11.wav,11,fear,train,1,gain_shift_colored_noise,20260805
11_03-01-06-01-01-02-11_aug2,Actor_11/03-01-06-01-01-02-11.wav,11,fear,train,2,room_echo_smoothing_noise,20260806
11_03-01-06-01-01-02-11_aug3,Actor_11/03-01-06-01-01-02-11.wav,11,fear,train,3,same_emotion_blend_spectral_tilt_dropout,20260807
11_03-01-06-01-02-01-11_aug1,Actor_11/03-01-06-01-02-01-11.wav,11,fear,train,1,gain_shift_colored_noise,20260805
11_03-01-06-01-02-01-11_aug2,Actor_11/03-01-06-01-02-01-11.wav,11,fear,train,2,room_echo_smoothing_noise,20260806
11_03-01-06-01-02-01-11_aug3,Actor_11/03-01-06-01-02-01-11.wav,11,fear,train,3,same_emotion_blend_spectral_tilt_dropout,20260807
11_03-01-06-01-02-02-11_aug1,Actor_11/03-01-06-01-02-02-11.wav,11,fear,train,1,gain_shift_colored_noise,20260805
11_03-01-06-01-02-02-11_aug2,Actor_11/03-01-06-01-02-02-11.wav,11,fear,train,2,room_echo_smoothing_noise,20260806
11_03-01-06-01-02-02-11_aug3,Actor_11/03-01-06-01-02-02-11.wav,11,fear,train,3,same_emotion_blend_spectral_tilt_dropout,20260807
11_03-01-06-02-01-01-11_aug1,Actor_11/03-01-06-02-01-01-11.wav,11,fear,train,1,gain_shift_colored_noise,20260805
11_03-01-06-02-01-01-11_aug2,Actor_11/03-01-06-02-01-01-11.wav,11,fear,train,2,room_echo_smoothing_noise,20260806
11_03-01-06-02-01-01-11_aug3,Actor_11/03-01-06-02-01-01-11.wav,11,fear,train,3,same_emotion_blend_spectral_tilt_dropout,20260807
11_03-01-06-02-01-02-11_aug1,Actor_11/03-01-06-02-01-02-11.wav,11,fear,train,1,gain_shift_colored_noise,20260805
11_03-01-06-02-01-02-11_aug2,Actor_11/03-01-06-02-01-02-11.wav,11,fear,train,2,room_echo_smoothing_noise,20260806
11_03-01-06-02-01-02-11_aug3,Actor_11/03-01-06-02-01-02-11.wav,11,fear,train,3,same_emotion_blend_spectral_tilt_dropout,20260807
11_03-01-06-02-02-01-11_aug1,Actor_11/03-01-06-02-02-01-11.wav,11,fear,train,1,gain_shift_colored_noise,20260805
11_03-01-06-02-02-01-11_aug2,Actor_11/03-01-06-02-02-01-11.wav,11,fear,train,2,room_echo_smoothing_noise,20260806
11_03-01-06-02-02-01-11_aug3,Actor_11/03-01-06-02-02-01-11.wav,11,fear,train,3,same_emotion_blend_spectral_tilt_dropout,20260807
11_03-01-06-02-02-02-11_aug1,Actor_11/03-01-06-02-02-02-11.wav,11,fear,train,1,gain_shift_colored_noise,20260805
11_03-01-06-02-02-02-11_aug2,Actor_11/03-01-06-02-02-02-11.wav,11,fear,train,2,room_echo_smoothing_noise,20260806
11_03-01-06-02-02-02-11_aug3,Actor_11/03-01-06-02-02-02-11.wav,11,fear,train,3,same_emotion_blend_spectral_tilt_dropout,20260807
11_03-01-07-01-01-01-11_aug1,Actor_11/03-01-07-01-01-01-11.wav,11,disgust,train,1,gain_shift_colored_noise,20260805
11_03-01-07-01-01-01-11_aug2,Actor_11/03-01-07-01-01-01-11.wav,11,disgust,train,2,room_echo_smoothing_noise,20260806
11_03-01-07-01-01-01-11_aug3,Actor_11/03-01-07-01-01-01-11.wav,11,disgust,train,3,same_emotion_blend_spectral_tilt_dropout,20260807
11_03-01-07-01-01-02-11_aug1,Actor_11/03-01-07-01-01-02-11.wav,11,disgust,train,1,gain_shift_colored_noise,20260805
11_03-01-07-01-01-02-11_aug2,Actor_11/03-01-07-01-01-02-11.wav,11,disgust,train,2,room_echo_smoothing_noise,20260806
11_03-01-07-01-01-02-11_aug3,Actor_11/03-01-07-01-01-02-11.wav,11,disgust,train,3,same_emotion_blend_spectral_tilt_dropout,20260807
11_03-01-07-01-02-01-11_aug1,Actor_11/03-01-07-01-02-01-11.wav,11,disgust,train,1,gain_shift_colored_noise,20260805
11_03-01-07-01-02-01-11_aug2,Actor_11/03-01-07-01-02-01-11.wav,11,disgust,train,2,room_echo_smoothing_noise,20260806
11_03-01-07-01-02-01-11_aug3,Actor_11/03-01-07-01-02-01-11.wav,11,disgust,train,3,same_emotion_blend_spectral_tilt_dropout,20260807
11_03-01-07-01-02-02-11_aug1,Actor_11/03-01-07-01-02-02-11.wav,11,disgust,train,1,gain_shift_colored_noise,20260805
11_03-01-07-01-02-02-11_aug2,Actor_11/03-01-07-01-02-02-11.wav,11,disgust,train,2,room_echo_smoothing_noise,20260806
11_03-01-07-01-02-02-11_aug3,Actor_11/03-01-07-01-02-02-11.wav,11,disgust,train,3,same_emotion_blend_spectral_tilt_dropout,20260807
11_03-01-07-02-01-01-11_aug1,Actor_11/03-01-07-02-01-01-11.wav,11,disgust,train,1,gain_shift_colored_noise,20260805
11_03-01-07-02-01-01-11_aug2,Actor_11/03-01-07-02-01-01-11.wav,11,disgust,train,2,room_echo_smoothing_noise,20260806
11_03-01-07-02-01-01-11_aug3,Actor_11/03-01-07-02-01-01-11.wav,11,disgust,train,3,same_emotion_blend_spectral_tilt_dropout,20260807
11_03-01-07-02-01-02-11_aug1,Actor_11/03-01-07-02-01-02-11.wav,11,disgust,train,1,gain_shift_colored_noise,20260805
11_03-01-07-02-01-02-11_aug2,Actor_11/03-01-07-02-01-02-11.wav,11,disgust,train,2,room_echo_smoothing_noise,20260806
11_03-01-07-02-01-02-11_aug3,Actor_11/03-01-07-02-01-02-11.wav,11,disgust,train,3,same_emotion_blend_spectral_tilt_dropout,20260807
11_03-01-07-02-02-01-11_aug1,Actor_11/03-01-07-02-02-01-11.wav,11,disgust,train,1,gain_shift_colored_noise,20260805
11_03-01-07-02-02-01-11_aug2,Actor_11/03-01-07-02-02-01-11.wav,11,disgust,train,2,room_echo_smoothing_noise,20260806
11_03-01-07-02-02-01-11_aug3,Actor_11/03-01-07-02-02-01-11.wav,11,disgust,train,3,same_emotion_blend_spectral_tilt_dropout,20260807
11_03-01-07-02-02-02-11_aug1,Actor_11/03-01-07-02-02-02-11.wav,11,disgust,train,1,gain_shift_colored_noise,20260805
11_03-01-07-02-02-02-11_aug2,Actor_11/03-01-07-02-02-02-11.wav,11,disgust,train,2,room_echo_smoothing_noise,20260806
11_03-01-07-02-02-02-11_aug3,Actor_11/03-01-07-02-02-02-11.wav,11,disgust,train,3,same_emotion_blend_spectral_tilt_dropout,20260807
11_03-01-08-01-01-01-11_aug1,Actor_11/03-01-08-01-01-01-11.wav,11,surprise,train,1,gain_shift_colored_noise,20260805
11_03-01-08-01-01-01-11_aug2,Actor_11/03-01-08-01-01-01-11.wav,11,surprise,train,2,room_echo_smoothing_noise,20260806
11_03-01-08-01-01-01-11_aug3,Actor_11/03-01-08-01-01-01-11.wav,11,surprise,train,3,same_emotion_blend_spectral_tilt_dropout,20260807
11_03-01-08-01-01-02-11_aug1,Actor_11/03-01-08-01-01-02-11.wav,11,surprise,train,1,gain_shift_colored_noise,20260805
11_03-01-08-01-01-02-11_aug2,Actor_11/03-01-08-01-01-02-11.wav,11,surprise,train,2,room_echo_smoothing_noise,20260806
11_03-01-08-01-01-02-11_aug3,Actor_11/03-01-08-01-01-02-11.wav,11,surprise,train,3,same_emotion_blend_spectral_tilt_dropout,20260807
11_03-01-08-01-02-01-11_aug1,Actor_11/03-01-08-01-02-01-11.wav,11,surprise,train,1,gain_shift_colored_noise,20260805
11_03-01-08-01-02-01-11_aug2,Actor_11/03-01-08-01-02-01-11.wav,11,surprise,train,2,room_echo_smoothing_noise,20260806
11_03-01-08-01-02-01-11_aug3,Actor_11/03-01-08-01-02-01-11.wav,11,surprise,train,3,same_emotion_blend_spectral_tilt_dropout,20260807
11_03-01-08-01-02-02-11_aug1,Actor_11/03-01-08-01-02-02-11.wav,11,surprise,train,1,gain_shift_colored_noise,20260805
11_03-01-08-01-02-02-11_aug2,Actor_11/03-01-08-01-02-02-11.wav,11,surprise,train,2,room_echo_smoothing_noise,20260806
11_03-01-08-01-02-02-11_aug3,Actor_11/03-01-08-01-02-02-11.wav,11,surprise,train,3,same_emotion_blend_spectral_tilt_dropout,20260807
11_03-01-08-02-01-01-11_aug1,Actor_11/03-01-08-02-01-01-11.wav,11,surprise,train,1,gain_shift_colored_noise,20260805
11_03-01-08-02-01-01-11_aug2,Actor_11/03-01-08-02-01-01-11.wav,11,surprise,train,2,room_echo_smoothing_noise,20260806
11_03-01-08-02-01-01-11_aug3,Actor_11/03-01-08-02-01-01-11.wav,11,surprise,train,3,same_emotion_blend_spectral_tilt_dropout,20260807
11_03-01-08-02-01-02-11_aug1,Actor_11/03-01-08-02-01-02-11.wav,11,surprise,train,1,gain_shift_colored_noise,20260805
11_03-01-08-02-01-02-11_aug2,Actor_11/03-01-08-02-01-02-11.wav,11,surprise,train,2,room_echo_smoothing_noise,20260806
11_03-01-08-02-01-02-11_aug3,Actor_11/03-01-08-02-01-02-11.wav,11,surprise,train,3,same_emotion_blend_spectral_tilt_dropout,20260807
11_03-01-08-02-02-01-11_aug1,Actor_11/03-01-08-02-02-01-11.wav,11,surprise,train,1,gain_shift_colored_noise,20260805
11_03-01-08-02-02-01-11_aug2,Actor_11/03-01-08-02-02-01-11.wav,11,surprise,train,2,room_echo_smoothing_noise,20260806
11_03-01-08-02-02-01-11_aug3,Actor_11/03-01-08-02-02-01-11.wav,11,surprise,train,3,same_emotion_blend_spectral_tilt_dropout,20260807
11_03-01-08-02-02-02-11_aug1,Actor_11/03-01-08-02-02-02-11.wav,11,surprise,train,1,gain_shift_colored_noise,20260805
11_03-01-08-02-02-02-11_aug2,Actor_11/03-01-08-02-02-02-11.wav,11,surprise,train,2,room_echo_smoothing_noise,20260806
11_03-01-08-02-02-02-11_aug3,Actor_11/03-01-08-02-02-02-11.wav,11,surprise,train,3,same_emotion_blend_spectral_tilt_dropout,20260807
12_03-01-01-01-01-01-12_aug1,Actor_12/03-01-01-01-01-01-12.wav,12,neutral,train,1,gain_shift_colored_noise,20260805
12_03-01-01-01-01-01-12_aug2,Actor_12/03-01-01-01-01-01-12.wav,12,neutral,train,2,room_echo_smoothing_noise,20260806
12_03-01-01-01-01-01-12_aug3,Actor_12/03-01-01-01-01-01-12.wav,12,neutral,train,3,same_emotion_blend_spectral_tilt_dropout,20260807
12_03-01-01-01-01-02-12_aug1,Actor_12/03-01-01-01-01-02-12.wav,12,neutral,train,1,gain_shift_colored_noise,20260805
12_03-01-01-01-01-02-12_aug2,Actor_12/03-01-01-01-01-02-12.wav,12,neutral,train,2,room_echo_smoothing_noise,20260806
12_03-01-01-01-01-02-12_aug3,Actor_12/03-01-01-01-01-02-12.wav,12,neutral,train,3,same_emotion_blend_spectral_tilt_dropout,20260807
12_03-01-01-01-02-01-12_aug1,Actor_12/03-01-01-01-02-01-12.wav,12,neutral,train,1,gain_shift_colored_noise,20260805
12_03-01-01-01-02-01-12_aug2,Actor_12/03-01-01-01-02-01-12.wav,12,neutral,train,2,room_echo_smoothing_noise,20260806
12_03-01-01-01-02-01-12_aug3,Actor_12/03-01-01-01-02-01-12.wav,12,neutral,train,3,same_emotion_blend_spectral_tilt_dropout,20260807
12_03-01-01-01-02-02-12_aug1,Actor_12/03-01-01-01-02-02-12.wav,12,neutral,train,1,gain_shift_colored_noise,20260805
12_03-01-01-01-02-02-12_aug2,Actor_12/03-01-01-01-02-02-12.wav,12,neutral,train,2,room_echo_smoothing_noise,20260806
12_03-01-01-01-02-02-12_aug3,Actor_12/03-01-01-01-02-02-12.wav,12,neutral,train,3,same_emotion_blend_spectral_tilt_dropout,20260807
12_03-01-02-01-01-01-12_aug1,Actor_12/03-01-02-01-01-01-12.wav,12,neutral,train,1,gain_shift_colored_noise,20260805
12_03-01-02-01-01-01-12_aug2,Actor_12/03-01-02-01-01-01-12.wav,12,neutral,train,2,room_echo_smoothing_noise,20260806
12_03-01-02-01-01-01-12_aug3,Actor_12/03-01-02-01-01-01-12.wav,12,neutral,train,3,same_emotion_blend_spectral_tilt_dropout,20260807
12_03-01-02-01-01-02-12_aug1,Actor_12/03-01-02-01-01-02-12.wav,12,neutral,train,1,gain_shift_colored_noise,20260805
12_03-01-02-01-01-02-12_aug2,Actor_12/03-01-02-01-01-02-12.wav,12,neutral,train,2,room_echo_smoothing_noise,20260806
12_03-01-02-01-01-02-12_aug3,Actor_12/03-01-02-01-01-02-12.wav,12,neutral,train,3,same_emotion_blend_spectral_tilt_dropout,20260807
12_03-01-02-01-02-01-12_aug1,Actor_12/03-01-02-01-02-01-12.wav,12,neutral,train,1,gain_shift_colored_noise,20260805
12_03-01-02-01-02-01-12_aug2,Actor_12/03-01-02-01-02-01-12.wav,12,neutral,train,2,room_echo_smoothing_noise,20260806
12_03-01-02-01-02-01-12_aug3,Actor_12/03-01-02-01-02-01-12.wav,12,neutral,train,3,same_emotion_blend_spectral_tilt_dropout,20260807
12_03-01-02-01-02-02-12_aug1,Actor_12/03-01-02-01-02-02-12.wav,12,neutral,train,1,gain_shift_colored_noise,20260805
12_03-01-02-01-02-02-12_aug2,Actor_12/03-01-02-01-02-02-12.wav,12,neutral,train,2,room_echo_smoothing_noise,20260806
12_03-01-02-01-02-02-12_aug3,Actor_12/03-01-02-01-02-02-12.wav,12,neutral,train,3,same_emotion_blend_spectral_tilt_dropout,20260807
12_03-01-02-02-01-01-12_aug1,Actor_12/03-01-02-02-01-01-12.wav,12,neutral,train,1,gain_shift_colored_noise,20260805
12_03-01-02-02-01-01-12_aug2,Actor_12/03-01-02-02-01-01-12.wav,12,neutral,train,2,room_echo_smoothing_noise,20260806
12_03-01-02-02-01-01-12_aug3,Actor_12/03-01-02-02-01-01-12.wav,12,neutral,train,3,same_emotion_blend_spectral_tilt_dropout,20260807
12_03-01-02-02-01-02-12_aug1,Actor_12/03-01-02-02-01-02-12.wav,12,neutral,train,1,gain_shift_colored_noise,20260805
12_03-01-02-02-01-02-12_aug2,Actor_12/03-01-02-02-01-02-12.wav,12,neutral,train,2,room_echo_smoothing_noise,20260806
12_03-01-02-02-01-02-12_aug3,Actor_12/03-01-02-02-01-02-12.wav,12,neutral,train,3,same_emotion_blend_spectral_tilt_dropout,20260807
12_03-01-02-02-02-01-12_aug1,Actor_12/03-01-02-02-02-01-12.wav,12,neutral,train,1,gain_shift_colored_noise,20260805
12_03-01-02-02-02-01-12_aug2,Actor_12/03-01-02-02-02-01-12.wav,12,neutral,train,2,room_echo_smoothing_noise,20260806
12_03-01-02-02-02-01-12_aug3,Actor_12/03-01-02-02-02-01-12.wav,12,neutral,train,3,same_emotion_blend_spectral_tilt_dropout,20260807
12_03-01-02-02-02-02-12_aug1,Actor_12/03-01-02-02-02-02-12.wav,12,neutral,train,1,gain_shift_colored_noise,20260805
12_03-01-02-02-02-02-12_aug2,Actor_12/03-01-02-02-02-02-12.wav,12,neutral,train,2,room_echo_smoothing_noise,20260806
12_03-01-02-02-02-02-12_aug3,Actor_12/03-01-02-02-02-02-12.wav,12,neutral,train,3,same_emotion_blend_spectral_tilt_dropout,20260807
12_03-01-03-01-01-01-12_aug1,Actor_12/03-01-03-01-01-01-12.wav,12,happy,train,1,gain_shift_colored_noise,20260805
12_03-01-03-01-01-01-12_aug2,Actor_12/03-01-03-01-01-01-12.wav,12,happy,train,2,room_echo_smoothing_noise,20260806
12_03-01-03-01-01-01-12_aug3,Actor_12/03-01-03-01-01-01-12.wav,12,happy,train,3,same_emotion_blend_spectral_tilt_dropout,20260807
12_03-01-03-01-01-02-12_aug1,Actor_12/03-01-03-01-01-02-12.wav,12,happy,train,1,gain_shift_colored_noise,20260805
12_03-01-03-01-01-02-12_aug2,Actor_12/03-01-03-01-01-02-12.wav,12,happy,train,2,room_echo_smoothing_noise,20260806
12_03-01-03-01-01-02-12_aug3,Actor_12/03-01-03-01-01-02-12.wav,12,happy,train,3,same_emotion_blend_spectral_tilt_dropout,20260807
12_03-01-03-01-02-01-12_aug1,Actor_12/03-01-03-01-02-01-12.wav,12,happy,train,1,gain_shift_colored_noise,20260805
12_03-01-03-01-02-01-12_aug2,Actor_12/03-01-03-01-02-01-12.wav,12,happy,train,2,room_echo_smoothing_noise,20260806
12_03-01-03-01-02-01-12_aug3,Actor_12/03-01-03-01-02-01-12.wav,12,happy,train,3,same_emotion_blend_spectral_tilt_dropout,20260807
12_03-01-03-01-02-02-12_aug1,Actor_12/03-01-03-01-02-02-12.wav,12,happy,train,1,gain_shift_colored_noise,20260805
12_03-01-03-01-02-02-12_aug2,Actor_12/03-01-03-01-02-02-12.wav,12,happy,train,2,room_echo_smoothing_noise,20260806
12_03-01-03-01-02-02-12_aug3,Actor_12/03-01-03-01-02-02-12.wav,12,happy,train,3,same_emotion_blend_spectral_tilt_dropout,20260807
12_03-01-03-02-01-01-12_aug1,Actor_12/03-01-03-02-01-01-12.wav,12,happy,train,1,gain_shift_colored_noise,20260805
12_03-01-03-02-01-01-12_aug2,Actor_12/03-01-03-02-01-01-12.wav,12,happy,train,2,room_echo_smoothing_noise,20260806
12_03-01-03-02-01-01-12_aug3,Actor_12/03-01-03-02-01-01-12.wav,12,happy,train,3,same_emotion_blend_spectral_tilt_dropout,20260807
12_03-01-03-02-01-02-12_aug1,Actor_12/03-01-03-02-01-02-12.wav,12,happy,train,1,gain_shift_colored_noise,20260805
12_03-01-03-02-01-02-12_aug2,Actor_12/03-01-03-02-01-02-12.wav,12,happy,train,2,room_echo_smoothing_noise,20260806
12_03-01-03-02-01-02-12_aug3,Actor_12/03-01-03-02-01-02-12.wav,12,happy,train,3,same_emotion_blend_spectral_tilt_dropout,20260807
12_03-01-03-02-02-01-12_aug1,Actor_12/03-01-03-02-02-01-12.wav,12,happy,train,1,gain_shift_colored_noise,20260805
12_03-01-03-02-02-01-12_aug2,Actor_12/03-01-03-02-02-01-12.wav,12,happy,train,2,room_echo_smoothing_noise,20260806
12_03-01-03-02-02-01-12_aug3,Actor_12/03-01-03-02-02-01-12.wav,12,happy,train,3,same_emotion_blend_spectral_tilt_dropout,20260807
12_03-01-03-02-02-02-12_aug1,Actor_12/03-01-03-02-02-02-12.wav,12,happy,train,1,gain_shift_colored_noise,20260805
12_03-01-03-02-02-02-12_aug2,Actor_12/03-01-03-02-02-02-12.wav,12,happy,train,2,room_echo_smoothing_noise,20260806
12_03-01-03-02-02-02-12_aug3,Actor_12/03-01-03-02-02-02-12.wav,12,happy,train,3,same_emotion_blend_spectral_tilt_dropout,20260807
12_03-01-04-01-01-01-12_aug1,Actor_12/03-01-04-01-01-01-12.wav,12,sad,train,1,gain_shift_colored_noise,20260805
12_03-01-04-01-01-01-12_aug2,Actor_12/03-01-04-01-01-01-12.wav,12,sad,train,2,room_echo_smoothing_noise,20260806
12_03-01-04-01-01-01-12_aug3,Actor_12/03-01-04-01-01-01-12.wav,12,sad,train,3,same_emotion_blend_spectral_tilt_dropout,20260807
12_03-01-04-01-01-02-12_aug1,Actor_12/03-01-04-01-01-02-12.wav,12,sad,train,1,gain_shift_colored_noise,20260805
12_03-01-04-01-01-02-12_aug2,Actor_12/03-01-04-01-01-02-12.wav,12,sad,train,2,room_echo_smoothing_noise,20260806
12_03-01-04-01-01-02-12_aug3,Actor_12/03-01-04-01-01-02-12.wav,12,sad,train,3,same_emotion_blend_spectral_tilt_dropout,20260807
12_03-01-04-01-02-01-12_aug1,Actor_12/03-01-04-01-02-01-12.wav,12,sad,train,1,gain_shift_colored_noise,20260805
12_03-01-04-01-02-01-12_aug2,Actor_12/03-01-04-01-02-01-12.wav,12,sad,train,2,room_echo_smoothing_noise,20260806
12_03-01-04-01-02-01-12_aug3,Actor_12/03-01-04-01-02-01-12.wav,12,sad,train,3,same_emotion_blend_spectral_tilt_dropout,20260807
12_03-01-04-01-02-02-12_aug1,Actor_12/03-01-04-01-02-02-12.wav,12,sad,train,1,gain_shift_colored_noise,20260805
12_03-01-04-01-02-02-12_aug2,Actor_12/03-01-04-01-02-02-12.wav,12,sad,train,2,room_echo_smoothing_noise,20260806
12_03-01-04-01-02-02-12_aug3,Actor_12/03-01-04-01-02-02-12.wav,12,sad,train,3,same_emotion_blend_spectral_tilt_dropout,20260807
12_03-01-04-02-01-01-12_aug1,Actor_12/03-01-04-02-01-01-12.wav,12,sad,train,1,gain_shift_colored_noise,20260805
12_03-01-04-02-01-01-12_aug2,Actor_12/03-01-04-02-01-01-12.wav,12,sad,train,2,room_echo_smoothing_noise,20260806
12_03-01-04-02-01-01-12_aug3,Actor_12/03-01-04-02-01-01-12.wav,12,sad,train,3,same_emotion_blend_spectral_tilt_dropout,20260807
12_03-01-04-02-01-02-12_aug1,Actor_12/03-01-04-02-01-02-12.wav,12,sad,train,1,gain_shift_colored_noise,20260805
12_03-01-04-02-01-02-12_aug2,Actor_12/03-01-04-02-01-02-12.wav,12,sad,train,2,room_echo_smoothing_noise,20260806
12_03-01-04-02-01-02-12_aug3,Actor_12/03-01-04-02-01-02-12.wav,12,sad,train,3,same_emotion_blend_spectral_tilt_dropout,20260807
12_03-01-04-02-02-01-12_aug1,Actor_12/03-01-04-02-02-01-12.wav,12,sad,train,1,gain_shift_colored_noise,20260805
12_03-01-04-02-02-01-12_aug2,Actor_12/03-01-04-02-02-01-12.wav,12,sad,train,2,room_echo_smoothing_noise,20260806
12_03-01-04-02-02-01-12_aug3,Actor_12/03-01-04-02-02-01-12.wav,12,sad,train,3,same_emotion_blend_spectral_tilt_dropout,20260807
12_03-01-04-02-02-02-12_aug1,Actor_12/03-01-04-02-02-02-12.wav,12,sad,train,1,gain_shift_colored_noise,20260805
12_03-01-04-02-02-02-12_aug2,Actor_12/03-01-04-02-02-02-12.wav,12,sad,train,2,room_echo_smoothing_noise,20260806
12_03-01-04-02-02-02-12_aug3,Actor_12/03-01-04-02-02-02-12.wav,12,sad,train,3,same_emotion_blend_spectral_tilt_dropout,20260807
12_03-01-05-01-01-01-12_aug1,Actor_12/03-01-05-01-01-01-12.wav,12,angry,train,1,gain_shift_colored_noise,20260805
12_03-01-05-01-01-01-12_aug2,Actor_12/03-01-05-01-01-01-12.wav,12,angry,train,2,room_echo_smoothing_noise,20260806
12_03-01-05-01-01-01-12_aug3,Actor_12/03-01-05-01-01-01-12.wav,12,angry,train,3,same_emotion_blend_spectral_tilt_dropout,20260807
12_03-01-05-01-01-02-12_aug1,Actor_12/03-01-05-01-01-02-12.wav,12,angry,train,1,gain_shift_colored_noise,20260805
12_03-01-05-01-01-02-12_aug2,Actor_12/03-01-05-01-01-02-12.wav,12,angry,train,2,room_echo_smoothing_noise,20260806
12_03-01-05-01-01-02-12_aug3,Actor_12/03-01-05-01-01-02-12.wav,12,angry,train,3,same_emotion_blend_spectral_tilt_dropout,20260807
12_03-01-05-01-02-01-12_aug1,Actor_12/03-01-05-01-02-01-12.wav,12,angry,train,1,gain_shift_colored_noise,20260805
12_03-01-05-01-02-01-12_aug2,Actor_12/03-01-05-01-02-01-12.wav,12,angry,train,2,room_echo_smoothing_noise,20260806
12_03-01-05-01-02-01-12_aug3,Actor_12/03-01-05-01-02-01-12.wav,12,angry,train,3,same_emotion_blend_spectral_tilt_dropout,20260807
12_03-01-05-01-02-02-12_aug1,Actor_12/03-01-05-01-02-02-12.wav,12,angry,train,1,gain_shift_colored_noise,20260805
12_03-01-05-01-02-02-12_aug2,Actor_12/03-01-05-01-02-02-12.wav,12,angry,train,2,room_echo_smoothing_noise,20260806
12_03-01-05-01-02-02-12_aug3,Actor_12/03-01-05-01-02-02-12.wav,12,angry,train,3,same_emotion_blend_spectral_tilt_dropout,20260807
12_03-01-05-02-01-01-12_aug1,Actor_12/03-01-05-02-01-01-12.wav,12,angry,train,1,gain_shift_colored_noise,20260805
12_03-01-05-02-01-01-12_aug2,Actor_12/03-01-05-02-01-01-12.wav,12,angry,train,2,room_echo_smoothing_noise,20260806
12_03-01-05-02-01-01-12_aug3,Actor_12/03-01-05-02-01-01-12.wav,12,angry,train,3,same_emotion_blend_spectral_tilt_dropout,20260807
12_03-01-05-02-01-02-12_aug1,Actor_12/03-01-05-02-01-02-12.wav,12,angry,train,1,gain_shift_colored_noise,20260805
12_03-01-05-02-01-02-12_aug2,Actor_12/03-01-05-02-01-02-12.wav,12,angry,train,2,room_echo_smoothing_noise,20260806
12_03-01-05-02-01-02-12_aug3,Actor_12/03-01-05-02-01-02-12.wav,12,angry,train,3,same_emotion_blend_spectral_tilt_dropout,20260807
12_03-01-05-02-02-01-12_aug1,Actor_12/03-01-05-02-02-01-12.wav,12,angry,train,1,gain_shift_colored_noise,20260805
12_03-01-05-02-02-01-12_aug2,Actor_12/03-01-05-02-02-01-12.wav,12,angry,train,2,room_echo_smoothing_noise,20260806
12_03-01-05-02-02-01-12_aug3,Actor_12/03-01-05-02-02-01-12.wav,12,angry,train,3,same_emotion_blend_spectral_tilt_dropout,20260807
12_03-01-05-02-02-02-12_aug1,Actor_12/03-01-05-02-02-02-12.wav,12,angry,train,1,gain_shift_colored_noise,20260805
12_03-01-05-02-02-02-12_aug2,Actor_12/03-01-05-02-02-02-12.wav,12,angry,train,2,room_echo_smoothing_noise,20260806
12_03-01-05-02-02-02-12_aug3,Actor_12/03-01-05-02-02-02-12.wav,12,angry,train,3,same_emotion_blend_spectral_tilt_dropout,20260807
12_03-01-06-01-01-01-12_aug1,Actor_12/03-01-06-01-01-01-12.wav,12,fear,train,1,gain_shift_colored_noise,20260805
12_03-01-06-01-01-01-12_aug2,Actor_12/03-01-06-01-01-01-12.wav,12,fear,train,2,room_echo_smoothing_noise,20260806
12_03-01-06-01-01-01-12_aug3,Actor_12/03-01-06-01-01-01-12.wav,12,fear,train,3,same_emotion_blend_spectral_tilt_dropout,20260807
12_03-01-06-01-01-02-12_aug1,Actor_12/03-01-06-01-01-02-12.wav,12,fear,train,1,gain_shift_colored_noise,20260805
12_03-01-06-01-01-02-12_aug2,Actor_12/03-01-06-01-01-02-12.wav,12,fear,train,2,room_echo_smoothing_noise,20260806
12_03-01-06-01-01-02-12_aug3,Actor_12/03-01-06-01-01-02-12.wav,12,fear,train,3,same_emotion_blend_spectral_tilt_dropout,20260807
12_03-01-06-01-02-01-12_aug1,Actor_12/03-01-06-01-02-01-12.wav,12,fear,train,1,gain_shift_colored_noise,20260805
12_03-01-06-01-02-01-12_aug2,Actor_12/03-01-06-01-02-01-12.wav,12,fear,train,2,room_echo_smoothing_noise,20260806
12_03-01-06-01-02-01-12_aug3,Actor_12/03-01-06-01-02-01-12.wav,12,fear,train,3,same_emotion_blend_spectral_tilt_dropout,20260807
12_03-01-06-01-02-02-12_aug1,Actor_12/03-01-06-01-02-02-12.wav,12,fear,train,1,gain_shift_colored_noise,20260805
12_03-01-06-01-02-02-12_aug2,Actor_12/03-01-06-01-02-02-12.wav,12,fear,train,2,room_echo_smoothing_noise,20260806
12_03-01-06-01-02-02-12_aug3,Actor_12/03-01-06-01-02-02-12.wav,12,fear,train,3,same_emotion_blend_spectral_tilt_dropout,20260807
12_03-01-06-02-01-01-12_aug1,Actor_12/03-01-06-02-01-01-12.wav,12,fear,train,1,gain_shift_colored_noise,20260805
12_03-01-06-02-01-01-12_aug2,Actor_12/03-01-06-02-01-01-12.wav,12,fear,train,2,room_echo_smoothing_noise,20260806
12_03-01-06-02-01-01-12_aug3,Actor_12/03-01-06-02-01-01-12.wav,12,fear,train,3,same_emotion_blend_spectral_tilt_dropout,20260807
12_03-01-06-02-01-02-12_aug1,Actor_12/03-01-06-02-01-02-12.wav,12,fear,train,1,gain_shift_colored_noise,20260805
12_03-01-06-02-01-02-12_aug2,Actor_12/03-01-06-02-01-02-12.wav,12,fear,train,2,room_echo_smoothing_noise,20260806
12_03-01-06-02-01-02-12_aug3,Actor_12/03-01-06-02-01-02-12.wav,12,fear,train,3,same_emotion_blend_spectral_tilt_dropout,20260807
12_03-01-06-02-02-01-12_aug1,Actor_12/03-01-06-02-02-01-12.wav,12,fear,train,1,gain_shift_colored_noise,20260805
12_03-01-06-02-02-01-12_aug2,Actor_12/03-01-06-02-02-01-12.wav,12,fear,train,2,room_echo_smoothing_noise,20260806
12_03-01-06-02-02-01-12_aug3,Actor_12/03-01-06-02-02-01-12.wav,12,fear,train,3,same_emotion_blend_spectral_tilt_dropout,20260807
12_03-01-06-02-02-02-12_aug1,Actor_12/03-01-06-02-02-02-12.wav,12,fear,train,1,gain_shift_colored_noise,20260805
12_03-01-06-02-02-02-12_aug2,Actor_12/03-01-06-02-02-02-12.wav,12,fear,train,2,room_echo_smoothing_noise,20260806
12_03-01-06-02-02-02-12_aug3,Actor_12/03-01-06-02-02-02-12.wav,12,fear,train,3,same_emotion_blend_spectral_tilt_dropout,20260807
12_03-01-07-01-01-01-12_aug1,Actor_12/03-01-07-01-01-01-12.wav,12,disgust,train,1,gain_shift_colored_noise,20260805
12_03-01-07-01-01-01-12_aug2,Actor_12/03-01-07-01-01-01-12.wav,12,disgust,train,2,room_echo_smoothing_noise,20260806
12_03-01-07-01-01-01-12_aug3,Actor_12/03-01-07-01-01-01-12.wav,12,disgust,train,3,same_emotion_blend_spectral_tilt_dropout,20260807
12_03-01-07-01-01-02-12_aug1,Actor_12/03-01-07-01-01-02-12.wav,12,disgust,train,1,gain_shift_colored_noise,20260805
12_03-01-07-01-01-02-12_aug2,Actor_12/03-01-07-01-01-02-12.wav,12,disgust,train,2,room_echo_smoothing_noise,20260806
12_03-01-07-01-01-02-12_aug3,Actor_12/03-01-07-01-01-02-12.wav,12,disgust,train,3,same_emotion_blend_spectral_tilt_dropout,20260807
12_03-01-07-01-02-01-12_aug1,Actor_12/03-01-07-01-02-01-12.wav,12,disgust,train,1,gain_shift_colored_noise,20260805
12_03-01-07-01-02-01-12_aug2,Actor_12/03-01-07-01-02-01-12.wav,12,disgust,train,2,room_echo_smoothing_noise,20260806
12_03-01-07-01-02-01-12_aug3,Actor_12/03-01-07-01-02-01-12.wav,12,disgust,train,3,same_emotion_blend_spectral_tilt_dropout,20260807
12_03-01-07-01-02-02-12_aug1,Actor_12/03-01-07-01-02-02-12.wav,12,disgust,train,1,gain_shift_colored_noise,20260805
12_03-01-07-01-02-02-12_aug2,Actor_12/03-01-07-01-02-02-12.wav,12,disgust,train,2,room_echo_smoothing_noise,20260806
12_03-01-07-01-02-02-12_aug3,Actor_12/03-01-07-01-02-02-12.wav,12,disgust,train,3,same_emotion_blend_spectral_tilt_dropout,20260807
12_03-01-07-02-01-01-12_aug1,Actor_12/03-01-07-02-01-01-12.wav,12,disgust,train,1,gain_shift_colored_noise,20260805
12_03-01-07-02-01-01-12_aug2,Actor_12/03-01-07-02-01-01-12.wav,12,disgust,train,2,room_echo_smoothing_noise,20260806
12_03-01-07-02-01-01-12_aug3,Actor_12/03-01-07-02-01-01-12.wav,12,disgust,train,3,same_emotion_blend_spectral_tilt_dropout,20260807
12_03-01-07-02-01-02-12_aug1,Actor_12/03-01-07-02-01-02-12.wav,12,disgust,train,1,gain_shift_colored_noise,20260805
12_03-01-07-02-01-02-12_aug2,Actor_12/03-01-07-02-01-02-12.wav,12,disgust,train,2,room_echo_smoothing_noise,20260806
12_03-01-07-02-01-02-12_aug3,Actor_12/03-01-07-02-01-02-12.wav,12,disgust,train,3,same_emotion_blend_spectral_tilt_dropout,20260807
12_03-01-07-02-02-01-12_aug1,Actor_12/03-01-07-02-02-01-12.wav,12,disgust,train,1,gain_shift_colored_noise,20260805
12_03-01-07-02-02-01-12_aug2,Actor_12/03-01-07-02-02-01-12.wav,12,disgust,train,2,room_echo_smoothing_noise,20260806
12_03-01-07-02-02-01-12_aug3,Actor_12/03-01-07-02-02-01-12.wav,12,disgust,train,3,same_emotion_blend_spectral_tilt_dropout,20260807
12_03-01-07-02-02-02-12_aug1,Actor_12/03-01-07-02-02-02-12.wav,12,disgust,train,1,gain_shift_colored_noise,20260805
12_03-01-07-02-02-02-12_aug2,Actor_12/03-01-07-02-02-02-12.wav,12,disgust,train,2,room_echo_smoothing_noise,20260806
12_03-01-07-02-02-02-12_aug3,Actor_12/03-01-07-02-02-02-12.wav,12,disgust,train,3,same_emotion_blend_spectral_tilt_dropout,20260807
12_03-01-08-01-01-01-12_aug1,Actor_12/03-01-08-01-01-01-12.wav,12,surprise,train,1,gain_shift_colored_noise,20260805
12_03-01-08-01-01-01-12_aug2,Actor_12/03-01-08-01-01-01-12.wav,12,surprise,train,2,room_echo_smoothing_noise,20260806
12_03-01-08-01-01-01-12_aug3,Actor_12/03-01-08-01-01-01-12.wav,12,surprise,train,3,same_emotion_blend_spectral_tilt_dropout,20260807
12_03-01-08-01-01-02-12_aug1,Actor_12/03-01-08-01-01-02-12.wav,12,surprise,train,1,gain_shift_colored_noise,20260805
12_03-01-08-01-01-02-12_aug2,Actor_12/03-01-08-01-01-02-12.wav,12,surprise,train,2,room_echo_smoothing_noise,20260806
12_03-01-08-01-01-02-12_aug3,Actor_12/03-01-08-01-01-02-12.wav,12,surprise,train,3,same_emotion_blend_spectral_tilt_dropout,20260807
12_03-01-08-01-02-01-12_aug1,Actor_12/03-01-08-01-02-01-12.wav,12,surprise,train,1,gain_shift_colored_noise,20260805
12_03-01-08-01-02-01-12_aug2,Actor_12/03-01-08-01-02-01-12.wav,12,surprise,train,2,room_echo_smoothing_noise,20260806
12_03-01-08-01-02-01-12_aug3,Actor_12/03-01-08-01-02-01-12.wav,12,surprise,train,3,same_emotion_blend_spectral_tilt_dropout,20260807
12_03-01-08-01-02-02-12_aug1,Actor_12/03-01-08-01-02-02-12.wav,12,surprise,train,1,gain_shift_colored_noise,20260805
12_03-01-08-01-02-02-12_aug2,Actor_12/03-01-08-01-02-02-12.wav,12,surprise,train,2,room_echo_smoothing_noise,20260806
12_03-01-08-01-02-02-12_aug3,Actor_12/03-01-08-01-02-02-12.wav,12,surprise,train,3,same_emotion_blend_spectral_tilt_dropout,20260807
12_03-01-08-02-01-01-12_aug1,Actor_12/03-01-08-02-01-01-12.wav,12,surprise,train,1,gain_shift_colored_noise,20260805
12_03-01-08-02-01-01-12_aug2,Actor_12/03-01-08-02-01-01-12.wav,12,surprise,train,2,room_echo_smoothing_noise,20260806
12_03-01-08-02-01-01-12_aug3,Actor_12/03-01-08-02-01-01-12.wav,12,surprise,train,3,same_emotion_blend_spectral_tilt_dropout,20260807
12_03-01-08-02-01-02-12_aug1,Actor_12/03-01-08-02-01-02-12.wav,12,surprise,train,1,gain_shift_colored_noise,20260805
12_03-01-08-02-01-02-12_aug2,Actor_12/03-01-08-02-01-02-12.wav,12,surprise,train,2,room_echo_smoothing_noise,20260806
12_03-01-08-02-01-02-12_aug3,Actor_12/03-01-08-02-01-02-12.wav,12,surprise,train,3,same_emotion_blend_spectral_tilt_dropout,20260807
12_03-01-08-02-02-01-12_aug1,Actor_12/03-01-08-02-02-01-12.wav,12,surprise,train,1,gain_shift_colored_noise,20260805
12_03-01-08-02-02-01-12_aug2,Actor_12/03-01-08-02-02-01-12.wav,12,surprise,train,2,room_echo_smoothing_noise,20260806
12_03-01-08-02-02-01-12_aug3,Actor_12/03-01-08-02-02-01-12.wav,12,surprise,train,3,same_emotion_blend_spectral_tilt_dropout,20260807
12_03-01-08-02-02-02-12_aug1,Actor_12/03-01-08-02-02-02-12.wav,12,surprise,train,1,gain_shift_colored_noise,20260805
12_03-01-08-02-02-02-12_aug2,Actor_12/03-01-08-02-02-02-12.wav,12,surprise,train,2,room_echo_smoothing_noise,20260806
12_03-01-08-02-02-02-12_aug3,Actor_12/03-01-08-02-02-02-12.wav,12,surprise,train,3,same_emotion_blend_spectral_tilt_dropout,20260807
13_03-01-01-01-01-01-13_aug1,Actor_13/03-01-01-01-01-01-13.wav,13,neutral,train,1,gain_shift_colored_noise,20260805
13_03-01-01-01-01-01-13_aug2,Actor_13/03-01-01-01-01-01-13.wav,13,neutral,train,2,room_echo_smoothing_noise,20260806
13_03-01-01-01-01-01-13_aug3,Actor_13/03-01-01-01-01-01-13.wav,13,neutral,train,3,same_emotion_blend_spectral_tilt_dropout,20260807
13_03-01-01-01-01-02-13_aug1,Actor_13/03-01-01-01-01-02-13.wav,13,neutral,train,1,gain_shift_colored_noise,20260805
13_03-01-01-01-01-02-13_aug2,Actor_13/03-01-01-01-01-02-13.wav,13,neutral,train,2,room_echo_smoothing_noise,20260806
13_03-01-01-01-01-02-13_aug3,Actor_13/03-01-01-01-01-02-13.wav,13,neutral,train,3,same_emotion_blend_spectral_tilt_dropout,20260807
13_03-01-01-01-02-01-13_aug1,Actor_13/03-01-01-01-02-01-13.wav,13,neutral,train,1,gain_shift_colored_noise,20260805
13_03-01-01-01-02-01-13_aug2,Actor_13/03-01-01-01-02-01-13.wav,13,neutral,train,2,room_echo_smoothing_noise,20260806
13_03-01-01-01-02-01-13_aug3,Actor_13/03-01-01-01-02-01-13.wav,13,neutral,train,3,same_emotion_blend_spectral_tilt_dropout,20260807
13_03-01-01-01-02-02-13_aug1,Actor_13/03-01-01-01-02-02-13.wav,13,neutral,train,1,gain_shift_colored_noise,20260805
13_03-01-01-01-02-02-13_aug2,Actor_13/03-01-01-01-02-02-13.wav,13,neutral,train,2,room_echo_smoothing_noise,20260806
13_03-01-01-01-02-02-13_aug3,Actor_13/03-01-01-01-02-02-13.wav,13,neutral,train,3,same_emotion_blend_spectral_tilt_dropout,20260807
13_03-01-02-01-01-01-13_aug1,Actor_13/03-01-02-01-01-01-13.wav,13,neutral,train,1,gain_shift_colored_noise,20260805
13_03-01-02-01-01-01-13_aug2,Actor_13/03-01-02-01-01-01-13.wav,13,neutral,train,2,room_echo_smoothing_noise,20260806
13_03-01-02-01-01-01-13_aug3,Actor_13/03-01-02-01-01-01-13.wav,13,neutral,train,3,same_emotion_blend_spectral_tilt_dropout,20260807
13_03-01-02-01-01-02-13_aug1,Actor_13/03-01-02-01-01-02-13.wav,13,neutral,train,1,gain_shift_colored_noise,20260805
13_03-01-02-01-01-02-13_aug2,Actor_13/03-01-02-01-01-02-13.wav,13,neutral,train,2,room_echo_smoothing_noise,20260806
13_03-01-02-01-01-02-13_aug3,Actor_13/03-01-02-01-01-02-13.wav,13,neutral,train,3,same_emotion_blend_spectral_tilt_dropout,20260807
13_03-01-02-01-02-01-13_aug1,Actor_13/03-01-02-01-02-01-13.wav,13,neutral,train,1,gain_shift_colored_noise,20260805
13_03-01-02-01-02-01-13_aug2,Actor_13/03-01-02-01-02-01-13.wav,13,neutral,train,2,room_echo_smoothing_noise,20260806
13_03-01-02-01-02-01-13_aug3,Actor_13/03-01-02-01-02-01-13.wav,13,neutral,train,3,same_emotion_blend_spectral_tilt_dropout,20260807
13_03-01-02-01-02-02-13_aug1,Actor_13/03-01-02-01-02-02-13.wav,13,neutral,train,1,gain_shift_colored_noise,20260805
13_03-01-02-01-02-02-13_aug2,Actor_13/03-01-02-01-02-02-13.wav,13,neutral,train,2,room_echo_smoothing_noise,20260806
13_03-01-02-01-02-02-13_aug3,Actor_13/03-01-02-01-02-02-13.wav,13,neutral,train,3,same_emotion_blend_spectral_tilt_dropout,20260807
13_03-01-02-02-01-01-13_aug1,Actor_13/03-01-02-02-01-01-13.wav,13,neutral,train,1,gain_shift_colored_noise,20260805
13_03-01-02-02-01-01-13_aug2,Actor_13/03-01-02-02-01-01-13.wav,13,neutral,train,2,room_echo_smoothing_noise,20260806
13_03-01-02-02-01-01-13_aug3,Actor_13/03-01-02-02-01-01-13.wav,13,neutral,train,3,same_emotion_blend_spectral_tilt_dropout,20260807
13_03-01-02-02-01-02-13_aug1,Actor_13/03-01-02-02-01-02-13.wav,13,neutral,train,1,gain_shift_colored_noise,20260805
13_03-01-02-02-01-02-13_aug2,Actor_13/03-01-02-02-01-02-13.wav,13,neutral,train,2,room_echo_smoothing_noise,20260806
13_03-01-02-02-01-02-13_aug3,Actor_13/03-01-02-02-01-02-13.wav,13,neutral,train,3,same_emotion_blend_spectral_tilt_dropout,20260807
13_03-01-02-02-02-01-13_aug1,Actor_13/03-01-02-02-02-01-13.wav,13,neutral,train,1,gain_shift_colored_noise,20260805
13_03-01-02-02-02-01-13_aug2,Actor_13/03-01-02-02-02-01-13.wav,13,neutral,train,2,room_echo_smoothing_noise,20260806
13_03-01-02-02-02-01-13_aug3,Actor_13/03-01-02-02-02-01-13.wav,13,neutral,train,3,same_emotion_blend_spectral_tilt_dropout,20260807
13_03-01-02-02-02-02-13_aug1,Actor_13/03-01-02-02-02-02-13.wav,13,neutral,train,1,gain_shift_colored_noise,20260805
13_03-01-02-02-02-02-13_aug2,Actor_13/03-01-02-02-02-02-13.wav,13,neutral,train,2,room_echo_smoothing_noise,20260806
13_03-01-02-02-02-02-13_aug3,Actor_13/03-01-02-02-02-02-13.wav,13,neutral,train,3,same_emotion_blend_spectral_tilt_dropout,20260807
13_03-01-03-01-01-01-13_aug1,Actor_13/03-01-03-01-01-01-13.wav,13,happy,train,1,gain_shift_colored_noise,20260805
13_03-01-03-01-01-01-13_aug2,Actor_13/03-01-03-01-01-01-13.wav,13,happy,train,2,room_echo_smoothing_noise,20260806
13_03-01-03-01-01-01-13_aug3,Actor_13/03-01-03-01-01-01-13.wav,13,happy,train,3,same_emotion_blend_spectral_tilt_dropout,20260807
13_03-01-03-01-01-02-13_aug1,Actor_13/03-01-03-01-01-02-13.wav,13,happy,train,1,gain_shift_colored_noise,20260805
13_03-01-03-01-01-02-13_aug2,Actor_13/03-01-03-01-01-02-13.wav,13,happy,train,2,room_echo_smoothing_noise,20260806
13_03-01-03-01-01-02-13_aug3,Actor_13/03-01-03-01-01-02-13.wav,13,happy,train,3,same_emotion_blend_spectral_tilt_dropout,20260807
13_03-01-03-01-02-01-13_aug1,Actor_13/03-01-03-01-02-01-13.wav,13,happy,train,1,gain_shift_colored_noise,20260805
13_03-01-03-01-02-01-13_aug2,Actor_13/03-01-03-01-02-01-13.wav,13,happy,train,2,room_echo_smoothing_noise,20260806
13_03-01-03-01-02-01-13_aug3,Actor_13/03-01-03-01-02-01-13.wav,13,happy,train,3,same_emotion_blend_spectral_tilt_dropout,20260807
13_03-01-03-01-02-02-13_aug1,Actor_13/03-01-03-01-02-02-13.wav,13,happy,train,1,gain_shift_colored_noise,20260805
13_03-01-03-01-02-02-13_aug2,Actor_13/03-01-03-01-02-02-13.wav,13,happy,train,2,room_echo_smoothing_noise,20260806
13_03-01-03-01-02-02-13_aug3,Actor_13/03-01-03-01-02-02-13.wav,13,happy,train,3,same_emotion_blend_spectral_tilt_dropout,20260807
13_03-01-03-02-01-01-13_aug1,Actor_13/03-01-03-02-01-01-13.wav,13,happy,train,1,gain_shift_colored_noise,20260805
13_03-01-03-02-01-01-13_aug2,Actor_13/03-01-03-02-01-01-13.wav,13,happy,train,2,room_echo_smoothing_noise,20260806
13_03-01-03-02-01-01-13_aug3,Actor_13/03-01-03-02-01-01-13.wav,13,happy,train,3,same_emotion_blend_spectral_tilt_dropout,20260807
13_03-01-03-02-01-02-13_aug1,Actor_13/03-01-03-02-01-02-13.wav,13,happy,train,1,gain_shift_colored_noise,20260805
13_03-01-03-02-01-02-13_aug2,Actor_13/03-01-03-02-01-02-13.wav,13,happy,train,2,room_echo_smoothing_noise,20260806
13_03-01-03-02-01-02-13_aug3,Actor_13/03-01-03-02-01-02-13.wav,13,happy,train,3,same_emotion_blend_spectral_tilt_dropout,20260807
13_03-01-03-02-02-01-13_aug1,Actor_13/03-01-03-02-02-01-13.wav,13,happy,train,1,gain_shift_colored_noise,20260805
13_03-01-03-02-02-01-13_aug2,Actor_13/03-01-03-02-02-01-13.wav,13,happy,train,2,room_echo_smoothing_noise,20260806
13_03-01-03-02-02-01-13_aug3,Actor_13/03-01-03-02-02-01-13.wav,13,happy,train,3,same_emotion_blend_spectral_tilt_dropout,20260807
13_03-01-03-02-02-02-13_aug1,Actor_13/03-01-03-02-02-02-13.wav,13,happy,train,1,gain_shift_colored_noise,20260805
13_03-01-03-02-02-02-13_aug2,Actor_13/03-01-03-02-02-02-13.wav,13,happy,train,2,room_echo_smoothing_noise,20260806
13_03-01-03-02-02-02-13_aug3,Actor_13/03-01-03-02-02-02-13.wav,13,happy,train,3,same_emotion_blend_spectral_tilt_dropout,20260807
13_03-01-04-01-01-01-13_aug1,Actor_13/03-01-04-01-01-01-13.wav,13,sad,train,1,gain_shift_colored_noise,20260805
13_03-01-04-01-01-01-13_aug2,Actor_13/03-01-04-01-01-01-13.wav,13,sad,train,2,room_echo_smoothing_noise,20260806
13_03-01-04-01-01-01-13_aug3,Actor_13/03-01-04-01-01-01-13.wav,13,sad,train,3,same_emotion_blend_spectral_tilt_dropout,20260807
13_03-01-04-01-01-02-13_aug1,Actor_13/03-01-04-01-01-02-13.wav,13,sad,train,1,gain_shift_colored_noise,20260805
13_03-01-04-01-01-02-13_aug2,Actor_13/03-01-04-01-01-02-13.wav,13,sad,train,2,room_echo_smoothing_noise,20260806
13_03-01-04-01-01-02-13_aug3,Actor_13/03-01-04-01-01-02-13.wav,13,sad,train,3,same_emotion_blend_spectral_tilt_dropout,20260807
13_03-01-04-01-02-01-13_aug1,Actor_13/03-01-04-01-02-01-13.wav,13,sad,train,1,gain_shift_colored_noise,20260805
13_03-01-04-01-02-01-13_aug2,Actor_13/03-01-04-01-02-01-13.wav,13,sad,train,2,room_echo_smoothing_noise,20260806
13_03-01-04-01-02-01-13_aug3,Actor_13/03-01-04-01-02-01-13.wav,13,sad,train,3,same_emotion_blend_spectral_tilt_dropout,20260807
13_03-01-04-01-02-02-13_aug1,Actor_13/03-01-04-01-02-02-13.wav,13,sad,train,1,gain_shift_colored_noise,20260805
13_03-01-04-01-02-02-13_aug2,Actor_13/03-01-04-01-02-02-13.wav,13,sad,train,2,room_echo_smoothing_noise,20260806
13_03-01-04-01-02-02-13_aug3,Actor_13/03-01-04-01-02-02-13.wav,13,sad,train,3,same_emotion_blend_spectral_tilt_dropout,20260807
13_03-01-04-02-01-01-13_aug1,Actor_13/03-01-04-02-01-01-13.wav,13,sad,train,1,gain_shift_colored_noise,20260805
13_03-01-04-02-01-01-13_aug2,Actor_13/03-01-04-02-01-01-13.wav,13,sad,train,2,room_echo_smoothing_noise,20260806
13_03-01-04-02-01-01-13_aug3,Actor_13/03-01-04-02-01-01-13.wav,13,sad,train,3,same_emotion_blend_spectral_tilt_dropout,20260807
13_03-01-04-02-01-02-13_aug1,Actor_13/03-01-04-02-01-02-13.wav,13,sad,train,1,gain_shift_colored_noise,20260805
13_03-01-04-02-01-02-13_aug2,Actor_13/03-01-04-02-01-02-13.wav,13,sad,train,2,room_echo_smoothing_noise,20260806
13_03-01-04-02-01-02-13_aug3,Actor_13/03-01-04-02-01-02-13.wav,13,sad,train,3,same_emotion_blend_spectral_tilt_dropout,20260807
13_03-01-04-02-02-01-13_aug1,Actor_13/03-01-04-02-02-01-13.wav,13,sad,train,1,gain_shift_colored_noise,20260805
13_03-01-04-02-02-01-13_aug2,Actor_13/03-01-04-02-02-01-13.wav,13,sad,train,2,room_echo_smoothing_noise,20260806
13_03-01-04-02-02-01-13_aug3,Actor_13/03-01-04-02-02-01-13.wav,13,sad,train,3,same_emotion_blend_spectral_tilt_dropout,20260807
13_03-01-04-02-02-02-13_aug1,Actor_13/03-01-04-02-02-02-13.wav,13,sad,train,1,gain_shift_colored_noise,20260805
13_03-01-04-02-02-02-13_aug2,Actor_13/03-01-04-02-02-02-13.wav,13,sad,train,2,room_echo_smoothing_noise,20260806
13_03-01-04-02-02-02-13_aug3,Actor_13/03-01-04-02-02-02-13.wav,13,sad,train,3,same_emotion_blend_spectral_tilt_dropout,20260807
13_03-01-05-01-01-01-13_aug1,Actor_13/03-01-05-01-01-01-13.wav,13,angry,train,1,gain_shift_colored_noise,20260805
13_03-01-05-01-01-01-13_aug2,Actor_13/03-01-05-01-01-01-13.wav,13,angry,train,2,room_echo_smoothing_noise,20260806
13_03-01-05-01-01-01-13_aug3,Actor_13/03-01-05-01-01-01-13.wav,13,angry,train,3,same_emotion_blend_spectral_tilt_dropout,20260807
13_03-01-05-01-01-02-13_aug1,Actor_13/03-01-05-01-01-02-13.wav,13,angry,train,1,gain_shift_colored_noise,20260805
13_03-01-05-01-01-02-13_aug2,Actor_13/03-01-05-01-01-02-13.wav,13,angry,train,2,room_echo_smoothing_noise,20260806
13_03-01-05-01-01-02-13_aug3,Actor_13/03-01-05-01-01-02-13.wav,13,angry,train,3,same_emotion_blend_spectral_tilt_dropout,20260807
13_03-01-05-01-02-01-13_aug1,Actor_13/03-01-05-01-02-01-13.wav,13,angry,train,1,gain_shift_colored_noise,20260805
13_03-01-05-01-02-01-13_aug2,Actor_13/03-01-05-01-02-01-13.wav,13,angry,train,2,room_echo_smoothing_noise,20260806
13_03-01-05-01-02-01-13_aug3,Actor_13/03-01-05-01-02-01-13.wav,13,angry,train,3,same_emotion_blend_spectral_tilt_dropout,20260807
13_03-01-05-01-02-02-13_aug1,Actor_13/03-01-05-01-02-02-13.wav,13,angry,train,1,gain_shift_colored_noise,20260805
13_03-01-05-01-02-02-13_aug2,Actor_13/03-01-05-01-02-02-13.wav,13,angry,train,2,room_echo_smoothing_noise,20260806
13_03-01-05-01-02-02-13_aug3,Actor_13/03-01-05-01-02-02-13.wav,13,angry,train,3,same_emotion_blend_spectral_tilt_dropout,20260807
13_03-01-05-02-01-01-13_aug1,Actor_13/03-01-05-02-01-01-13.wav,13,angry,train,1,gain_shift_colored_noise,20260805
13_03-01-05-02-01-01-13_aug2,Actor_13/03-01-05-02-01-01-13.wav,13,angry,train,2,room_echo_smoothing_noise,20260806
13_03-01-05-02-01-01-13_aug3,Actor_13/03-01-05-02-01-01-13.wav,13,angry,train,3,same_emotion_blend_spectral_tilt_dropout,20260807
13_03-01-05-02-01-02-13_aug1,Actor_13/03-01-05-02-01-02-13.wav,13,angry,train,1,gain_shift_colored_noise,20260805
13_03-01-05-02-01-02-13_aug2,Actor_13/03-01-05-02-01-02-13.wav,13,angry,train,2,room_echo_smoothing_noise,20260806
13_03-01-05-02-01-02-13_aug3,Actor_13/03-01-05-02-01-02-13.wav,13,angry,train,3,same_emotion_blend_spectral_tilt_dropout,20260807
13_03-01-05-02-02-01-13_aug1,Actor_13/03-01-05-02-02-01-13.wav,13,angry,train,1,gain_shift_colored_noise,20260805
13_03-01-05-02-02-01-13_aug2,Actor_13/03-01-05-02-02-01-13.wav,13,angry,train,2,room_echo_smoothing_noise,20260806
13_03-01-05-02-02-01-13_aug3,Actor_13/03-01-05-02-02-01-13.wav,13,angry,train,3,same_emotion_blend_spectral_tilt_dropout,20260807
13_03-01-05-02-02-02-13_aug1,Actor_13/03-01-05-02-02-02-13.wav,13,angry,train,1,gain_shift_colored_noise,20260805
13_03-01-05-02-02-02-13_aug2,Actor_13/03-01-05-02-02-02-13.wav,13,angry,train,2,room_echo_smoothing_noise,20260806
13_03-01-05-02-02-02-13_aug3,Actor_13/03-01-05-02-02-02-13.wav,13,angry,train,3,same_emotion_blend_spectral_tilt_dropout,20260807
13_03-01-06-01-01-01-13_aug1,Actor_13/03-01-06-01-01-01-13.wav,13,fear,train,1,gain_shift_colored_noise,20260805
13_03-01-06-01-01-01-13_aug2,Actor_13/03-01-06-01-01-01-13.wav,13,fear,train,2,room_echo_smoothing_noise,20260806
13_03-01-06-01-01-01-13_aug3,Actor_13/03-01-06-01-01-01-13.wav,13,fear,train,3,same_emotion_blend_spectral_tilt_dropout,20260807
13_03-01-06-01-01-02-13_aug1,Actor_13/03-01-06-01-01-02-13.wav,13,fear,train,1,gain_shift_colored_noise,20260805
13_03-01-06-01-01-02-13_aug2,Actor_13/03-01-06-01-01-02-13.wav,13,fear,train,2,room_echo_smoothing_noise,20260806
13_03-01-06-01-01-02-13_aug3,Actor_13/03-01-06-01-01-02-13.wav,13,fear,train,3,same_emotion_blend_spectral_tilt_dropout,20260807
13_03-01-06-01-02-01-13_aug1,Actor_13/03-01-06-01-02-01-13.wav,13,fear,train,1,gain_shift_colored_noise,20260805
13_03-01-06-01-02-01-13_aug2,Actor_13/03-01-06-01-02-01-13.wav,13,fear,train,2,room_echo_smoothing_noise,20260806
13_03-01-06-01-02-01-13_aug3,Actor_13/03-01-06-01-02-01-13.wav,13,fear,train,3,same_emotion_blend_spectral_tilt_dropout,20260807
13_03-01-06-01-02-02-13_aug1,Actor_13/03-01-06-01-02-02-13.wav,13,fear,train,1,gain_shift_colored_noise,20260805
13_03-01-06-01-02-02-13_aug2,Actor_13/03-01-06-01-02-02-13.wav,13,fear,train,2,room_echo_smoothing_noise,20260806
13_03-01-06-01-02-02-13_aug3,Actor_13/03-01-06-01-02-02-13.wav,13,fear,train,3,same_emotion_blend_spectral_tilt_dropout,20260807
13_03-01-06-02-01-01-13_aug1,Actor_13/03-01-06-02-01-01-13.wav,13,fear,train,1,gain_shift_colored_noise,20260805
13_03-01-06-02-01-01-13_aug2,Actor_13/03-01-06-02-01-01-13.wav,13,fear,train,2,room_echo_smoothing_noise,20260806
13_03-01-06-02-01-01-13_aug3,Actor_13/03-01-06-02-01-01-13.wav,13,fear,train,3,same_emotion_blend_spectral_tilt_dropout,20260807
13_03-01-06-02-01-02-13_aug1,Actor_13/03-01-06-02-01-02-13.wav,13,fear,train,1,gain_shift_colored_noise,20260805
13_03-01-06-02-01-02-13_aug2,Actor_13/03-01-06-02-01-02-13.wav,13,fear,train,2,room_echo_smoothing_noise,20260806
13_03-01-06-02-01-02-13_aug3,Actor_13/03-01-06-02-01-02-13.wav,13,fear,train,3,same_emotion_blend_spectral_tilt_dropout,20260807
13_03-01-06-02-02-01-13_aug1,Actor_13/03-01-06-02-02-01-13.wav,13,fear,train,1,gain_shift_colored_noise,20260805
13_03-01-06-02-02-01-13_aug2,Actor_13/03-01-06-02-02-01-13.wav,13,fear,train,2,room_echo_smoothing_noise,20260806
13_03-01-06-02-02-01-13_aug3,Actor_13/03-01-06-02-02-01-13.wav,13,fear,train,3,same_emotion_blend_spectral_tilt_dropout,20260807
13_03-01-06-02-02-02-13_aug1,Actor_13/03-01-06-02-02-02-13.wav,13,fear,train,1,gain_shift_colored_noise,20260805
13_03-01-06-02-02-02-13_aug2,Actor_13/03-01-06-02-02-02-13.wav,13,fear,train,2,room_echo_smoothing_noise,20260806
13_03-01-06-02-02-02-13_aug3,Actor_13/03-01-06-02-02-02-13.wav,13,fear,train,3,same_emotion_blend_spectral_tilt_dropout,20260807
13_03-01-07-01-01-01-13_aug1,Actor_13/03-01-07-01-01-01-13.wav,13,disgust,train,1,gain_shift_colored_noise,20260805
13_03-01-07-01-01-01-13_aug2,Actor_13/03-01-07-01-01-01-13.wav,13,disgust,train,2,room_echo_smoothing_noise,20260806
13_03-01-07-01-01-01-13_aug3,Actor_13/03-01-07-01-01-01-13.wav,13,disgust,train,3,same_emotion_blend_spectral_tilt_dropout,20260807
13_03-01-07-01-01-02-13_aug1,Actor_13/03-01-07-01-01-02-13.wav,13,disgust,train,1,gain_shift_colored_noise,20260805
13_03-01-07-01-01-02-13_aug2,Actor_13/03-01-07-01-01-02-13.wav,13,disgust,train,2,room_echo_smoothing_noise,20260806
13_03-01-07-01-01-02-13_aug3,Actor_13/03-01-07-01-01-02-13.wav,13,disgust,train,3,same_emotion_blend_spectral_tilt_dropout,20260807
13_03-01-07-01-02-01-13_aug1,Actor_13/03-01-07-01-02-01-13.wav,13,disgust,train,1,gain_shift_colored_noise,20260805
13_03-01-07-01-02-01-13_aug2,Actor_13/03-01-07-01-02-01-13.wav,13,disgust,train,2,room_echo_smoothing_noise,20260806
13_03-01-07-01-02-01-13_aug3,Actor_13/03-01-07-01-02-01-13.wav,13,disgust,train,3,same_emotion_blend_spectral_tilt_dropout,20260807
13_03-01-07-01-02-02-13_aug1,Actor_13/03-01-07-01-02-02-13.wav,13,disgust,train,1,gain_shift_colored_noise,20260805
13_03-01-07-01-02-02-13_aug2,Actor_13/03-01-07-01-02-02-13.wav,13,disgust,train,2,room_echo_smoothing_noise,20260806
13_03-01-07-01-02-02-13_aug3,Actor_13/03-01-07-01-02-02-13.wav,13,disgust,train,3,same_emotion_blend_spectral_tilt_dropout,20260807
13_03-01-07-02-01-01-13_aug1,Actor_13/03-01-07-02-01-01-13.wav,13,disgust,train,1,gain_shift_colored_noise,20260805
13_03-01-07-02-01-01-13_aug2,Actor_13/03-01-07-02-01-01-13.wav,13,disgust,train,2,room_echo_smoothing_noise,20260806
13_03-01-07-02-01-01-13_aug3,Actor_13/03-01-07-02-01-01-13.wav,13,disgust,train,3,same_emotion_blend_spectral_tilt_dropout,20260807
13_03-01-07-02-01-02-13_aug1,Actor_13/03-01-07-02-01-02-13.wav,13,disgust,train,1,gain_shift_colored_noise,20260805
13_03-01-07-02-01-02-13_aug2,Actor_13/03-01-07-02-01-02-13.wav,13,disgust,train,2,room_echo_smoothing_noise,20260806
13_03-01-07-02-01-02-13_aug3,Actor_13/03-01-07-02-01-02-13.wav,13,disgust,train,3,same_emotion_blend_spectral_tilt_dropout,20260807
13_03-01-07-02-02-01-13_aug1,Actor_13/03-01-07-02-02-01-13.wav,13,disgust,train,1,gain_shift_colored_noise,20260805
13_03-01-07-02-02-01-13_aug2,Actor_13/03-01-07-02-02-01-13.wav,13,disgust,train,2,room_echo_smoothing_noise,20260806
13_03-01-07-02-02-01-13_aug3,Actor_13/03-01-07-02-02-01-13.wav,13,disgust,train,3,same_emotion_blend_spectral_tilt_dropout,20260807
13_03-01-07-02-02-02-13_aug1,Actor_13/03-01-07-02-02-02-13.wav,13,disgust,train,1,gain_shift_colored_noise,20260805
13_03-01-07-02-02-02-13_aug2,Actor_13/03-01-07-02-02-02-13.wav,13,disgust,train,2,room_echo_smoothing_noise,20260806
13_03-01-07-02-02-02-13_aug3,Actor_13/03-01-07-02-02-02-13.wav,13,disgust,train,3,same_emotion_blend_spectral_tilt_dropout,20260807
13_03-01-08-01-01-01-13_aug1,Actor_13/03-01-08-01-01-01-13.wav,13,surprise,train,1,gain_shift_colored_noise,20260805
13_03-01-08-01-01-01-13_aug2,Actor_13/03-01-08-01-01-01-13.wav,13,surprise,train,2,room_echo_smoothing_noise,20260806
13_03-01-08-01-01-01-13_aug3,Actor_13/03-01-08-01-01-01-13.wav,13,surprise,train,3,same_emotion_blend_spectral_tilt_dropout,20260807
13_03-01-08-01-01-02-13_aug1,Actor_13/03-01-08-01-01-02-13.wav,13,surprise,train,1,gain_shift_colored_noise,20260805
13_03-01-08-01-01-02-13_aug2,Actor_13/03-01-08-01-01-02-13.wav,13,surprise,train,2,room_echo_smoothing_noise,20260806
13_03-01-08-01-01-02-13_aug3,Actor_13/03-01-08-01-01-02-13.wav,13,surprise,train,3,same_emotion_blend_spectral_tilt_dropout,20260807
13_03-01-08-01-02-01-13_aug1,Actor_13/03-01-08-01-02-01-13.wav,13,surprise,train,1,gain_shift_colored_noise,20260805
13_03-01-08-01-02-01-13_aug2,Actor_13/03-01-08-01-02-01-13.wav,13,surprise,train,2,room_echo_smoothing_noise,20260806
13_03-01-08-01-02-01-13_aug3,Actor_13/03-01-08-01-02-01-13.wav,13,surprise,train,3,same_emotion_blend_spectral_tilt_dropout,20260807
13_03-01-08-01-02-02-13_aug1,Actor_13/03-01-08-01-02-02-13.wav,13,surprise,train,1,gain_shift_colored_noise,20260805
13_03-01-08-01-02-02-13_aug2,Actor_13/03-01-08-01-02-02-13.wav,13,surprise,train,2,room_echo_smoothing_noise,20260806
13_03-01-08-01-02-02-13_aug3,Actor_13/03-01-08-01-02-02-13.wav,13,surprise,train,3,same_emotion_blend_spectral_tilt_dropout,20260807
13_03-01-08-02-01-01-13_aug1,Actor_13/03-01-08-02-01-01-13.wav,13,surprise,train,1,gain_shift_colored_noise,20260805
13_03-01-08-02-01-01-13_aug2,Actor_13/03-01-08-02-01-01-13.wav,13,surprise,train,2,room_echo_smoothing_noise,20260806
13_03-01-08-02-01-01-13_aug3,Actor_13/03-01-08-02-01-01-13.wav,13,surprise,train,3,same_emotion_blend_spectral_tilt_dropout,20260807
13_03-01-08-02-01-02-13_aug1,Actor_13/03-01-08-02-01-02-13.wav,13,surprise,train,1,gain_shift_colored_noise,20260805
13_03-01-08-02-01-02-13_aug2,Actor_13/03-01-08-02-01-02-13.wav,13,surprise,train,2,room_echo_smoothing_noise,20260806
13_03-01-08-02-01-02-13_aug3,Actor_13/03-01-08-02-01-02-13.wav,13,surprise,train,3,same_emotion_blend_spectral_tilt_dropout,20260807
13_03-01-08-02-02-01-13_aug1,Actor_13/03-01-08-02-02-01-13.wav,13,surprise,train,1,gain_shift_colored_noise,20260805
13_03-01-08-02-02-01-13_aug2,Actor_13/03-01-08-02-02-01-13.wav,13,surprise,train,2,room_echo_smoothing_noise,20260806
13_03-01-08-02-02-01-13_aug3,Actor_13/03-01-08-02-02-01-13.wav,13,surprise,train,3,same_emotion_blend_spectral_tilt_dropout,20260807
13_03-01-08-02-02-02-13_aug1,Actor_13/03-01-08-02-02-02-13.wav,13,surprise,train,1,gain_shift_colored_noise,20260805
13_03-01-08-02-02-02-13_aug2,Actor_13/03-01-08-02-02-02-13.wav,13,surprise,train,2,room_echo_smoothing_noise,20260806
13_03-01-08-02-02-02-13_aug3,Actor_13/03-01-08-02-02-02-13.wav,13,surprise,train,3,same_emotion_blend_spectral_tilt_dropout,20260807
14_03-01-01-01-01-01-14_aug1,Actor_14/03-01-01-01-01-01-14.wav,14,neutral,train,1,gain_shift_colored_noise,20260805
14_03-01-01-01-01-01-14_aug2,Actor_14/03-01-01-01-01-01-14.wav,14,neutral,train,2,room_echo_smoothing_noise,20260806
14_03-01-01-01-01-01-14_aug3,Actor_14/03-01-01-01-01-01-14.wav,14,neutral,train,3,same_emotion_blend_spectral_tilt_dropout,20260807
14_03-01-01-01-01-02-14_aug1,Actor_14/03-01-01-01-01-02-14.wav,14,neutral,train,1,gain_shift_colored_noise,20260805
14_03-01-01-01-01-02-14_aug2,Actor_14/03-01-01-01-01-02-14.wav,14,neutral,train,2,room_echo_smoothing_noise,20260806
14_03-01-01-01-01-02-14_aug3,Actor_14/03-01-01-01-01-02-14.wav,14,neutral,train,3,same_emotion_blend_spectral_tilt_dropout,20260807
14_03-01-01-01-02-01-14_aug1,Actor_14/03-01-01-01-02-01-14.wav,14,neutral,train,1,gain_shift_colored_noise,20260805
14_03-01-01-01-02-01-14_aug2,Actor_14/03-01-01-01-02-01-14.wav,14,neutral,train,2,room_echo_smoothing_noise,20260806
14_03-01-01-01-02-01-14_aug3,Actor_14/03-01-01-01-02-01-14.wav,14,neutral,train,3,same_emotion_blend_spectral_tilt_dropout,20260807
14_03-01-01-01-02-02-14_aug1,Actor_14/03-01-01-01-02-02-14.wav,14,neutral,train,1,gain_shift_colored_noise,20260805
14_03-01-01-01-02-02-14_aug2,Actor_14/03-01-01-01-02-02-14.wav,14,neutral,train,2,room_echo_smoothing_noise,20260806
14_03-01-01-01-02-02-14_aug3,Actor_14/03-01-01-01-02-02-14.wav,14,neutral,train,3,same_emotion_blend_spectral_tilt_dropout,20260807
14_03-01-02-01-01-01-14_aug1,Actor_14/03-01-02-01-01-01-14.wav,14,neutral,train,1,gain_shift_colored_noise,20260805
14_03-01-02-01-01-01-14_aug2,Actor_14/03-01-02-01-01-01-14.wav,14,neutral,train,2,room_echo_smoothing_noise,20260806
14_03-01-02-01-01-01-14_aug3,Actor_14/03-01-02-01-01-01-14.wav,14,neutral,train,3,same_emotion_blend_spectral_tilt_dropout,20260807
14_03-01-02-01-01-02-14_aug1,Actor_14/03-01-02-01-01-02-14.wav,14,neutral,train,1,gain_shift_colored_noise,20260805
14_03-01-02-01-01-02-14_aug2,Actor_14/03-01-02-01-01-02-14.wav,14,neutral,train,2,room_echo_smoothing_noise,20260806
14_03-01-02-01-01-02-14_aug3,Actor_14/03-01-02-01-01-02-14.wav,14,neutral,train,3,same_emotion_blend_spectral_tilt_dropout,20260807
14_03-01-02-01-02-01-14_aug1,Actor_14/03-01-02-01-02-01-14.wav,14,neutral,train,1,gain_shift_colored_noise,20260805
14_03-01-02-01-02-01-14_aug2,Actor_14/03-01-02-01-02-01-14.wav,14,neutral,train,2,room_echo_smoothing_noise,20260806
14_03-01-02-01-02-01-14_aug3,Actor_14/03-01-02-01-02-01-14.wav,14,neutral,train,3,same_emotion_blend_spectral_tilt_dropout,20260807
14_03-01-02-01-02-02-14_aug1,Actor_14/03-01-02-01-02-02-14.wav,14,neutral,train,1,gain_shift_colored_noise,20260805
14_03-01-02-01-02-02-14_aug2,Actor_14/03-01-02-01-02-02-14.wav,14,neutral,train,2,room_echo_smoothing_noise,20260806
14_03-01-02-01-02-02-14_aug3,Actor_14/03-01-02-01-02-02-14.wav,14,neutral,train,3,same_emotion_blend_spectral_tilt_dropout,20260807
14_03-01-02-02-01-01-14_aug1,Actor_14/03-01-02-02-01-01-14.wav,14,neutral,train,1,gain_shift_colored_noise,20260805
14_03-01-02-02-01-01-14_aug2,Actor_14/03-01-02-02-01-01-14.wav,14,neutral,train,2,room_echo_smoothing_noise,20260806
14_03-01-02-02-01-01-14_aug3,Actor_14/03-01-02-02-01-01-14.wav,14,neutral,train,3,same_emotion_blend_spectral_tilt_dropout,20260807
14_03-01-02-02-01-02-14_aug1,Actor_14/03-01-02-02-01-02-14.wav,14,neutral,train,1,gain_shift_colored_noise,20260805
14_03-01-02-02-01-02-14_aug2,Actor_14/03-01-02-02-01-02-14.wav,14,neutral,train,2,room_echo_smoothing_noise,20260806
14_03-01-02-02-01-02-14_aug3,Actor_14/03-01-02-02-01-02-14.wav,14,neutral,train,3,same_emotion_blend_spectral_tilt_dropout,20260807
14_03-01-02-02-02-01-14_aug1,Actor_14/03-01-02-02-02-01-14.wav,14,neutral,train,1,gain_shift_colored_noise,20260805
14_03-01-02-02-02-01-14_aug2,Actor_14/03-01-02-02-02-01-14.wav,14,neutral,train,2,room_echo_smoothing_noise,20260806
14_03-01-02-02-02-01-14_aug3,Actor_14/03-01-02-02-02-01-14.wav,14,neutral,train,3,same_emotion_blend_spectral_tilt_dropout,20260807
14_03-01-02-02-02-02-14_aug1,Actor_14/03-01-02-02-02-02-14.wav,14,neutral,train,1,gain_shift_colored_noise,20260805
14_03-01-02-02-02-02-14_aug2,Actor_14/03-01-02-02-02-02-14.wav,14,neutral,train,2,room_echo_smoothing_noise,20260806
14_03-01-02-02-02-02-14_aug3,Actor_14/03-01-02-02-02-02-14.wav,14,neutral,train,3,same_emotion_blend_spectral_tilt_dropout,20260807
14_03-01-03-01-01-01-14_aug1,Actor_14/03-01-03-01-01-01-14.wav,14,happy,train,1,gain_shift_colored_noise,20260805
14_03-01-03-01-01-01-14_aug2,Actor_14/03-01-03-01-01-01-14.wav,14,happy,train,2,room_echo_smoothing_noise,20260806
14_03-01-03-01-01-01-14_aug3,Actor_14/03-01-03-01-01-01-14.wav,14,happy,train,3,same_emotion_blend_spectral_tilt_dropout,20260807
14_03-01-03-01-01-02-14_aug1,Actor_14/03-01-03-01-01-02-14.wav,14,happy,train,1,gain_shift_colored_noise,20260805
14_03-01-03-01-01-02-14_aug2,Actor_14/03-01-03-01-01-02-14.wav,14,happy,train,2,room_echo_smoothing_noise,20260806
14_03-01-03-01-01-02-14_aug3,Actor_14/03-01-03-01-01-02-14.wav,14,happy,train,3,same_emotion_blend_spectral_tilt_dropout,20260807
14_03-01-03-01-02-01-14_aug1,Actor_14/03-01-03-01-02-01-14.wav,14,happy,train,1,gain_shift_colored_noise,20260805
14_03-01-03-01-02-01-14_aug2,Actor_14/03-01-03-01-02-01-14.wav,14,happy,train,2,room_echo_smoothing_noise,20260806
14_03-01-03-01-02-01-14_aug3,Actor_14/03-01-03-01-02-01-14.wav,14,happy,train,3,same_emotion_blend_spectral_tilt_dropout,20260807
14_03-01-03-01-02-02-14_aug1,Actor_14/03-01-03-01-02-02-14.wav,14,happy,train,1,gain_shift_colored_noise,20260805
14_03-01-03-01-02-02-14_aug2,Actor_14/03-01-03-01-02-02-14.wav,14,happy,train,2,room_echo_smoothing_noise,20260806
14_03-01-03-01-02-02-14_aug3,Actor_14/03-01-03-01-02-02-14.wav,14,happy,train,3,same_emotion_blend_spectral_tilt_dropout,20260807
14_03-01-03-02-01-01-14_aug1,Actor_14/03-01-03-02-01-01-14.wav,14,happy,train,1,gain_shift_colored_noise,20260805
14_03-01-03-02-01-01-14_aug2,Actor_14/03-01-03-02-01-01-14.wav,14,happy,train,2,room_echo_smoothing_noise,20260806
14_03-01-03-02-01-01-14_aug3,Actor_14/03-01-03-02-01-01-14.wav,14,happy,train,3,same_emotion_blend_spectral_tilt_dropout,20260807
14_03-01-03-02-01-02-14_aug1,Actor_14/03-01-03-02-01-02-14.wav,14,happy,train,1,gain_shift_colored_noise,20260805
14_03-01-03-02-01-02-14_aug2,Actor_14/03-01-03-02-01-02-14.wav,14,happy,train,2,room_echo_smoothing_noise,20260806
14_03-01-03-02-01-02-14_aug3,Actor_14/03-01-03-02-01-02-14.wav,14,happy,train,3,same_emotion_blend_spectral_tilt_dropout,20260807
14_03-01-03-02-02-01-14_aug1,Actor_14/03-01-03-02-02-01-14.wav,14,happy,train,1,gain_shift_colored_noise,20260805
14_03-01-03-02-02-01-14_aug2,Actor_14/03-01-03-02-02-01-14.wav,14,happy,train,2,room_echo_smoothing_noise,20260806
14_03-01-03-02-02-01-14_aug3,Actor_14/03-01-03-02-02-01-14.wav,14,happy,train,3,same_emotion_blend_spectral_tilt_dropout,20260807
14_03-01-03-02-02-02-14_aug1,Actor_14/03-01-03-02-02-02-14.wav,14,happy,train,1,gain_shift_colored_noise,20260805
14_03-01-03-02-02-02-14_aug2,Actor_14/03-01-03-02-02-02-14.wav,14,happy,train,2,room_echo_smoothing_noise,20260806
14_03-01-03-02-02-02-14_aug3,Actor_14/03-01-03-02-02-02-14.wav,14,happy,train,3,same_emotion_blend_spectral_tilt_dropout,20260807
14_03-01-04-01-01-01-14_aug1,Actor_14/03-01-04-01-01-01-14.wav,14,sad,train,1,gain_shift_colored_noise,20260805
14_03-01-04-01-01-01-14_aug2,Actor_14/03-01-04-01-01-01-14.wav,14,sad,train,2,room_echo_smoothing_noise,20260806
14_03-01-04-01-01-01-14_aug3,Actor_14/03-01-04-01-01-01-14.wav,14,sad,train,3,same_emotion_blend_spectral_tilt_dropout,20260807
14_03-01-04-01-01-02-14_aug1,Actor_14/03-01-04-01-01-02-14.wav,14,sad,train,1,gain_shift_colored_noise,20260805
14_03-01-04-01-01-02-14_aug2,Actor_14/03-01-04-01-01-02-14.wav,14,sad,train,2,room_echo_smoothing_noise,20260806
14_03-01-04-01-01-02-14_aug3,Actor_14/03-01-04-01-01-02-14.wav,14,sad,train,3,same_emotion_blend_spectral_tilt_dropout,20260807
14_03-01-04-01-02-01-14_aug1,Actor_14/03-01-04-01-02-01-14.wav,14,sad,train,1,gain_shift_colored_noise,20260805
14_03-01-04-01-02-01-14_aug2,Actor_14/03-01-04-01-02-01-14.wav,14,sad,train,2,room_echo_smoothing_noise,20260806
14_03-01-04-01-02-01-14_aug3,Actor_14/03-01-04-01-02-01-14.wav,14,sad,train,3,same_emotion_blend_spectral_tilt_dropout,20260807
14_03-01-04-01-02-02-14_aug1,Actor_14/03-01-04-01-02-02-14.wav,14,sad,train,1,gain_shift_colored_noise,20260805
14_03-01-04-01-02-02-14_aug2,Actor_14/03-01-04-01-02-02-14.wav,14,sad,train,2,room_echo_smoothing_noise,20260806
14_03-01-04-01-02-02-14_aug3,Actor_14/03-01-04-01-02-02-14.wav,14,sad,train,3,same_emotion_blend_spectral_tilt_dropout,20260807
14_03-01-04-02-01-01-14_aug1,Actor_14/03-01-04-02-01-01-14.wav,14,sad,train,1,gain_shift_colored_noise,20260805
14_03-01-04-02-01-01-14_aug2,Actor_14/03-01-04-02-01-01-14.wav,14,sad,train,2,room_echo_smoothing_noise,20260806
14_03-01-04-02-01-01-14_aug3,Actor_14/03-01-04-02-01-01-14.wav,14,sad,train,3,same_emotion_blend_spectral_tilt_dropout,20260807
14_03-01-04-02-01-02-14_aug1,Actor_14/03-01-04-02-01-02-14.wav,14,sad,train,1,gain_shift_colored_noise,20260805
14_03-01-04-02-01-02-14_aug2,Actor_14/03-01-04-02-01-02-14.wav,14,sad,train,2,room_echo_smoothing_noise,20260806
14_03-01-04-02-01-02-14_aug3,Actor_14/03-01-04-02-01-02-14.wav,14,sad,train,3,same_emotion_blend_spectral_tilt_dropout,20260807
14_03-01-04-02-02-01-14_aug1,Actor_14/03-01-04-02-02-01-14.wav,14,sad,train,1,gain_shift_colored_noise,20260805
14_03-01-04-02-02-01-14_aug2,Actor_14/03-01-04-02-02-01-14.wav,14,sad,train,2,room_echo_smoothing_noise,20260806
14_03-01-04-02-02-01-14_aug3,Actor_14/03-01-04-02-02-01-14.wav,14,sad,train,3,same_emotion_blend_spectral_tilt_dropout,20260807
14_03-01-04-02-02-02-14_aug1,Actor_14/03-01-04-02-02-02-14.wav,14,sad,train,1,gain_shift_colored_noise,20260805
14_03-01-04-02-02-02-14_aug2,Actor_14/03-01-04-02-02-02-14.wav,14,sad,train,2,room_echo_smoothing_noise,20260806
14_03-01-04-02-02-02-14_aug3,Actor_14/03-01-04-02-02-02-14.wav,14,sad,train,3,same_emotion_blend_spectral_tilt_dropout,20260807
14_03-01-05-01-01-01-14_aug1,Actor_14/03-01-05-01-01-01-14.wav,14,angry,train,1,gain_shift_colored_noise,20260805
14_03-01-05-01-01-01-14_aug2,Actor_14/03-01-05-01-01-01-14.wav,14,angry,train,2,room_echo_smoothing_noise,20260806
14_03-01-05-01-01-01-14_aug3,Actor_14/03-01-05-01-01-01-14.wav,14,angry,train,3,same_emotion_blend_spectral_tilt_dropout,20260807
14_03-01-05-01-01-02-14_aug1,Actor_14/03-01-05-01-01-02-14.wav,14,angry,train,1,gain_shift_colored_noise,20260805
14_03-01-05-01-01-02-14_aug2,Actor_14/03-01-05-01-01-02-14.wav,14,angry,train,2,room_echo_smoothing_noise,20260806
14_03-01-05-01-01-02-14_aug3,Actor_14/03-01-05-01-01-02-14.wav,14,angry,train,3,same_emotion_blend_spectral_tilt_dropout,20260807
14_03-01-05-01-02-01-14_aug1,Actor_14/03-01-05-01-02-01-14.wav,14,angry,train,1,gain_shift_colored_noise,20260805
14_03-01-05-01-02-01-14_aug2,Actor_14/03-01-05-01-02-01-14.wav,14,angry,train,2,room_echo_smoothing_noise,20260806
14_03-01-05-01-02-01-14_aug3,Actor_14/03-01-05-01-02-01-14.wav,14,angry,train,3,same_emotion_blend_spectral_tilt_dropout,20260807
14_03-01-05-01-02-02-14_aug1,Actor_14/03-01-05-01-02-02-14.wav,14,angry,train,1,gain_shift_colored_noise,20260805
14_03-01-05-01-02-02-14_aug2,Actor_14/03-01-05-01-02-02-14.wav,14,angry,train,2,room_echo_smoothing_noise,20260806
14_03-01-05-01-02-02-14_aug3,Actor_14/03-01-05-01-02-02-14.wav,14,angry,train,3,same_emotion_blend_spectral_tilt_dropout,20260807
14_03-01-05-02-01-01-14_aug1,Actor_14/03-01-05-02-01-01-14.wav,14,angry,train,1,gain_shift_colored_noise,20260805
14_03-01-05-02-01-01-14_aug2,Actor_14/03-01-05-02-01-01-14.wav,14,angry,train,2,room_echo_smoothing_noise,20260806
14_03-01-05-02-01-01-14_aug3,Actor_14/03-01-05-02-01-01-14.wav,14,angry,train,3,same_emotion_blend_spectral_tilt_dropout,20260807
14_03-01-05-02-01-02-14_aug1,Actor_14/03-01-05-02-01-02-14.wav,14,angry,train,1,gain_shift_colored_noise,20260805
14_03-01-05-02-01-02-14_aug2,Actor_14/03-01-05-02-01-02-14.wav,14,angry,train,2,room_echo_smoothing_noise,20260806
14_03-01-05-02-01-02-14_aug3,Actor_14/03-01-05-02-01-02-14.wav,14,angry,train,3,same_emotion_blend_spectral_tilt_dropout,20260807
14_03-01-05-02-02-01-14_aug1,Actor_14/03-01-05-02-02-01-14.wav,14,angry,train,1,gain_shift_colored_noise,20260805
14_03-01-05-02-02-01-14_aug2,Actor_14/03-01-05-02-02-01-14.wav,14,angry,train,2,room_echo_smoothing_noise,20260806
14_03-01-05-02-02-01-14_aug3,Actor_14/03-01-05-02-02-01-14.wav,14,angry,train,3,same_emotion_blend_spectral_tilt_dropout,20260807
14_03-01-05-02-02-02-14_aug1,Actor_14/03-01-05-02-02-02-14.wav,14,angry,train,1,gain_shift_colored_noise,20260805
14_03-01-05-02-02-02-14_aug2,Actor_14/03-01-05-02-02-02-14.wav,14,angry,train,2,room_echo_smoothing_noise,20260806
14_03-01-05-02-02-02-14_aug3,Actor_14/03-01-05-02-02-02-14.wav,14,angry,train,3,same_emotion_blend_spectral_tilt_dropout,20260807
14_03-01-06-01-01-01-14_aug1,Actor_14/03-01-06-01-01-01-14.wav,14,fear,train,1,gain_shift_colored_noise,20260805
14_03-01-06-01-01-01-14_aug2,Actor_14/03-01-06-01-01-01-14.wav,14,fear,train,2,room_echo_smoothing_noise,20260806
14_03-01-06-01-01-01-14_aug3,Actor_14/03-01-06-01-01-01-14.wav,14,fear,train,3,same_emotion_blend_spectral_tilt_dropout,20260807
14_03-01-06-01-01-02-14_aug1,Actor_14/03-01-06-01-01-02-14.wav,14,fear,train,1,gain_shift_colored_noise,20260805
14_03-01-06-01-01-02-14_aug2,Actor_14/03-01-06-01-01-02-14.wav,14,fear,train,2,room_echo_smoothing_noise,20260806
14_03-01-06-01-01-02-14_aug3,Actor_14/03-01-06-01-01-02-14.wav,14,fear,train,3,same_emotion_blend_spectral_tilt_dropout,20260807
14_03-01-06-01-02-01-14_aug1,Actor_14/03-01-06-01-02-01-14.wav,14,fear,train,1,gain_shift_colored_noise,20260805
14_03-01-06-01-02-01-14_aug2,Actor_14/03-01-06-01-02-01-14.wav,14,fear,train,2,room_echo_smoothing_noise,20260806
14_03-01-06-01-02-01-14_aug3,Actor_14/03-01-06-01-02-01-14.wav,14,fear,train,3,same_emotion_blend_spectral_tilt_dropout,20260807
14_03-01-06-01-02-02-14_aug1,Actor_14/03-01-06-01-02-02-14.wav,14,fear,train,1,gain_shift_colored_noise,20260805
14_03-01-06-01-02-02-14_aug2,Actor_14/03-01-06-01-02-02-14.wav,14,fear,train,2,room_echo_smoothing_noise,20260806
14_03-01-06-01-02-02-14_aug3,Actor_14/03-01-06-01-02-02-14.wav,14,fear,train,3,same_emotion_blend_spectral_tilt_dropout,20260807
14_03-01-06-02-01-01-14_aug1,Actor_14/03-01-06-02-01-01-14.wav,14,fear,train,1,gain_shift_colored_noise,20260805
14_03-01-06-02-01-01-14_aug2,Actor_14/03-01-06-02-01-01-14.wav,14,fear,train,2,room_echo_smoothing_noise,20260806
14_03-01-06-02-01-01-14_aug3,Actor_14/03-01-06-02-01-01-14.wav,14,fear,train,3,same_emotion_blend_spectral_tilt_dropout,20260807
14_03-01-06-02-01-02-14_aug1,Actor_14/03-01-06-02-01-02-14.wav,14,fear,train,1,gain_shift_colored_noise,20260805
14_03-01-06-02-01-02-14_aug2,Actor_14/03-01-06-02-01-02-14.wav,14,fear,train,2,room_echo_smoothing_noise,20260806
14_03-01-06-02-01-02-14_aug3,Actor_14/03-01-06-02-01-02-14.wav,14,fear,train,3,same_emotion_blend_spectral_tilt_dropout,20260807
14_03-01-06-02-02-01-14_aug1,Actor_14/03-01-06-02-02-01-14.wav,14,fear,train,1,gain_shift_colored_noise,20260805
14_03-01-06-02-02-01-14_aug2,Actor_14/03-01-06-02-02-01-14.wav,14,fear,train,2,room_echo_smoothing_noise,20260806
14_03-01-06-02-02-01-14_aug3,Actor_14/03-01-06-02-02-01-14.wav,14,fear,train,3,same_emotion_blend_spectral_tilt_dropout,20260807
14_03-01-06-02-02-02-14_aug1,Actor_14/03-01-06-02-02-02-14.wav,14,fear,train,1,gain_shift_colored_noise,20260805
14_03-01-06-02-02-02-14_aug2,Actor_14/03-01-06-02-02-02-14.wav,14,fear,train,2,room_echo_smoothing_noise,20260806
14_03-01-06-02-02-02-14_aug3,Actor_14/03-01-06-02-02-02-14.wav,14,fear,train,3,same_emotion_blend_spectral_tilt_dropout,20260807
14_03-01-07-01-01-01-14_aug1,Actor_14/03-01-07-01-01-01-14.wav,14,disgust,train,1,gain_shift_colored_noise,20260805
14_03-01-07-01-01-01-14_aug2,Actor_14/03-01-07-01-01-01-14.wav,14,disgust,train,2,room_echo_smoothing_noise,20260806
14_03-01-07-01-01-01-14_aug3,Actor_14/03-01-07-01-01-01-14.wav,14,disgust,train,3,same_emotion_blend_spectral_tilt_dropout,20260807
14_03-01-07-01-01-02-14_aug1,Actor_14/03-01-07-01-01-02-14.wav,14,disgust,train,1,gain_shift_colored_noise,20260805
14_03-01-07-01-01-02-14_aug2,Actor_14/03-01-07-01-01-02-14.wav,14,disgust,train,2,room_echo_smoothing_noise,20260806
14_03-01-07-01-01-02-14_aug3,Actor_14/03-01-07-01-01-02-14.wav,14,disgust,train,3,same_emotion_blend_spectral_tilt_dropout,20260807
14_03-01-07-01-02-01-14_aug1,Actor_14/03-01-07-01-02-01-14.wav,14,disgust,train,1,gain_shift_colored_noise,20260805
14_03-01-07-01-02-01-14_aug2,Actor_14/03-01-07-01-02-01-14.wav,14,disgust,train,2,room_echo_smoothing_noise,20260806
14_03-01-07-01-02-01-14_aug3,Actor_14/03-01-07-01-02-01-14.wav,14,disgust,train,3,same_emotion_blend_spectral_tilt_dropout,20260807
14_03-01-07-01-02-02-14_aug1,Actor_14/03-01-07-01-02-02-14.wav,14,disgust,train,1,gain_shift_colored_noise,20260805
14_03-01-07-01-02-02-14_aug2,Actor_14/03-01-07-01-02-02-14.wav,14,disgust,train,2,room_echo_smoothing_noise,20260806
14_03-01-07-01-02-02-14_aug3,Actor_14/03-01-07-01-02-02-14.wav,14,disgust,train,3,same_emotion_blend_spectral_tilt_dropout,20260807
14_03-01-07-02-01-01-14_aug1,Actor_14/03-01-07-02-01-01-14.wav,14,disgust,train,1,gain_shift_colored_noise,20260805
14_03-01-07-02-01-01-14_aug2,Actor_14/03-01-07-02-01-01-14.wav,14,disgust,train,2,room_echo_smoothing_noise,20260806
14_03-01-07-02-01-01-14_aug3,Actor_14/03-01-07-02-01-01-14.wav,14,disgust,train,3,same_emotion_blend_spectral_tilt_dropout,20260807
14_03-01-07-02-01-02-14_aug1,Actor_14/03-01-07-02-01-02-14.wav,14,disgust,train,1,gain_shift_colored_noise,20260805
14_03-01-07-02-01-02-14_aug2,Actor_14/03-01-07-02-01-02-14.wav,14,disgust,train,2,room_echo_smoothing_noise,20260806
14_03-01-07-02-01-02-14_aug3,Actor_14/03-01-07-02-01-02-14.wav,14,disgust,train,3,same_emotion_blend_spectral_tilt_dropout,20260807
14_03-01-07-02-02-01-14_aug1,Actor_14/03-01-07-02-02-01-14.wav,14,disgust,train,1,gain_shift_colored_noise,20260805
14_03-01-07-02-02-01-14_aug2,Actor_14/03-01-07-02-02-01-14.wav,14,disgust,train,2,room_echo_smoothing_noise,20260806
14_03-01-07-02-02-01-14_aug3,Actor_14/03-01-07-02-02-01-14.wav,14,disgust,train,3,same_emotion_blend_spectral_tilt_dropout,20260807
14_03-01-07-02-02-02-14_aug1,Actor_14/03-01-07-02-02-02-14.wav,14,disgust,train,1,gain_shift_colored_noise,20260805
14_03-01-07-02-02-02-14_aug2,Actor_14/03-01-07-02-02-02-14.wav,14,disgust,train,2,room_echo_smoothing_noise,20260806
14_03-01-07-02-02-02-14_aug3,Actor_14/03-01-07-02-02-02-14.wav,14,disgust,train,3,same_emotion_blend_spectral_tilt_dropout,20260807
14_03-01-08-01-01-01-14_aug1,Actor_14/03-01-08-01-01-01-14.wav,14,surprise,train,1,gain_shift_colored_noise,20260805
14_03-01-08-01-01-01-14_aug2,Actor_14/03-01-08-01-01-01-14.wav,14,surprise,train,2,room_echo_smoothing_noise,20260806
14_03-01-08-01-01-01-14_aug3,Actor_14/03-01-08-01-01-01-14.wav,14,surprise,train,3,same_emotion_blend_spectral_tilt_dropout,20260807
14_03-01-08-01-01-02-14_aug1,Actor_14/03-01-08-01-01-02-14.wav,14,surprise,train,1,gain_shift_colored_noise,20260805
14_03-01-08-01-01-02-14_aug2,Actor_14/03-01-08-01-01-02-14.wav,14,surprise,train,2,room_echo_smoothing_noise,20260806
14_03-01-08-01-01-02-14_aug3,Actor_14/03-01-08-01-01-02-14.wav,14,surprise,train,3,same_emotion_blend_spectral_tilt_dropout,20260807
14_03-01-08-01-02-01-14_aug1,Actor_14/03-01-08-01-02-01-14.wav,14,surprise,train,1,gain_shift_colored_noise,20260805
14_03-01-08-01-02-01-14_aug2,Actor_14/03-01-08-01-02-01-14.wav,14,surprise,train,2,room_echo_smoothing_noise,20260806
14_03-01-08-01-02-01-14_aug3,Actor_14/03-01-08-01-02-01-14.wav,14,surprise,train,3,same_emotion_blend_spectral_tilt_dropout,20260807
14_03-01-08-01-02-02-14_aug1,Actor_14/03-01-08-01-02-02-14.wav,14,surprise,train,1,gain_shift_colored_noise,20260805
14_03-01-08-01-02-02-14_aug2,Actor_14/03-01-08-01-02-02-14.wav,14,surprise,train,2,room_echo_smoothing_noise,20260806
14_03-01-08-01-02-02-14_aug3,Actor_14/03-01-08-01-02-02-14.wav,14,surprise,train,3,same_emotion_blend_spectral_tilt_dropout,20260807
14_03-01-08-02-01-01-14_aug1,Actor_14/03-01-08-02-01-01-14.wav,14,surprise,train,1,gain_shift_colored_noise,20260805
14_03-01-08-02-01-01-14_aug2,Actor_14/03-01-08-02-01-01-14.wav,14,surprise,train,2,room_echo_smoothing_noise,20260806
14_03-01-08-02-01-01-14_aug3,Actor_14/03-01-08-02-01-01-14.wav,14,surprise,train,3,same_emotion_blend_spectral_tilt_dropout,20260807
14_03-01-08-02-01-02-14_aug1,Actor_14/03-01-08-02-01-02-14.wav,14,surprise,train,1,gain_shift_colored_noise,20260805
14_03-01-08-02-01-02-14_aug2,Actor_14/03-01-08-02-01-02-14.wav,14,surprise,train,2,room_echo_smoothing_noise,20260806
14_03-01-08-02-01-02-14_aug3,Actor_14/03-01-08-02-01-02-14.wav,14,surprise,train,3,same_emotion_blend_spectral_tilt_dropout,20260807
14_03-01-08-02-02-01-14_aug1,Actor_14/03-01-08-02-02-01-14.wav,14,surprise,train,1,gain_shift_colored_noise,20260805
14_03-01-08-02-02-01-14_aug2,Actor_14/03-01-08-02-02-01-14.wav,14,surprise,train,2,room_echo_smoothing_noise,20260806
14_03-01-08-02-02-01-14_aug3,Actor_14/03-01-08-02-02-01-14.wav,14,surprise,train,3,same_emotion_blend_spectral_tilt_dropout,20260807
14_03-01-08-02-02-02-14_aug1,Actor_14/03-01-08-02-02-02-14.wav,14,surprise,train,1,gain_shift_colored_noise,20260805
14_03-01-08-02-02-02-14_aug2,Actor_14/03-01-08-02-02-02-14.wav,14,surprise,train,2,room_echo_smoothing_noise,20260806
14_03-01-08-02-02-02-14_aug3,Actor_14/03-01-08-02-02-02-14.wav,14,surprise,train,3,same_emotion_blend_spectral_tilt_dropout,20260807
15_03-01-01-01-01-01-15_aug1,Actor_15/03-01-01-01-01-01-15.wav,15,neutral,train,1,gain_shift_colored_noise,20260805
15_03-01-01-01-01-01-15_aug2,Actor_15/03-01-01-01-01-01-15.wav,15,neutral,train,2,room_echo_smoothing_noise,20260806
15_03-01-01-01-01-01-15_aug3,Actor_15/03-01-01-01-01-01-15.wav,15,neutral,train,3,same_emotion_blend_spectral_tilt_dropout,20260807
15_03-01-01-01-01-02-15_aug1,Actor_15/03-01-01-01-01-02-15.wav,15,neutral,train,1,gain_shift_colored_noise,20260805
15_03-01-01-01-01-02-15_aug2,Actor_15/03-01-01-01-01-02-15.wav,15,neutral,train,2,room_echo_smoothing_noise,20260806
15_03-01-01-01-01-02-15_aug3,Actor_15/03-01-01-01-01-02-15.wav,15,neutral,train,3,same_emotion_blend_spectral_tilt_dropout,20260807
15_03-01-01-01-02-01-15_aug1,Actor_15/03-01-01-01-02-01-15.wav,15,neutral,train,1,gain_shift_colored_noise,20260805
15_03-01-01-01-02-01-15_aug2,Actor_15/03-01-01-01-02-01-15.wav,15,neutral,train,2,room_echo_smoothing_noise,20260806
15_03-01-01-01-02-01-15_aug3,Actor_15/03-01-01-01-02-01-15.wav,15,neutral,train,3,same_emotion_blend_spectral_tilt_dropout,20260807
15_03-01-01-01-02-02-15_aug1,Actor_15/03-01-01-01-02-02-15.wav,15,neutral,train,1,gain_shift_colored_noise,20260805
15_03-01-01-01-02-02-15_aug2,Actor_15/03-01-01-01-02-02-15.wav,15,neutral,train,2,room_echo_smoothing_noise,20260806
15_03-01-01-01-02-02-15_aug3,Actor_15/03-01-01-01-02-02-15.wav,15,neutral,train,3,same_emotion_blend_spectral_tilt_dropout,20260807
15_03-01-02-01-01-01-15_aug1,Actor_15/03-01-02-01-01-01-15.wav,15,neutral,train,1,gain_shift_colored_noise,20260805
15_03-01-02-01-01-01-15_aug2,Actor_15/03-01-02-01-01-01-15.wav,15,neutral,train,2,room_echo_smoothing_noise,20260806
15_03-01-02-01-01-01-15_aug3,Actor_15/03-01-02-01-01-01-15.wav,15,neutral,train,3,same_emotion_blend_spectral_tilt_dropout,20260807
15_03-01-02-01-01-02-15_aug1,Actor_15/03-01-02-01-01-02-15.wav,15,neutral,train,1,gain_shift_colored_noise,20260805
15_03-01-02-01-01-02-15_aug2,Actor_15/03-01-02-01-01-02-15.wav,15,neutral,train,2,room_echo_smoothing_noise,20260806
15_03-01-02-01-01-02-15_aug3,Actor_15/03-01-02-01-01-02-15.wav,15,neutral,train,3,same_emotion_blend_spectral_tilt_dropout,20260807
15_03-01-02-01-02-01-15_aug1,Actor_15/03-01-02-01-02-01-15.wav,15,neutral,train,1,gain_shift_colored_noise,20260805
15_03-01-02-01-02-01-15_aug2,Actor_15/03-01-02-01-02-01-15.wav,15,neutral,train,2,room_echo_smoothing_noise,20260806
15_03-01-02-01-02-01-15_aug3,Actor_15/03-01-02-01-02-01-15.wav,15,neutral,train,3,same_emotion_blend_spectral_tilt_dropout,20260807
15_03-01-02-01-02-02-15_aug1,Actor_15/03-01-02-01-02-02-15.wav,15,neutral,train,1,gain_shift_colored_noise,20260805
15_03-01-02-01-02-02-15_aug2,Actor_15/03-01-02-01-02-02-15.wav,15,neutral,train,2,room_echo_smoothing_noise,20260806
15_03-01-02-01-02-02-15_aug3,Actor_15/03-01-02-01-02-02-15.wav,15,neutral,train,3,same_emotion_blend_spectral_tilt_dropout,20260807
15_03-01-02-02-01-01-15_aug1,Actor_15/03-01-02-02-01-01-15.wav,15,neutral,train,1,gain_shift_colored_noise,20260805
15_03-01-02-02-01-01-15_aug2,Actor_15/03-01-02-02-01-01-15.wav,15,neutral,train,2,room_echo_smoothing_noise,20260806
15_03-01-02-02-01-01-15_aug3,Actor_15/03-01-02-02-01-01-15.wav,15,neutral,train,3,same_emotion_blend_spectral_tilt_dropout,20260807
15_03-01-02-02-01-02-15_aug1,Actor_15/03-01-02-02-01-02-15.wav,15,neutral,train,1,gain_shift_colored_noise,20260805
15_03-01-02-02-01-02-15_aug2,Actor_15/03-01-02-02-01-02-15.wav,15,neutral,train,2,room_echo_smoothing_noise,20260806
15_03-01-02-02-01-02-15_aug3,Actor_15/03-01-02-02-01-02-15.wav,15,neutral,train,3,same_emotion_blend_spectral_tilt_dropout,20260807
15_03-01-02-02-02-01-15_aug1,Actor_15/03-01-02-02-02-01-15.wav,15,neutral,train,1,gain_shift_colored_noise,20260805
15_03-01-02-02-02-01-15_aug2,Actor_15/03-01-02-02-02-01-15.wav,15,neutral,train,2,room_echo_smoothing_noise,20260806
15_03-01-02-02-02-01-15_aug3,Actor_15/03-01-02-02-02-01-15.wav,15,neutral,train,3,same_emotion_blend_spectral_tilt_dropout,20260807
15_03-01-02-02-02-02-15_aug1,Actor_15/03-01-02-02-02-02-15.wav,15,neutral,train,1,gain_shift_colored_noise,20260805
15_03-01-02-02-02-02-15_aug2,Actor_15/03-01-02-02-02-02-15.wav,15,neutral,train,2,room_echo_smoothing_noise,20260806
15_03-01-02-02-02-02-15_aug3,Actor_15/03-01-02-02-02-02-15.wav,15,neutral,train,3,same_emotion_blend_spectral_tilt_dropout,20260807
15_03-01-03-01-01-01-15_aug1,Actor_15/03-01-03-01-01-01-15.wav,15,happy,train,1,gain_shift_colored_noise,20260805
15_03-01-03-01-01-01-15_aug2,Actor_15/03-01-03-01-01-01-15.wav,15,happy,train,2,room_echo_smoothing_noise,20260806
15_03-01-03-01-01-01-15_aug3,Actor_15/03-01-03-01-01-01-15.wav,15,happy,train,3,same_emotion_blend_spectral_tilt_dropout,20260807
15_03-01-03-01-01-02-15_aug1,Actor_15/03-01-03-01-01-02-15.wav,15,happy,train,1,gain_shift_colored_noise,20260805
15_03-01-03-01-01-02-15_aug2,Actor_15/03-01-03-01-01-02-15.wav,15,happy,train,2,room_echo_smoothing_noise,20260806
15_03-01-03-01-01-02-15_aug3,Actor_15/03-01-03-01-01-02-15.wav,15,happy,train,3,same_emotion_blend_spectral_tilt_dropout,20260807
15_03-01-03-01-02-01-15_aug1,Actor_15/03-01-03-01-02-01-15.wav,15,happy,train,1,gain_shift_colored_noise,20260805
15_03-01-03-01-02-01-15_aug2,Actor_15/03-01-03-01-02-01-15.wav,15,happy,train,2,room_echo_smoothing_noise,20260806
15_03-01-03-01-02-01-15_aug3,Actor_15/03-01-03-01-02-01-15.wav,15,happy,train,3,same_emotion_blend_spectral_tilt_dropout,20260807
15_03-01-03-01-02-02-15_aug1,Actor_15/03-01-03-01-02-02-15.wav,15,happy,train,1,gain_shift_colored_noise,20260805
15_03-01-03-01-02-02-15_aug2,Actor_15/03-01-03-01-02-02-15.wav,15,happy,train,2,room_echo_smoothing_noise,20260806
15_03-01-03-01-02-02-15_aug3,Actor_15/03-01-03-01-02-02-15.wav,15,happy,train,3,same_emotion_blend_spectral_tilt_dropout,20260807
15_03-01-03-02-01-01-15_aug1,Actor_15/03-01-03-02-01-01-15.wav,15,happy,train,1,gain_shift_colored_noise,20260805
15_03-01-03-02-01-01-15_aug2,Actor_15/03-01-03-02-01-01-15.wav,15,happy,train,2,room_echo_smoothing_noise,20260806
15_03-01-03-02-01-01-15_aug3,Actor_15/03-01-03-02-01-01-15.wav,15,happy,train,3,same_emotion_blend_spectral_tilt_dropout,20260807
15_03-01-03-02-01-02-15_aug1,Actor_15/03-01-03-02-01-02-15.wav,15,happy,train,1,gain_shift_colored_noise,20260805
15_03-01-03-02-01-02-15_aug2,Actor_15/03-01-03-02-01-02-15.wav,15,happy,train,2,room_echo_smoothing_noise,20260806
15_03-01-03-02-01-02-15_aug3,Actor_15/03-01-03-02-01-02-15.wav,15,happy,train,3,same_emotion_blend_spectral_tilt_dropout,20260807
15_03-01-03-02-02-01-15_aug1,Actor_15/03-01-03-02-02-01-15.wav,15,happy,train,1,gain_shift_colored_noise,20260805
15_03-01-03-02-02-01-15_aug2,Actor_15/03-01-03-02-02-01-15.wav,15,happy,train,2,room_echo_smoothing_noise,20260806
15_03-01-03-02-02-01-15_aug3,Actor_15/03-01-03-02-02-01-15.wav,15,happy,train,3,same_emotion_blend_spectral_tilt_dropout,20260807
15_03-01-03-02-02-02-15_aug1,Actor_15/03-01-03-02-02-02-15.wav,15,happy,train,1,gain_shift_colored_noise,20260805
15_03-01-03-02-02-02-15_aug2,Actor_15/03-01-03-02-02-02-15.wav,15,happy,train,2,room_echo_smoothing_noise,20260806
15_03-01-03-02-02-02-15_aug3,Actor_15/03-01-03-02-02-02-15.wav,15,happy,train,3,same_emotion_blend_spectral_tilt_dropout,20260807
15_03-01-04-01-01-01-15_aug1,Actor_15/03-01-04-01-01-01-15.wav,15,sad,train,1,gain_shift_colored_noise,20260805
15_03-01-04-01-01-01-15_aug2,Actor_15/03-01-04-01-01-01-15.wav,15,sad,train,2,room_echo_smoothing_noise,20260806
15_03-01-04-01-01-01-15_aug3,Actor_15/03-01-04-01-01-01-15.wav,15,sad,train,3,same_emotion_blend_spectral_tilt_dropout,20260807
15_03-01-04-01-01-02-15_aug1,Actor_15/03-01-04-01-01-02-15.wav,15,sad,train,1,gain_shift_colored_noise,20260805
15_03-01-04-01-01-02-15_aug2,Actor_15/03-01-04-01-01-02-15.wav,15,sad,train,2,room_echo_smoothing_noise,20260806
15_03-01-04-01-01-02-15_aug3,Actor_15/03-01-04-01-01-02-15.wav,15,sad,train,3,same_emotion_blend_spectral_tilt_dropout,20260807
15_03-01-04-01-02-01-15_aug1,Actor_15/03-01-04-01-02-01-15.wav,15,sad,train,1,gain_shift_colored_noise,20260805
15_03-01-04-01-02-01-15_aug2,Actor_15/03-01-04-01-02-01-15.wav,15,sad,train,2,room_echo_smoothing_noise,20260806
15_03-01-04-01-02-01-15_aug3,Actor_15/03-01-04-01-02-01-15.wav,15,sad,train,3,same_emotion_blend_spectral_tilt_dropout,20260807
15_03-01-04-01-02-02-15_aug1,Actor_15/03-01-04-01-02-02-15.wav,15,sad,train,1,gain_shift_colored_noise,20260805
15_03-01-04-01-02-02-15_aug2,Actor_15/03-01-04-01-02-02-15.wav,15,sad,train,2,room_echo_smoothing_noise,20260806
15_03-01-04-01-02-02-15_aug3,Actor_15/03-01-04-01-02-02-15.wav,15,sad,train,3,same_emotion_blend_spectral_tilt_dropout,20260807
15_03-01-04-02-01-01-15_aug1,Actor_15/03-01-04-02-01-01-15.wav,15,sad,train,1,gain_shift_colored_noise,20260805
15_03-01-04-02-01-01-15_aug2,Actor_15/03-01-04-02-01-01-15.wav,15,sad,train,2,room_echo_smoothing_noise,20260806
15_03-01-04-02-01-01-15_aug3,Actor_15/03-01-04-02-01-01-15.wav,15,sad,train,3,same_emotion_blend_spectral_tilt_dropout,20260807
15_03-01-04-02-01-02-15_aug1,Actor_15/03-01-04-02-01-02-15.wav,15,sad,train,1,gain_shift_colored_noise,20260805
15_03-01-04-02-01-02-15_aug2,Actor_15/03-01-04-02-01-02-15.wav,15,sad,train,2,room_echo_smoothing_noise,20260806
15_03-01-04-02-01-02-15_aug3,Actor_15/03-01-04-02-01-02-15.wav,15,sad,train,3,same_emotion_blend_spectral_tilt_dropout,20260807
15_03-01-04-02-02-01-15_aug1,Actor_15/03-01-04-02-02-01-15.wav,15,sad,train,1,gain_shift_colored_noise,20260805
15_03-01-04-02-02-01-15_aug2,Actor_15/03-01-04-02-02-01-15.wav,15,sad,train,2,room_echo_smoothing_noise,20260806
15_03-01-04-02-02-01-15_aug3,Actor_15/03-01-04-02-02-01-15.wav,15,sad,train,3,same_emotion_blend_spectral_tilt_dropout,20260807
15_03-01-04-02-02-02-15_aug1,Actor_15/03-01-04-02-02-02-15.wav,15,sad,train,1,gain_shift_colored_noise,20260805
15_03-01-04-02-02-02-15_aug2,Actor_15/03-01-04-02-02-02-15.wav,15,sad,train,2,room_echo_smoothing_noise,20260806
15_03-01-04-02-02-02-15_aug3,Actor_15/03-01-04-02-02-02-15.wav,15,sad,train,3,same_emotion_blend_spectral_tilt_dropout,20260807
15_03-01-05-01-01-01-15_aug1,Actor_15/03-01-05-01-01-01-15.wav,15,angry,train,1,gain_shift_colored_noise,20260805
15_03-01-05-01-01-01-15_aug2,Actor_15/03-01-05-01-01-01-15.wav,15,angry,train,2,room_echo_smoothing_noise,20260806
15_03-01-05-01-01-01-15_aug3,Actor_15/03-01-05-01-01-01-15.wav,15,angry,train,3,same_emotion_blend_spectral_tilt_dropout,20260807
15_03-01-05-01-01-02-15_aug1,Actor_15/03-01-05-01-01-02-15.wav,15,angry,train,1,gain_shift_colored_noise,20260805
15_03-01-05-01-01-02-15_aug2,Actor_15/03-01-05-01-01-02-15.wav,15,angry,train,2,room_echo_smoothing_noise,20260806
15_03-01-05-01-01-02-15_aug3,Actor_15/03-01-05-01-01-02-15.wav,15,angry,train,3,same_emotion_blend_spectral_tilt_dropout,20260807
15_03-01-05-01-02-01-15_aug1,Actor_15/03-01-05-01-02-01-15.wav,15,angry,train,1,gain_shift_colored_noise,20260805
15_03-01-05-01-02-01-15_aug2,Actor_15/03-01-05-01-02-01-15.wav,15,angry,train,2,room_echo_smoothing_noise,20260806
15_03-01-05-01-02-01-15_aug3,Actor_15/03-01-05-01-02-01-15.wav,15,angry,train,3,same_emotion_blend_spectral_tilt_dropout,20260807
15_03-01-05-01-02-02-15_aug1,Actor_15/03-01-05-01-02-02-15.wav,15,angry,train,1,gain_shift_colored_noise,20260805
15_03-01-05-01-02-02-15_aug2,Actor_15/03-01-05-01-02-02-15.wav,15,angry,train,2,room_echo_smoothing_noise,20260806
15_03-01-05-01-02-02-15_aug3,Actor_15/03-01-05-01-02-02-15.wav,15,angry,train,3,same_emotion_blend_spectral_tilt_dropout,20260807
15_03-01-05-02-01-01-15_aug1,Actor_15/03-01-05-02-01-01-15.wav,15,angry,train,1,gain_shift_colored_noise,20260805
15_03-01-05-02-01-01-15_aug2,Actor_15/03-01-05-02-01-01-15.wav,15,angry,train,2,room_echo_smoothing_noise,20260806
15_03-01-05-02-01-01-15_aug3,Actor_15/03-01-05-02-01-01-15.wav,15,angry,train,3,same_emotion_blend_spectral_tilt_dropout,20260807
15_03-01-05-02-01-02-15_aug1,Actor_15/03-01-05-02-01-02-15.wav,15,angry,train,1,gain_shift_colored_noise,20260805
15_03-01-05-02-01-02-15_aug2,Actor_15/03-01-05-02-01-02-15.wav,15,angry,train,2,room_echo_smoothing_noise,20260806
15_03-01-05-02-01-02-15_aug3,Actor_15/03-01-05-02-01-02-15.wav,15,angry,train,3,same_emotion_blend_spectral_tilt_dropout,20260807
15_03-01-05-02-02-01-15_aug1,Actor_15/03-01-05-02-02-01-15.wav,15,angry,train,1,gain_shift_colored_noise,20260805
15_03-01-05-02-02-01-15_aug2,Actor_15/03-01-05-02-02-01-15.wav,15,angry,train,2,room_echo_smoothing_noise,20260806
15_03-01-05-02-02-01-15_aug3,Actor_15/03-01-05-02-02-01-15.wav,15,angry,train,3,same_emotion_blend_spectral_tilt_dropout,20260807
15_03-01-05-02-02-02-15_aug1,Actor_15/03-01-05-02-02-02-15.wav,15,angry,train,1,gain_shift_colored_noise,20260805
15_03-01-05-02-02-02-15_aug2,Actor_15/03-01-05-02-02-02-15.wav,15,angry,train,2,room_echo_smoothing_noise,20260806
15_03-01-05-02-02-02-15_aug3,Actor_15/03-01-05-02-02-02-15.wav,15,angry,train,3,same_emotion_blend_spectral_tilt_dropout,20260807
15_03-01-06-01-01-01-15_aug1,Actor_15/03-01-06-01-01-01-15.wav,15,fear,train,1,gain_shift_colored_noise,20260805
15_03-01-06-01-01-01-15_aug2,Actor_15/03-01-06-01-01-01-15.wav,15,fear,train,2,room_echo_smoothing_noise,20260806
15_03-01-06-01-01-01-15_aug3,Actor_15/03-01-06-01-01-01-15.wav,15,fear,train,3,same_emotion_blend_spectral_tilt_dropout,20260807
15_03-01-06-01-01-02-15_aug1,Actor_15/03-01-06-01-01-02-15.wav,15,fear,train,1,gain_shift_colored_noise,20260805
15_03-01-06-01-01-02-15_aug2,Actor_15/03-01-06-01-01-02-15.wav,15,fear,train,2,room_echo_smoothing_noise,20260806
15_03-01-06-01-01-02-15_aug3,Actor_15/03-01-06-01-01-02-15.wav,15,fear,train,3,same_emotion_blend_spectral_tilt_dropout,20260807
15_03-01-06-01-02-01-15_aug1,Actor_15/03-01-06-01-02-01-15.wav,15,fear,train,1,gain_shift_colored_noise,20260805
15_03-01-06-01-02-01-15_aug2,Actor_15/03-01-06-01-02-01-15.wav,15,fear,train,2,room_echo_smoothing_noise,20260806
15_03-01-06-01-02-01-15_aug3,Actor_15/03-01-06-01-02-01-15.wav,15,fear,train,3,same_emotion_blend_spectral_tilt_dropout,20260807
15_03-01-06-01-02-02-15_aug1,Actor_15/03-01-06-01-02-02-15.wav,15,fear,train,1,gain_shift_colored_noise,20260805
15_03-01-06-01-02-02-15_aug2,Actor_15/03-01-06-01-02-02-15.wav,15,fear,train,2,room_echo_smoothing_noise,20260806
15_03-01-06-01-02-02-15_aug3,Actor_15/03-01-06-01-02-02-15.wav,15,fear,train,3,same_emotion_blend_spectral_tilt_dropout,20260807
15_03-01-06-02-01-01-15_aug1,Actor_15/03-01-06-02-01-01-15.wav,15,fear,train,1,gain_shift_colored_noise,20260805
15_03-01-06-02-01-01-15_aug2,Actor_15/03-01-06-02-01-01-15.wav,15,fear,train,2,room_echo_smoothing_noise,20260806
15_03-01-06-02-01-01-15_aug3,Actor_15/03-01-06-02-01-01-15.wav,15,fear,train,3,same_emotion_blend_spectral_tilt_dropout,20260807
15_03-01-06-02-01-02-15_aug1,Actor_15/03-01-06-02-01-02-15.wav,15,fear,train,1,gain_shift_colored_noise,20260805
15_03-01-06-02-01-02-15_aug2,Actor_15/03-01-06-02-01-02-15.wav,15,fear,train,2,room_echo_smoothing_noise,20260806
15_03-01-06-02-01-02-15_aug3,Actor_15/03-01-06-02-01-02-15.wav,15,fear,train,3,same_emotion_blend_spectral_tilt_dropout,20260807
15_03-01-06-02-02-01-15_aug1,Actor_15/03-01-06-02-02-01-15.wav,15,fear,train,1,gain_shift_colored_noise,20260805
15_03-01-06-02-02-01-15_aug2,Actor_15/03-01-06-02-02-01-15.wav,15,fear,train,2,room_echo_smoothing_noise,20260806
15_03-01-06-02-02-01-15_aug3,Actor_15/03-01-06-02-02-01-15.wav,15,fear,train,3,same_emotion_blend_spectral_tilt_dropout,20260807
15_03-01-06-02-02-02-15_aug1,Actor_15/03-01-06-02-02-02-15.wav,15,fear,train,1,gain_shift_colored_noise,20260805
15_03-01-06-02-02-02-15_aug2,Actor_15/03-01-06-02-02-02-15.wav,15,fear,train,2,room_echo_smoothing_noise,20260806
15_03-01-06-02-02-02-15_aug3,Actor_15/03-01-06-02-02-02-15.wav,15,fear,train,3,same_emotion_blend_spectral_tilt_dropout,20260807
15_03-01-07-01-01-01-15_aug1,Actor_15/03-01-07-01-01-01-15.wav,15,disgust,train,1,gain_shift_colored_noise,20260805
15_03-01-07-01-01-01-15_aug2,Actor_15/03-01-07-01-01-01-15.wav,15,disgust,train,2,room_echo_smoothing_noise,20260806
15_03-01-07-01-01-01-15_aug3,Actor_15/03-01-07-01-01-01-15.wav,15,disgust,train,3,same_emotion_blend_spectral_tilt_dropout,20260807
15_03-01-07-01-01-02-15_aug1,Actor_15/03-01-07-01-01-02-15.wav,15,disgust,train,1,gain_shift_colored_noise,20260805
15_03-01-07-01-01-02-15_aug2,Actor_15/03-01-07-01-01-02-15.wav,15,disgust,train,2,room_echo_smoothing_noise,20260806
15_03-01-07-01-01-02-15_aug3,Actor_15/03-01-07-01-01-02-15.wav,15,disgust,train,3,same_emotion_blend_spectral_tilt_dropout,20260807
15_03-01-07-01-02-01-15_aug1,Actor_15/03-01-07-01-02-01-15.wav,15,disgust,train,1,gain_shift_colored_noise,20260805
15_03-01-07-01-02-01-15_aug2,Actor_15/03-01-07-01-02-01-15.wav,15,disgust,train,2,room_echo_smoothing_noise,20260806
15_03-01-07-01-02-01-15_aug3,Actor_15/03-01-07-01-02-01-15.wav,15,disgust,train,3,same_emotion_blend_spectral_tilt_dropout,20260807
15_03-01-07-01-02-02-15_aug1,Actor_15/03-01-07-01-02-02-15.wav,15,disgust,train,1,gain_shift_colored_noise,20260805
15_03-01-07-01-02-02-15_aug2,Actor_15/03-01-07-01-02-02-15.wav,15,disgust,train,2,room_echo_smoothing_noise,20260806
15_03-01-07-01-02-02-15_aug3,Actor_15/03-01-07-01-02-02-15.wav,15,disgust,train,3,same_emotion_blend_spectral_tilt_dropout,20260807
15_03-01-07-02-01-01-15_aug1,Actor_15/03-01-07-02-01-01-15.wav,15,disgust,train,1,gain_shift_colored_noise,20260805
15_03-01-07-02-01-01-15_aug2,Actor_15/03-01-07-02-01-01-15.wav,15,disgust,train,2,room_echo_smoothing_noise,20260806
15_03-01-07-02-01-01-15_aug3,Actor_15/03-01-07-02-01-01-15.wav,15,disgust,train,3,same_emotion_blend_spectral_tilt_dropout,20260807
15_03-01-07-02-01-02-15_aug1,Actor_15/03-01-07-02-01-02-15.wav,15,disgust,train,1,gain_shift_colored_noise,20260805
15_03-01-07-02-01-02-15_aug2,Actor_15/03-01-07-02-01-02-15.wav,15,disgust,train,2,room_echo_smoothing_noise,20260806
15_03-01-07-02-01-02-15_aug3,Actor_15/03-01-07-02-01-02-15.wav,15,disgust,train,3,same_emotion_blend_spectral_tilt_dropout,20260807
15_03-01-07-02-02-01-15_aug1,Actor_15/03-01-07-02-02-01-15.wav,15,disgust,train,1,gain_shift_colored_noise,20260805
15_03-01-07-02-02-01-15_aug2,Actor_15/03-01-07-02-02-01-15.wav,15,disgust,train,2,room_echo_smoothing_noise,20260806
15_03-01-07-02-02-01-15_aug3,Actor_15/03-01-07-02-02-01-15.wav,15,disgust,train,3,same_emotion_blend_spectral_tilt_dropout,20260807
15_03-01-07-02-02-02-15_aug1,Actor_15/03-01-07-02-02-02-15.wav,15,disgust,train,1,gain_shift_colored_noise,20260805
15_03-01-07-02-02-02-15_aug2,Actor_15/03-01-07-02-02-02-15.wav,15,disgust,train,2,room_echo_smoothing_noise,20260806
15_03-01-07-02-02-02-15_aug3,Actor_15/03-01-07-02-02-02-15.wav,15,disgust,train,3,same_emotion_blend_spectral_tilt_dropout,20260807
15_03-01-08-01-01-01-15_aug1,Actor_15/03-01-08-01-01-01-15.wav,15,surprise,train,1,gain_shift_colored_noise,20260805
15_03-01-08-01-01-01-15_aug2,Actor_15/03-01-08-01-01-01-15.wav,15,surprise,train,2,room_echo_smoothing_noise,20260806
15_03-01-08-01-01-01-15_aug3,Actor_15/03-01-08-01-01-01-15.wav,15,surprise,train,3,same_emotion_blend_spectral_tilt_dropout,20260807
15_03-01-08-01-01-02-15_aug1,Actor_15/03-01-08-01-01-02-15.wav,15,surprise,train,1,gain_shift_colored_noise,20260805
15_03-01-08-01-01-02-15_aug2,Actor_15/03-01-08-01-01-02-15.wav,15,surprise,train,2,room_echo_smoothing_noise,20260806
15_03-01-08-01-01-02-15_aug3,Actor_15/03-01-08-01-01-02-15.wav,15,surprise,train,3,same_emotion_blend_spectral_tilt_dropout,20260807
15_03-01-08-01-02-01-15_aug1,Actor_15/03-01-08-01-02-01-15.wav,15,surprise,train,1,gain_shift_colored_noise,20260805
15_03-01-08-01-02-01-15_aug2,Actor_15/03-01-08-01-02-01-15.wav,15,surprise,train,2,room_echo_smoothing_noise,20260806
15_03-01-08-01-02-01-15_aug3,Actor_15/03-01-08-01-02-01-15.wav,15,surprise,train,3,same_emotion_blend_spectral_tilt_dropout,20260807
15_03-01-08-01-02-02-15_aug1,Actor_15/03-01-08-01-02-02-15.wav,15,surprise,train,1,gain_shift_colored_noise,20260805
15_03-01-08-01-02-02-15_aug2,Actor_15/03-01-08-01-02-02-15.wav,15,surprise,train,2,room_echo_smoothing_noise,20260806
15_03-01-08-01-02-02-15_aug3,Actor_15/03-01-08-01-02-02-15.wav,15,surprise,train,3,same_emotion_blend_spectral_tilt_dropout,20260807
15_03-01-08-02-01-01-15_aug1,Actor_15/03-01-08-02-01-01-15.wav,15,surprise,train,1,gain_shift_colored_noise,20260805
15_03-01-08-02-01-01-15_aug2,Actor_15/03-01-08-02-01-01-15.wav,15,surprise,train,2,room_echo_smoothing_noise,20260806
15_03-01-08-02-01-01-15_aug3,Actor_15/03-01-08-02-01-01-15.wav,15,surprise,train,3,same_emotion_blend_spectral_tilt_dropout,20260807
15_03-01-08-02-01-02-15_aug1,Actor_15/03-01-08-02-01-02-15.wav,15,surprise,train,1,gain_shift_colored_noise,20260805
15_03-01-08-02-01-02-15_aug2,Actor_15/03-01-08-02-01-02-15.wav,15,surprise,train,2,room_echo_smoothing_noise,20260806
15_03-01-08-02-01-02-15_aug3,Actor_15/03-01-08-02-01-02-15.wav,15,surprise,train,3,same_emotion_blend_spectral_tilt_dropout,20260807
15_03-01-08-02-02-01-15_aug1,Actor_15/03-01-08-02-02-01-15.wav,15,surprise,train,1,gain_shift_colored_noise,20260805
15_03-01-08-02-02-01-15_aug2,Actor_15/03-01-08-02-02-01-15.wav,15,surprise,train,2,room_echo_smoothing_noise,20260806
15_03-01-08-02-02-01-15_aug3,Actor_15/03-01-08-02-02-01-15.wav,15,surprise,train,3,same_emotion_blend_spectral_tilt_dropout,20260807
15_03-01-08-02-02-02-15_aug1,Actor_15/03-01-08-02-02-02-15.wav,15,surprise,train,1,gain_shift_colored_noise,20260805
15_03-01-08-02-02-02-15_aug2,Actor_15/03-01-08-02-02-02-15.wav,15,surprise,train,2,room_echo_smoothing_noise,20260806
15_03-01-08-02-02-02-15_aug3,Actor_15/03-01-08-02-02-02-15.wav,15,surprise,train,3,same_emotion_blend_spectral_tilt_dropout,20260807
16_03-01-01-01-01-01-16_aug1,Actor_16/03-01-01-01-01-01-16.wav,16,neutral,train,1,gain_shift_colored_noise,20260805
16_03-01-01-01-01-01-16_aug2,Actor_16/03-01-01-01-01-01-16.wav,16,neutral,train,2,room_echo_smoothing_noise,20260806
16_03-01-01-01-01-01-16_aug3,Actor_16/03-01-01-01-01-01-16.wav,16,neutral,train,3,same_emotion_blend_spectral_tilt_dropout,20260807
16_03-01-01-01-01-02-16_aug1,Actor_16/03-01-01-01-01-02-16.wav,16,neutral,train,1,gain_shift_colored_noise,20260805
16_03-01-01-01-01-02-16_aug2,Actor_16/03-01-01-01-01-02-16.wav,16,neutral,train,2,room_echo_smoothing_noise,20260806
16_03-01-01-01-01-02-16_aug3,Actor_16/03-01-01-01-01-02-16.wav,16,neutral,train,3,same_emotion_blend_spectral_tilt_dropout,20260807
16_03-01-01-01-02-01-16_aug1,Actor_16/03-01-01-01-02-01-16.wav,16,neutral,train,1,gain_shift_colored_noise,20260805
16_03-01-01-01-02-01-16_aug2,Actor_16/03-01-01-01-02-01-16.wav,16,neutral,train,2,room_echo_smoothing_noise,20260806
16_03-01-01-01-02-01-16_aug3,Actor_16/03-01-01-01-02-01-16.wav,16,neutral,train,3,same_emotion_blend_spectral_tilt_dropout,20260807
16_03-01-01-01-02-02-16_aug1,Actor_16/03-01-01-01-02-02-16.wav,16,neutral,train,1,gain_shift_colored_noise,20260805
16_03-01-01-01-02-02-16_aug2,Actor_16/03-01-01-01-02-02-16.wav,16,neutral,train,2,room_echo_smoothing_noise,20260806
16_03-01-01-01-02-02-16_aug3,Actor_16/03-01-01-01-02-02-16.wav,16,neutral,train,3,same_emotion_blend_spectral_tilt_dropout,20260807
16_03-01-02-01-01-01-16_aug1,Actor_16/03-01-02-01-01-01-16.wav,16,neutral,train,1,gain_shift_colored_noise,20260805
16_03-01-02-01-01-01-16_aug2,Actor_16/03-01-02-01-01-01-16.wav,16,neutral,train,2,room_echo_smoothing_noise,20260806
16_03-01-02-01-01-01-16_aug3,Actor_16/03-01-02-01-01-01-16.wav,16,neutral,train,3,same_emotion_blend_spectral_tilt_dropout,20260807
16_03-01-02-01-01-02-16_aug1,Actor_16/03-01-02-01-01-02-16.wav,16,neutral,train,1,gain_shift_colored_noise,20260805
16_03-01-02-01-01-02-16_aug2,Actor_16/03-01-02-01-01-02-16.wav,16,neutral,train,2,room_echo_smoothing_noise,20260806
16_03-01-02-01-01-02-16_aug3,Actor_16/03-01-02-01-01-02-16.wav,16,neutral,train,3,same_emotion_blend_spectral_tilt_dropout,20260807
16_03-01-02-01-02-01-16_aug1,Actor_16/03-01-02-01-02-01-16.wav,16,neutral,train,1,gain_shift_colored_noise,20260805
16_03-01-02-01-02-01-16_aug2,Actor_16/03-01-02-01-02-01-16.wav,16,neutral,train,2,room_echo_smoothing_noise,20260806
16_03-01-02-01-02-01-16_aug3,Actor_16/03-01-02-01-02-01-16.wav,16,neutral,train,3,same_emotion_blend_spectral_tilt_dropout,20260807
16_03-01-02-01-02-02-16_aug1,Actor_16/03-01-02-01-02-02-16.wav,16,neutral,train,1,gain_shift_colored_noise,20260805
16_03-01-02-01-02-02-16_aug2,Actor_16/03-01-02-01-02-02-16.wav,16,neutral,train,2,room_echo_smoothing_noise,20260806
16_03-01-02-01-02-02-16_aug3,Actor_16/03-01-02-01-02-02-16.wav,16,neutral,train,3,same_emotion_blend_spectral_tilt_dropout,20260807
16_03-01-02-02-01-01-16_aug1,Actor_16/03-01-02-02-01-01-16.wav,16,neutral,train,1,gain_shift_colored_noise,20260805
16_03-01-02-02-01-01-16_aug2,Actor_16/03-01-02-02-01-01-16.wav,16,neutral,train,2,room_echo_smoothing_noise,20260806
16_03-01-02-02-01-01-16_aug3,Actor_16/03-01-02-02-01-01-16.wav,16,neutral,train,3,same_emotion_blend_spectral_tilt_dropout,20260807
16_03-01-02-02-01-02-16_aug1,Actor_16/03-01-02-02-01-02-16.wav,16,neutral,train,1,gain_shift_colored_noise,20260805
16_03-01-02-02-01-02-16_aug2,Actor_16/03-01-02-02-01-02-16.wav,16,neutral,train,2,room_echo_smoothing_noise,20260806
16_03-01-02-02-01-02-16_aug3,Actor_16/03-01-02-02-01-02-16.wav,16,neutral,train,3,same_emotion_blend_spectral_tilt_dropout,20260807
16_03-01-02-02-02-01-16_aug1,Actor_16/03-01-02-02-02-01-16.wav,16,neutral,train,1,gain_shift_colored_noise,20260805
16_03-01-02-02-02-01-16_aug2,Actor_16/03-01-02-02-02-01-16.wav,16,neutral,train,2,room_echo_smoothing_noise,20260806
16_03-01-02-02-02-01-16_aug3,Actor_16/03-01-02-02-02-01-16.wav,16,neutral,train,3,same_emotion_blend_spectral_tilt_dropout,20260807
16_03-01-02-02-02-02-16_aug1,Actor_16/03-01-02-02-02-02-16.wav,16,neutral,train,1,gain_shift_colored_noise,20260805
16_03-01-02-02-02-02-16_aug2,Actor_16/03-01-02-02-02-02-16.wav,16,neutral,train,2,room_echo_smoothing_noise,20260806
16_03-01-02-02-02-02-16_aug3,Actor_16/03-01-02-02-02-02-16.wav,16,neutral,train,3,same_emotion_blend_spectral_tilt_dropout,20260807
16_03-01-03-01-01-01-16_aug1,Actor_16/03-01-03-01-01-01-16.wav,16,happy,train,1,gain_shift_colored_noise,20260805
16_03-01-03-01-01-01-16_aug2,Actor_16/03-01-03-01-01-01-16.wav,16,happy,train,2,room_echo_smoothing_noise,20260806
16_03-01-03-01-01-01-16_aug3,Actor_16/03-01-03-01-01-01-16.wav,16,happy,train,3,same_emotion_blend_spectral_tilt_dropout,20260807
16_03-01-03-01-01-02-16_aug1,Actor_16/03-01-03-01-01-02-16.wav,16,happy,train,1,gain_shift_colored_noise,20260805
16_03-01-03-01-01-02-16_aug2,Actor_16/03-01-03-01-01-02-16.wav,16,happy,train,2,room_echo_smoothing_noise,20260806
16_03-01-03-01-01-02-16_aug3,Actor_16/03-01-03-01-01-02-16.wav,16,happy,train,3,same_emotion_blend_spectral_tilt_dropout,20260807
16_03-01-03-01-02-01-16_aug1,Actor_16/03-01-03-01-02-01-16.wav,16,happy,train,1,gain_shift_colored_noise,20260805
16_03-01-03-01-02-01-16_aug2,Actor_16/03-01-03-01-02-01-16.wav,16,happy,train,2,room_echo_smoothing_noise,20260806
16_03-01-03-01-02-01-16_aug3,Actor_16/03-01-03-01-02-01-16.wav,16,happy,train,3,same_emotion_blend_spectral_tilt_dropout,20260807
16_03-01-03-01-02-02-16_aug1,Actor_16/03-01-03-01-02-02-16.wav,16,happy,train,1,gain_shift_colored_noise,20260805
16_03-01-03-01-02-02-16_aug2,Actor_16/03-01-03-01-02-02-16.wav,16,happy,train,2,room_echo_smoothing_noise,20260806
16_03-01-03-01-02-02-16_aug3,Actor_16/03-01-03-01-02-02-16.wav,16,happy,train,3,same_emotion_blend_spectral_tilt_dropout,20260807
16_03-01-03-02-01-01-16_aug1,Actor_16/03-01-03-02-01-01-16.wav,16,happy,train,1,gain_shift_colored_noise,20260805
16_03-01-03-02-01-01-16_aug2,Actor_16/03-01-03-02-01-01-16.wav,16,happy,train,2,room_echo_smoothing_noise,20260806
16_03-01-03-02-01-01-16_aug3,Actor_16/03-01-03-02-01-01-16.wav,16,happy,train,3,same_emotion_blend_spectral_tilt_dropout,20260807
16_03-01-03-02-01-02-16_aug1,Actor_16/03-01-03-02-01-02-16.wav,16,happy,train,1,gain_shift_colored_noise,20260805
16_03-01-03-02-01-02-16_aug2,Actor_16/03-01-03-02-01-02-16.wav,16,happy,train,2,room_echo_smoothing_noise,20260806
16_03-01-03-02-01-02-16_aug3,Actor_16/03-01-03-02-01-02-16.wav,16,happy,train,3,same_emotion_blend_spectral_tilt_dropout,20260807
16_03-01-03-02-02-01-16_aug1,Actor_16/03-01-03-02-02-01-16.wav,16,happy,train,1,gain_shift_colored_noise,20260805
16_03-01-03-02-02-01-16_aug2,Actor_16/03-01-03-02-02-01-16.wav,16,happy,train,2,room_echo_smoothing_noise,20260806
16_03-01-03-02-02-01-16_aug3,Actor_16/03-01-03-02-02-01-16.wav,16,happy,train,3,same_emotion_blend_spectral_tilt_dropout,20260807
16_03-01-03-02-02-02-16_aug1,Actor_16/03-01-03-02-02-02-16.wav,16,happy,train,1,gain_shift_colored_noise,20260805
16_03-01-03-02-02-02-16_aug2,Actor_16/03-01-03-02-02-02-16.wav,16,happy,train,2,room_echo_smoothing_noise,20260806
16_03-01-03-02-02-02-16_aug3,Actor_16/03-01-03-02-02-02-16.wav,16,happy,train,3,same_emotion_blend_spectral_tilt_dropout,20260807
16_03-01-04-01-01-01-16_aug1,Actor_16/03-01-04-01-01-01-16.wav,16,sad,train,1,gain_shift_colored_noise,20260805
16_03-01-04-01-01-01-16_aug2,Actor_16/03-01-04-01-01-01-16.wav,16,sad,train,2,room_echo_smoothing_noise,20260806
16_03-01-04-01-01-01-16_aug3,Actor_16/03-01-04-01-01-01-16.wav,16,sad,train,3,same_emotion_blend_spectral_tilt_dropout,20260807
16_03-01-04-01-01-02-16_aug1,Actor_16/03-01-04-01-01-02-16.wav,16,sad,train,1,gain_shift_colored_noise,20260805
16_03-01-04-01-01-02-16_aug2,Actor_16/03-01-04-01-01-02-16.wav,16,sad,train,2,room_echo_smoothing_noise,20260806
16_03-01-04-01-01-02-16_aug3,Actor_16/03-01-04-01-01-02-16.wav,16,sad,train,3,same_emotion_blend_spectral_tilt_dropout,20260807
16_03-01-04-01-02-01-16_aug1,Actor_16/03-01-04-01-02-01-16.wav,16,sad,train,1,gain_shift_colored_noise,20260805
16_03-01-04-01-02-01-16_aug2,Actor_16/03-01-04-01-02-01-16.wav,16,sad,train,2,room_echo_smoothing_noise,20260806
16_03-01-04-01-02-01-16_aug3,Actor_16/03-01-04-01-02-01-16.wav,16,sad,train,3,same_emotion_blend_spectral_tilt_dropout,20260807
16_03-01-04-01-02-02-16_aug1,Actor_16/03-01-04-01-02-02-16.wav,16,sad,train,1,gain_shift_colored_noise,20260805
16_03-01-04-01-02-02-16_aug2,Actor_16/03-01-04-01-02-02-16.wav,16,sad,train,2,room_echo_smoothing_noise,20260806
16_03-01-04-01-02-02-16_aug3,Actor_16/03-01-04-01-02-02-16.wav,16,sad,train,3,same_emotion_blend_spectral_tilt_dropout,20260807
16_03-01-04-02-01-01-16_aug1,Actor_16/03-01-04-02-01-01-16.wav,16,sad,train,1,gain_shift_colored_noise,20260805
16_03-01-04-02-01-01-16_aug2,Actor_16/03-01-04-02-01-01-16.wav,16,sad,train,2,room_echo_smoothing_noise,20260806
16_03-01-04-02-01-01-16_aug3,Actor_16/03-01-04-02-01-01-16.wav,16,sad,train,3,same_emotion_blend_spectral_tilt_dropout,20260807
16_03-01-04-02-01-02-16_aug1,Actor_16/03-01-04-02-01-02-16.wav,16,sad,train,1,gain_shift_colored_noise,20260805
16_03-01-04-02-01-02-16_aug2,Actor_16/03-01-04-02-01-02-16.wav,16,sad,train,2,room_echo_smoothing_noise,20260806
16_03-01-04-02-01-02-16_aug3,Actor_16/03-01-04-02-01-02-16.wav,16,sad,train,3,same_emotion_blend_spectral_tilt_dropout,20260807
16_03-01-04-02-02-01-16_aug1,Actor_16/03-01-04-02-02-01-16.wav,16,sad,train,1,gain_shift_colored_noise,20260805
16_03-01-04-02-02-01-16_aug2,Actor_16/03-01-04-02-02-01-16.wav,16,sad,train,2,room_echo_smoothing_noise,20260806
16_03-01-04-02-02-01-16_aug3,Actor_16/03-01-04-02-02-01-16.wav,16,sad,train,3,same_emotion_blend_spectral_tilt_dropout,20260807
16_03-01-04-02-02-02-16_aug1,Actor_16/03-01-04-02-02-02-16.wav,16,sad,train,1,gain_shift_colored_noise,20260805
16_03-01-04-02-02-02-16_aug2,Actor_16/03-01-04-02-02-02-16.wav,16,sad,train,2,room_echo_smoothing_noise,20260806
16_03-01-04-02-02-02-16_aug3,Actor_16/03-01-04-02-02-02-16.wav,16,sad,train,3,same_emotion_blend_spectral_tilt_dropout,20260807
16_03-01-05-01-01-01-16_aug1,Actor_16/03-01-05-01-01-01-16.wav,16,angry,train,1,gain_shift_colored_noise,20260805
16_03-01-05-01-01-01-16_aug2,Actor_16/03-01-05-01-01-01-16.wav,16,angry,train,2,room_echo_smoothing_noise,20260806
16_03-01-05-01-01-01-16_aug3,Actor_16/03-01-05-01-01-01-16.wav,16,angry,train,3,same_emotion_blend_spectral_tilt_dropout,20260807
16_03-01-05-01-01-02-16_aug1,Actor_16/03-01-05-01-01-02-16.wav,16,angry,train,1,gain_shift_colored_noise,20260805
16_03-01-05-01-01-02-16_aug2,Actor_16/03-01-05-01-01-02-16.wav,16,angry,train,2,room_echo_smoothing_noise,20260806
16_03-01-05-01-01-02-16_aug3,Actor_16/03-01-05-01-01-02-16.wav,16,angry,train,3,same_emotion_blend_spectral_tilt_dropout,20260807
16_03-01-05-01-02-01-16_aug1,Actor_16/03-01-05-01-02-01-16.wav,16,angry,train,1,gain_shift_colored_noise,20260805
16_03-01-05-01-02-01-16_aug2,Actor_16/03-01-05-01-02-01-16.wav,16,angry,train,2,room_echo_smoothing_noise,20260806
16_03-01-05-01-02-01-16_aug3,Actor_16/03-01-05-01-02-01-16.wav,16,angry,train,3,same_emotion_blend_spectral_tilt_dropout,20260807
16_03-01-05-01-02-02-16_aug1,Actor_16/03-01-05-01-02-02-16.wav,16,angry,train,1,gain_shift_colored_noise,20260805
16_03-01-05-01-02-02-16_aug2,Actor_16/03-01-05-01-02-02-16.wav,16,angry,train,2,room_echo_smoothing_noise,20260806
16_03-01-05-01-02-02-16_aug3,Actor_16/03-01-05-01-02-02-16.wav,16,angry,train,3,same_emotion_blend_spectral_tilt_dropout,20260807
16_03-01-05-02-01-01-16_aug1,Actor_16/03-01-05-02-01-01-16.wav,16,angry,train,1,gain_shift_colored_noise,20260805
16_03-01-05-02-01-01-16_aug2,Actor_16/03-01-05-02-01-01-16.wav,16,angry,train,2,room_echo_smoothing_noise,20260806
16_03-01-05-02-01-01-16_aug3,Actor_16/03-01-05-02-01-01-16.wav,16,angry,train,3,same_emotion_blend_spectral_tilt_dropout,20260807
16_03-01-05-02-01-02-16_aug1,Actor_16/03-01-05-02-01-02-16.wav,16,angry,train,1,gain_shift_colored_noise,20260805
16_03-01-05-02-01-02-16_aug2,Actor_16/03-01-05-02-01-02-16.wav,16,angry,train,2,room_echo_smoothing_noise,20260806
16_03-01-05-02-01-02-16_aug3,Actor_16/03-01-05-02-01-02-16.wav,16,angry,train,3,same_emotion_blend_spectral_tilt_dropout,20260807
16_03-01-05-02-02-01-16_aug1,Actor_16/03-01-05-02-02-01-16.wav,16,angry,train,1,gain_shift_colored_noise,20260805
16_03-01-05-02-02-01-16_aug2,Actor_16/03-01-05-02-02-01-16.wav,16,angry,train,2,room_echo_smoothing_noise,20260806
16_03-01-05-02-02-01-16_aug3,Actor_16/03-01-05-02-02-01-16.wav,16,angry,train,3,same_emotion_blend_spectral_tilt_dropout,20260807
16_03-01-05-02-02-02-16_aug1,Actor_16/03-01-05-02-02-02-16.wav,16,angry,train,1,gain_shift_colored_noise,20260805
16_03-01-05-02-02-02-16_aug2,Actor_16/03-01-05-02-02-02-16.wav,16,angry,train,2,room_echo_smoothing_noise,20260806
16_03-01-05-02-02-02-16_aug3,Actor_16/03-01-05-02-02-02-16.wav,16,angry,train,3,same_emotion_blend_spectral_tilt_dropout,20260807
16_03-01-06-01-01-01-16_aug1,Actor_16/03-01-06-01-01-01-16.wav,16,fear,train,1,gain_shift_colored_noise,20260805
16_03-01-06-01-01-01-16_aug2,Actor_16/03-01-06-01-01-01-16.wav,16,fear,train,2,room_echo_smoothing_noise,20260806
16_03-01-06-01-01-01-16_aug3,Actor_16/03-01-06-01-01-01-16.wav,16,fear,train,3,same_emotion_blend_spectral_tilt_dropout,20260807
16_03-01-06-01-01-02-16_aug1,Actor_16/03-01-06-01-01-02-16.wav,16,fear,train,1,gain_shift_colored_noise,20260805
16_03-01-06-01-01-02-16_aug2,Actor_16/03-01-06-01-01-02-16.wav,16,fear,train,2,room_echo_smoothing_noise,20260806
16_03-01-06-01-01-02-16_aug3,Actor_16/03-01-06-01-01-02-16.wav,16,fear,train,3,same_emotion_blend_spectral_tilt_dropout,20260807
16_03-01-06-01-02-01-16_aug1,Actor_16/03-01-06-01-02-01-16.wav,16,fear,train,1,gain_shift_colored_noise,20260805
16_03-01-06-01-02-01-16_aug2,Actor_16/03-01-06-01-02-01-16.wav,16,fear,train,2,room_echo_smoothing_noise,20260806
16_03-01-06-01-02-01-16_aug3,Actor_16/03-01-06-01-02-01-16.wav,16,fear,train,3,same_emotion_blend_spectral_tilt_dropout,20260807
16_03-01-06-01-02-02-16_aug1,Actor_16/03-01-06-01-02-02-16.wav,16,fear,train,1,gain_shift_colored_noise,20260805
16_03-01-06-01-02-02-16_aug2,Actor_16/03-01-06-01-02-02-16.wav,16,fear,train,2,room_echo_smoothing_noise,20260806
16_03-01-06-01-02-02-16_aug3,Actor_16/03-01-06-01-02-02-16.wav,16,fear,train,3,same_emotion_blend_spectral_tilt_dropout,20260807
16_03-01-06-02-01-01-16_aug1,Actor_16/03-01-06-02-01-01-16.wav,16,fear,train,1,gain_shift_colored_noise,20260805
16_03-01-06-02-01-01-16_aug2,Actor_16/03-01-06-02-01-01-16.wav,16,fear,train,2,room_echo_smoothing_noise,20260806
16_03-01-06-02-01-01-16_aug3,Actor_16/03-01-06-02-01-01-16.wav,16,fear,train,3,same_emotion_blend_spectral_tilt_dropout,20260807
16_03-01-06-02-01-02-16_aug1,Actor_16/03-01-06-02-01-02-16.wav,16,fear,train,1,gain_shift_colored_noise,20260805
16_03-01-06-02-01-02-16_aug2,Actor_16/03-01-06-02-01-02-16.wav,16,fear,train,2,room_echo_smoothing_noise,20260806
16_03-01-06-02-01-02-16_aug3,Actor_16/03-01-06-02-01-02-16.wav,16,fear,train,3,same_emotion_blend_spectral_tilt_dropout,20260807
16_03-01-06-02-02-01-16_aug1,Actor_16/03-01-06-02-02-01-16.wav,16,fear,train,1,gain_shift_colored_noise,20260805
16_03-01-06-02-02-01-16_aug2,Actor_16/03-01-06-02-02-01-16.wav,16,fear,train,2,room_echo_smoothing_noise,20260806
16_03-01-06-02-02-01-16_aug3,Actor_16/03-01-06-02-02-01-16.wav,16,fear,train,3,same_emotion_blend_spectral_tilt_dropout,20260807
16_03-01-06-02-02-02-16_aug1,Actor_16/03-01-06-02-02-02-16.wav,16,fear,train,1,gain_shift_colored_noise,20260805
16_03-01-06-02-02-02-16_aug2,Actor_16/03-01-06-02-02-02-16.wav,16,fear,train,2,room_echo_smoothing_noise,20260806
16_03-01-06-02-02-02-16_aug3,Actor_16/03-01-06-02-02-02-16.wav,16,fear,train,3,same_emotion_blend_spectral_tilt_dropout,20260807
16_03-01-07-01-01-01-16_aug1,Actor_16/03-01-07-01-01-01-16.wav,16,disgust,train,1,gain_shift_colored_noise,20260805
16_03-01-07-01-01-01-16_aug2,Actor_16/03-01-07-01-01-01-16.wav,16,disgust,train,2,room_echo_smoothing_noise,20260806
16_03-01-07-01-01-01-16_aug3,Actor_16/03-01-07-01-01-01-16.wav,16,disgust,train,3,same_emotion_blend_spectral_tilt_dropout,20260807
16_03-01-07-01-01-02-16_aug1,Actor_16/03-01-07-01-01-02-16.wav,16,disgust,train,1,gain_shift_colored_noise,20260805
16_03-01-07-01-01-02-16_aug2,Actor_16/03-01-07-01-01-02-16.wav,16,disgust,train,2,room_echo_smoothing_noise,20260806
16_03-01-07-01-01-02-16_aug3,Actor_16/03-01-07-01-01-02-16.wav,16,disgust,train,3,same_emotion_blend_spectral_tilt_dropout,20260807
16_03-01-07-01-02-01-16_aug1,Actor_16/03-01-07-01-02-01-16.wav,16,disgust,train,1,gain_shift_colored_noise,20260805
16_03-01-07-01-02-01-16_aug2,Actor_16/03-01-07-01-02-01-16.wav,16,disgust,train,2,room_echo_smoothing_noise,20260806
16_03-01-07-01-02-01-16_aug3,Actor_16/03-01-07-01-02-01-16.wav,16,disgust,train,3,same_emotion_blend_spectral_tilt_dropout,20260807
16_03-01-07-01-02-02-16_aug1,Actor_16/03-01-07-01-02-02-16.wav,16,disgust,train,1,gain_shift_colored_noise,20260805
16_03-01-07-01-02-02-16_aug2,Actor_16/03-01-07-01-02-02-16.wav,16,disgust,train,2,room_echo_smoothing_noise,20260806
16_03-01-07-01-02-02-16_aug3,Actor_16/03-01-07-01-02-02-16.wav,16,disgust,train,3,same_emotion_blend_spectral_tilt_dropout,20260807
16_03-01-07-02-01-01-16_aug1,Actor_16/03-01-07-02-01-01-16.wav,16,disgust,train,1,gain_shift_colored_noise,20260805
16_03-01-07-02-01-01-16_aug2,Actor_16/03-01-07-02-01-01-16.wav,16,disgust,train,2,room_echo_smoothing_noise,20260806
16_03-01-07-02-01-01-16_aug3,Actor_16/03-01-07-02-01-01-16.wav,16,disgust,train,3,same_emotion_blend_spectral_tilt_dropout,20260807
16_03-01-07-02-01-02-16_aug1,Actor_16/03-01-07-02-01-02-16.wav,16,disgust,train,1,gain_shift_colored_noise,20260805
16_03-01-07-02-01-02-16_aug2,Actor_16/03-01-07-02-01-02-16.wav,16,disgust,train,2,room_echo_smoothing_noise,20260806
16_03-01-07-02-01-02-16_aug3,Actor_16/03-01-07-02-01-02-16.wav,16,disgust,train,3,same_emotion_blend_spectral_tilt_dropout,20260807
16_03-01-07-02-02-01-16_aug1,Actor_16/03-01-07-02-02-01-16.wav,16,disgust,train,1,gain_shift_colored_noise,20260805
16_03-01-07-02-02-01-16_aug2,Actor_16/03-01-07-02-02-01-16.wav,16,disgust,train,2,room_echo_smoothing_noise,20260806
16_03-01-07-02-02-01-16_aug3,Actor_16/03-01-07-02-02-01-16.wav,16,disgust,train,3,same_emotion_blend_spectral_tilt_dropout,20260807
16_03-01-07-02-02-02-16_aug1,Actor_16/03-01-07-02-02-02-16.wav,16,disgust,train,1,gain_shift_colored_noise,20260805
16_03-01-07-02-02-02-16_aug2,Actor_16/03-01-07-02-02-02-16.wav,16,disgust,train,2,room_echo_smoothing_noise,20260806
16_03-01-07-02-02-02-16_aug3,Actor_16/03-01-07-02-02-02-16.wav,16,disgust,train,3,same_emotion_blend_spectral_tilt_dropout,20260807
16_03-01-08-01-01-01-16_aug1,Actor_16/03-01-08-01-01-01-16.wav,16,surprise,train,1,gain_shift_colored_noise,20260805
16_03-01-08-01-01-01-16_aug2,Actor_16/03-01-08-01-01-01-16.wav,16,surprise,train,2,room_echo_smoothing_noise,20260806
16_03-01-08-01-01-01-16_aug3,Actor_16/03-01-08-01-01-01-16.wav,16,surprise,train,3,same_emotion_blend_spectral_tilt_dropout,20260807
16_03-01-08-01-01-02-16_aug1,Actor_16/03-01-08-01-01-02-16.wav,16,surprise,train,1,gain_shift_colored_noise,20260805
16_03-01-08-01-01-02-16_aug2,Actor_16/03-01-08-01-01-02-16.wav,16,surprise,train,2,room_echo_smoothing_noise,20260806
16_03-01-08-01-01-02-16_aug3,Actor_16/03-01-08-01-01-02-16.wav,16,surprise,train,3,same_emotion_blend_spectral_tilt_dropout,20260807
16_03-01-08-01-02-01-16_aug1,Actor_16/03-01-08-01-02-01-16.wav,16,surprise,train,1,gain_shift_colored_noise,20260805
16_03-01-08-01-02-01-16_aug2,Actor_16/03-01-08-01-02-01-16.wav,16,surprise,train,2,room_echo_smoothing_noise,20260806
16_03-01-08-01-02-01-16_aug3,Actor_16/03-01-08-01-02-01-16.wav,16,surprise,train,3,same_emotion_blend_spectral_tilt_dropout,20260807
16_03-01-08-01-02-02-16_aug1,Actor_16/03-01-08-01-02-02-16.wav,16,surprise,train,1,gain_shift_colored_noise,20260805
16_03-01-08-01-02-02-16_aug2,Actor_16/03-01-08-01-02-02-16.wav,16,surprise,train,2,room_echo_smoothing_noise,20260806
16_03-01-08-01-02-02-16_aug3,Actor_16/03-01-08-01-02-02-16.wav,16,surprise,train,3,same_emotion_blend_spectral_tilt_dropout,20260807
16_03-01-08-02-01-01-16_aug1,Actor_16/03-01-08-02-01-01-16.wav,16,surprise,train,1,gain_shift_colored_noise,20260805
16_03-01-08-02-01-01-16_aug2,Actor_16/03-01-08-02-01-01-16.wav,16,surprise,train,2,room_echo_smoothing_noise,20260806
16_03-01-08-02-01-01-16_aug3,Actor_16/03-01-08-02-01-01-16.wav,16,surprise,train,3,same_emotion_blend_spectral_tilt_dropout,20260807
16_03-01-08-02-01-02-16_aug1,Actor_16/03-01-08-02-01-02-16.wav,16,surprise,train,1,gain_shift_colored_noise,20260805
16_03-01-08-02-01-02-16_aug2,Actor_16/03-01-08-02-01-02-16.wav,16,surprise,train,2,room_echo_smoothing_noise,20260806
16_03-01-08-02-01-02-16_aug3,Actor_16/03-01-08-02-01-02-16.wav,16,surprise,train,3,same_emotion_blend_spectral_tilt_dropout,20260807
16_03-01-08-02-02-01-16_aug1,Actor_16/03-01-08-02-02-01-16.wav,16,surprise,train,1,gain_shift_colored_noise,20260805
16_03-01-08-02-02-01-16_aug2,Actor_16/03-01-08-02-02-01-16.wav,16,surprise,train,2,room_echo_smoothing_noise,20260806
16_03-01-08-02-02-01-16_aug3,Actor_16/03-01-08-02-02-01-16.wav,16,surprise,train,3,same_emotion_blend_spectral_tilt_dropout,20260807
16_03-01-08-02-02-02-16_aug1,Actor_16/03-01-08-02-02-02-16.wav,16,surprise,train,1,gain_shift_colored_noise,20260805
16_03-01-08-02-02-02-16_aug2,Actor_16/03-01-08-02-02-02-16.wav,16,surprise,train,2,room_echo_smoothing_noise,20260806
16_03-01-08-02-02-02-16_aug3,Actor_16/03-01-08-02-02-02-16.wav,16,surprise,train,3,same_emotion_blend_spectral_tilt_dropout,20260807
