age,gender,annual_income,monthly_income,employment_status,employment_duration,existing_debt,monthly_expenses,savings,loan_amount,loan_purpose,loan_term,existing_loans,credit_history_length,previous_defaults,late_payments,payment_behaviour,credit_utilization,outstanding_credit_balance,target
25,male,82690.23,6890.85,employed,0.8,9685.02,2588.57,11678.34,13413.15,education,60,4,5.9,0,0,irregular,0.479,2820.7,1
58,male,50373.9,4197.83,employed,12.1,22069.86,3517.52,5953.77,15643.87,medical,24,5,31.2,0,0,consistent,0.148,15477.41,1
52,female,60711.47,5059.29,employed,0.0,13935.54,1904.57,1705.87,19779.89,education,60,5,33.9,0,1,consistent,0.183,11362.49,1
42,male,58997.03,4916.42,employed,1.1,0.0,2599.31,1771.57,34584.28,medical,60,6,20.1,0,0,poor,0.473,0.0,0
41,female,40262.52,3355.21,self_employed,7.2,21072.75,2945.01,3746.76,500.0,business,48,2,19.2,0,2,irregular,0.477,17120.11,0
62,male,79214.12,6601.18,self_employed,12.2,14753.58,5883.99,6237.26,26642.4,debt_consolidation,36,4,34.3,0,1,consistent,0.492,5506.91,1
25,male,78906.47,6575.54,employed,6.8,44122.58,6019.14,30879.93,500.0,auto,12,6,0.0,1,0,consistent,0.292,27625.12,0
54,male,77432.42,6452.7,employed,7.8,30487.25,4010.67,8093.66,32330.82,debt_consolidation,48,4,35.0,0,0,consistent,0.585,7828.04,1
30,male,101961.11,8496.76,employed,5.6,21533.8,3833.18,1926.53,500.0,home,36,1,9.6,1,1,consistent,0.716,12795.11,0
25,not_specified,99682.96,8306.91,employed,1.4,15990.05,5217.81,7621.91,43800.34,debt_consolidation,36,3,0.0,0,0,consistent,0.432,10346.79,1
46,male,52251.44,4354.29,employed,3.5,14964.67,1777.94,26483.53,12712.55,business,12,1,22.4,0,1,consistent,0.41,9742.98,1
67,male,71699.36,5974.95,employed,0.7,955.73,5062.84,1926.2,31194.21,education,36,1,45.0,0,0,consistent,0.254,712.16,1
56,female,45786.38,3815.53,employed,0.4,0.0,2554.52,1735.16,28925.72,medical,48,2,36.1,0,0,minor_delays,0.803,0.0,1
57,female,62607.24,5217.27,employed,7.1,2529.29,3028.98,265.74,12198.62,medical,24,2,32.7,0,0,consistent,0.158,999.05,1
55,female,46406.51,3867.21,employed,1.0,12427.4,1528.83,7001.57,13042.76,debt_consolidation,48,1,35.3,0,1,consistent,0.213,8514.57,0
58,female,104121.83,8676.82,retired,6.8,0.0,5041.12,377.78,7791.25,education,60,6,37.6,0,0,irregular,0.366,0.0,1
45,female,71456.15,5954.68,unemployed,0.3,6468.14,5024.14,41666.96,25661.07,personal,36,0,26.1,1,1,consistent,0.217,5592.46,1
27,female,56331.24,4694.27,employed,6.7,10028.64,3525.12,18181.42,12341.85,education,24,1,8.3,1,1,irregular,0.174,7510.71,0
61,female,93034.08,7752.84,employed,3.5,10414.88,3077.87,1205.31,7991.18,debt_consolidation,24,2,39.7,0,0,consistent,0.501,5516.62,1
42,male,12000.0,1000.0,employed,11.1,5059.32,500.0,2188.46,22910.04,personal,36,3,17.2,0,1,minor_delays,0.722,2902.14,0
45,male,12000.0,1000.0,employed,6.8,8901.83,573.62,2397.93,7131.06,auto,60,2,21.3,0,0,consistent,0.538,5891.14,0
38,male,82691.81,6890.98,student,10.4,33686.73,2810.03,879.02,13381.19,auto,48,1,14.1,0,2,irregular,0.327,6978.53,0
29,female,63572.18,5297.68,employed,2.5,20945.74,4674.69,13082.34,18178.16,home,60,3,5.4,0,0,consistent,0.552,9529.24,1
65,female,68511.6,5709.3,employed,5.7,6276.39,4121.01,12063.53,9933.28,medical,72,1,45.0,0,1,consistent,0.445,1790.85,1
58,male,27513.7,2292.81,student,1.6,12179.83,926.41,2492.41,11592.96,medical,24,1,34.9,0,1,consistent,0.363,4477.4,1
51,male,61395.92,5116.33,employed,3.8,12660.24,4088.93,11954.56,33884.82,education,48,3,33.1,0,3,irregular,0.727,9883.28,0
40,female,114091.24,9507.6,employed,4.5,3784.53,5324.18,8755.27,14753.41,debt_consolidation,36,6,20.8,0,0,consistent,0.341,2209.9,1
60,female,83429.19,6952.43,student,2.6,3770.44,3403.75,3157.83,13044.1,debt_consolidation,36,0,43.8,0,0,consistent,0.63,3025.11,1
47,male,66412.37,5534.36,employed,0.6,25126.29,3735.09,4916.35,15073.62,personal,36,1,27.9,0,0,minor_delays,0.18,20658.15,0
42,male,50584.6,4215.38,unemployed,0.0,7962.59,1507.51,26072.66,21999.0,medical,36,2,20.3,0,1,consistent,0.433,6084.73,0
42,not_specified,51741.11,4311.76,employed,0.0,0.0,2652.92,25610.8,5627.5,medical,48,3,23.2,0,0,consistent,0.384,0.0,0
31,female,12000.0,1000.0,self_employed,1.3,12482.32,830.97,14998.29,21699.37,education,48,1,11.5,0,0,consistent,0.742,3947.77,0
25,female,68698.65,5724.89,employed,8.0,14416.12,5032.14,2482.84,19814.02,debt_consolidation,36,0,6.0,1,1,consistent,0.413,5600.73,0
47,female,83982.56,6998.55,employed,0.0,0.0,3816.0,7283.89,500.0,auto,24,2,27.4,0,1,consistent,0.497,0.0,1
63,male,21033.9,1752.82,employed,0.0,12511.04,1255.35,20700.85,36736.81,debt_consolidation,36,4,38.9,1,0,consistent,0.571,5138.71,0
24,female,44803.16,3733.6,self_employed,12.7,23415.76,1789.47,2427.31,33068.95,auto,48,3,6.4,0,1,minor_delays,0.255,10832.24,0
62,female,31905.92,2658.83,self_employed,3.0,18414.75,1779.61,9129.91,8193.81,debt_consolidation,36,1,37.1,0,1,minor_delays,0.818,15752.83,0
60,not_specified,36900.87,3075.07,employed,6.8,39757.54,1521.53,1382.01,4653.31,auto,12,2,35.2,0,1,minor_delays,0.793,27596.03,0
34,female,63390.52,5282.54,unemployed,8.1,28013.31,3569.27,6812.06,19508.57,business,36,4,6.7,0,0,consistent,0.334,7693.7,0
51,female,12000.0,1000.0,student,8.2,30387.21,500.0,11922.64,1315.5,medical,60,0,28.3,1,2,consistent,0.219,21418.16,0
28,male,77971.03,6497.59,self_employed,0.0,46601.03,5760.13,55300.29,32007.11,debt_consolidation,48,4,10.1,0,0,minor_delays,0.109,35214.12,0
57,not_specified,81600.23,6800.02,self_employed,4.6,22097.88,5817.71,5643.76,11847.01,medical,12,2,35.0,0,0,poor,0.331,18547.17,1
54,not_specified,55471.33,4622.61,employed,0.0,14956.84,2505.66,26635.04,34839.88,debt_consolidation,36,3,32.1,0,1,consistent,0.694,10164.47,1
38,female,12000.0,1000.0,employed,15.3,24684.88,792.7,15826.37,7931.56,personal,36,1,16.6,2,0,minor_delays,0.108,6590.75,0
24,male,36093.12,3007.76,employed,0.0,6289.16,1216.45,9834.96,15765.78,auto,48,3,6.7,0,1,minor_delays,0.671,4626.9,1
67,not_specified,94055.45,7837.95,employed,1.3,14292.24,6050.95,4588.86,30939.34,debt_consolidation,24,4,45.0,1,1,minor_delays,0.329,9424.44,1
42,male,12000.0,1000.0,employed,1.3,5227.27,511.0,15875.41,13444.37,education,48,0,21.5,0,3,consistent,0.403,2714.49,0
63,female,52964.39,4413.7,employed,0.0,17775.81,1886.04,20564.58,19993.01,debt_consolidation,72,3,41.3,0,0,minor_delays,0.808,13018.59,1
53,male,31319.98,2610.0,self_employed,10.9,5177.09,1922.44,3944.47,29019.25,business,36,3,27.8,0,0,consistent,0.38,2938.43,0
58,male,82918.83,6909.9,employed,15.2,4756.86,4268.87,6839.17,10883.48,education,36,2,35.5,0,0,consistent,0.282,4055.71,1
57,male,44447.04,3703.92,employed,3.6,17961.68,2415.62,8239.34,3120.87,auto,12,2,41.5,0,1,consistent,0.119,15305.46,1
30,male,72502.8,6041.9,self_employed,0.2,11347.46,3907.31,24787.76,954.18,business,12,3,8.4,1,2,irregular,0.774,4060.29,1
38,female,76701.97,6391.83,employed,0.0,0.0,2453.73,5565.45,23417.76,auto,60,3,16.8,0,2,minor_delays,0.742,0.0,1
43,male,109741.87,9145.16,employed,4.5,0.0,3468.64,8711.41,21276.56,debt_consolidation,72,0,21.0,0,0,consistent,0.128,0.0,1
44,female,56723.51,4726.96,contract,4.2,0.0,3274.2,33578.87,28678.29,business,12,1,19.5,0,0,consistent,0.337,0.0,1
23,female,71777.15,5981.43,employed,2.9,2404.34,4220.51,18469.51,13985.51,personal,60,5,3.8,0,1,minor_delays,0.319,856.34,0
47,female,23388.56,1949.05,employed,6.4,17973.08,734.58,1376.53,1261.89,home,24,0,20.7,0,1,irregular,0.31,10035.14,0
28,male,92950.75,7745.9,contract,7.1,15627.27,4381.93,8555.26,500.0,debt_consolidation,36,2,1.6,0,0,consistent,0.446,3132.5,1
56,male,42226.77,3518.9,self_employed,6.8,25783.35,2460.85,23553.53,48547.59,debt_consolidation,48,1,36.4,0,0,minor_delays,0.151,19440.16,1
53,male,47420.39,3951.7,self_employed,4.2,22033.62,2862.25,5437.44,22796.15,business,36,1,30.5,1,0,consistent,0.525,6858.14,1
65,male,61421.56,5118.46,employed,1.1,25862.84,4207.98,9282.68,18504.71,personal,36,2,45.0,0,1,consistent,0.53,10135.28,1
56,male,21365.01,1780.42,contract,8.2,20300.75,1050.12,23968.9,20065.04,education,48,3,36.1,0,0,consistent,0.58,6545.72,0
38,male,67948.02,5662.34,employed,5.6,15516.15,3751.34,6948.27,1255.27,education,24,1,21.3,0,1,consistent,0.5,6947.63,1
67,male,87154.12,7262.84,employed,9.1,26192.22,4937.13,13282.25,8256.41,home,72,1,44.7,0,0,consistent,0.424,6650.8,1
40,female,69616.28,5801.36,self_employed,8.7,24032.95,3062.34,1001.46,36176.63,business,24,1,22.0,0,1,consistent,0.532,19256.05,1
36,male,20688.66,1724.06,employed,0.0,17513.14,656.31,8395.02,24241.82,home,12,3,12.0,0,0,consistent,0.215,8589.57,0
64,male,58780.96,4898.41,self_employed,0.0,28252.86,1726.24,1983.13,8600.43,debt_consolidation,72,1,42.9,0,0,consistent,0.409,23928.87,1
38,male,81292.75,6774.4,student,2.5,0.0,5599.66,9920.06,3505.03,auto,36,3,19.9,0,1,minor_delays,0.178,0.0,1
24,male,13172.29,1097.69,employed,1.3,9514.44,509.47,2914.59,11327.36,auto,36,1,10.2,1,1,consistent,0.245,3052.4,0
43,female,34056.08,2838.01,employed,8.5,9330.51,2012.84,1844.33,13530.26,medical,36,5,22.7,0,0,minor_delays,0.508,7325.19,0
59,not_specified,84790.13,7065.84,self_employed,6.9,26832.19,4797.12,6282.9,39540.61,education,12,0,36.2,1,1,consistent,0.221,14077.98,0
30,not_specified,69022.48,5751.87,student,9.9,31856.74,3323.38,12650.7,14929.06,auto,36,0,9.6,0,0,consistent,0.461,7696.91,1
43,female,72711.26,6059.27,employed,7.1,0.0,4999.45,19312.69,3914.93,auto,36,3,19.8,0,1,consistent,0.423,0.0,1
27,not_specified,110346.86,9195.57,self_employed,6.3,29934.01,6879.11,2068.1,16355.37,education,36,1,11.3,0,0,consistent,0.406,24737.38,1
53,male,74182.37,6181.86,employed,10.3,0.0,2243.79,2221.32,19907.72,home,36,2,36.6,0,0,consistent,0.677,0.0,1
43,female,79105.09,6592.09,contract,7.4,0.0,5225.65,76490.73,2913.99,home,60,1,21.7,0,0,consistent,0.683,0.0,1
36,male,132479.38,11039.95,employed,5.8,10188.57,7054.41,6899.62,21423.82,personal,60,3,12.6,0,0,consistent,0.582,8435.18,1
31,female,56441.08,4703.42,self_employed,11.4,9181.52,2576.54,4025.37,30298.08,education,36,0,3.3,0,0,irregular,0.53,6127.25,1
48,male,41255.05,3437.92,self_employed,6.0,0.0,2627.69,1999.17,18525.38,personal,72,3,23.7,0,3,minor_delays,0.648,0.0,1
53,male,73122.71,6093.56,employed,4.3,20798.54,4515.68,10941.77,8232.28,medical,60,3,32.8,0,0,consistent,0.528,11024.27,1
66,female,73413.77,6117.81,student,2.1,21152.83,3224.3,3805.03,11182.43,education,60,2,45.0,0,0,consistent,0.278,14525.11,1
41,female,48305.4,4025.45,student,8.3,25648.5,3664.5,6832.54,500.0,debt_consolidation,48,2,24.0,0,0,minor_delays,0.667,15620.54,0
28,female,35157.68,2929.81,employed,10.4,7798.54,2108.77,90.92,15527.81,auto,24,1,5.9,0,1,consistent,0.278,2489.31,1
60,female,122055.95,10171.33,employed,5.3,12525.01,7072.07,1420.14,20418.58,home,24,2,43.5,1,0,minor_delays,0.707,7526.04,1
51,male,70497.93,5874.83,self_employed,10.7,12634.87,2290.19,1107.68,7137.04,home,60,1,26.6,0,3,irregular,0.281,10713.22,1
54,male,42960.58,3580.05,employed,0.0,33255.95,1823.0,4790.83,38336.7,education,36,5,30.0,0,1,consistent,0.756,14687.92,0
25,male,85814.19,7151.18,employed,5.3,0.0,4324.86,7661.24,25715.07,home,60,2,2.0,0,0,consistent,0.324,0.0,1
35,male,59162.23,4930.19,employed,5.3,1516.67,3497.75,3496.34,500.0,debt_consolidation,48,3,6.9,0,0,consistent,0.578,745.08,1
57,male,55425.08,4618.76,employed,2.6,13066.49,2966.51,2004.3,500.0,home,24,2,35.8,0,1,consistent,0.748,8911.87,0
60,female,76619.09,6384.92,self_employed,15.0,0.0,5011.71,5531.92,6175.74,education,36,0,39.0,0,1,consistent,0.244,0.0,1
41,male,28411.06,2367.59,employed,5.2,9900.16,1183.0,21879.52,34305.04,auto,72,1,22.3,1,1,irregular,0.522,5286.09,0
59,female,71168.31,5930.69,employed,3.9,11487.09,4449.38,5786.67,26800.14,debt_consolidation,12,6,36.3,0,2,consistent,0.773,2677.6,1
61,male,111736.83,9311.4,unemployed,5.6,5107.77,7593.08,2186.71,34860.83,business,48,1,36.6,0,2,consistent,0.454,1967.39,0
39,male,74120.62,6176.72,employed,0.0,13773.63,4855.39,2813.16,17112.3,debt_consolidation,72,0,17.1,0,1,consistent,0.747,5787.25,0
64,male,52218.49,4351.54,employed,2.5,20537.79,3435.03,4149.78,14695.62,debt_consolidation,24,3,43.7,0,0,consistent,0.35,14638.18,1
34,female,48815.26,4067.94,employed,9.4,10164.8,3483.98,433.57,3277.4,home,36,2,15.0,0,0,minor_delays,0.491,4852.69,1
32,female,51331.16,4277.6,contract,3.0,7561.66,1702.41,3722.33,20846.52,education,36,0,9.8,0,0,consistent,0.517,3514.76,1
53,male,55396.97,4616.41,student,2.2,11010.82,3450.3,4940.77,14842.15,debt_consolidation,60,2,32.2,0,0,consistent,0.352,5638.69,1
51,male,52177.03,4348.09,employed,10.7,12910.76,3922.61,24499.76,14418.61,debt_consolidation,36,0,28.0,0,3,minor_delays,0.59,6486.22,0
27,male,85824.1,7152.01,contract,10.9,0.0,4841.77,19994.01,34798.56,debt_consolidation,12,2,4.4,0,0,minor_delays,0.628,0.0,1
60,male,16936.56,1411.38,employed,7.6,18538.65,668.81,6891.28,15610.2,education,24,3,34.6,0,0,consistent,0.086,12406.36,0
30,male,84412.0,7034.33,self_employed,3.7,7587.99,6466.59,4557.52,31640.8,debt_consolidation,36,5,6.3,0,0,consistent,0.586,5569.64,1
59,male,52128.15,4344.01,employed,4.5,28138.42,1952.92,2427.36,500.0,auto,36,1,41.1,0,1,minor_delays,0.231,9713.07,0
21,male,71800.64,5983.39,employed,2.3,20092.64,3238.62,4441.62,46569.23,debt_consolidation,24,3,0.0,1,0,consistent,0.75,14446.91,0
59,male,32698.31,2724.86,contract,1.5,27040.8,1220.94,740.42,12894.02,education,60,0,40.3,0,0,consistent,0.733,11014.76,0
58,male,96544.41,8045.37,employed,1.3,867.95,4946.07,2138.22,24779.02,debt_consolidation,12,4,36.5,0,1,consistent,0.15,173.63,1
58,female,94386.51,7865.54,employed,3.0,8543.36,4630.91,6881.47,26529.0,auto,60,1,34.4,0,0,consistent,0.095,5533.61,1
52,male,86949.35,7245.78,self_employed,1.4,0.0,4564.89,31085.68,11529.08,home,60,4,37.6,0,0,consistent,0.149,0.0,1
43,male,22616.38,1884.7,employed,0.0,4537.71,1656.56,16723.08,26009.33,business,48,4,21.9,0,0,irregular,0.326,1218.81,1
54,female,83557.15,6963.1,student,6.4,28025.27,4335.54,16259.81,26581.03,debt_consolidation,48,1,32.0,0,1,minor_delays,0.216,6411.96,1
34,female,72526.23,6043.85,employed,6.4,30849.89,3888.23,9205.83,9155.41,debt_consolidation,24,3,14.6,0,1,poor,0.271,19264.35,0
58,female,20262.95,1688.58,employed,12.3,0.0,1444.43,32465.33,9285.7,auto,36,1,38.5,0,3,poor,0.532,0.0,0
47,male,61368.27,5114.02,self_employed,2.8,7500.67,4173.67,3658.7,17498.38,personal,36,3,24.4,0,2,consistent,0.279,5748.63,0
43,male,71477.9,5956.49,employed,6.7,12085.65,2898.68,1095.78,15729.57,medical,36,4,22.3,1,0,consistent,0.177,5431.47,1
45,male,76457.96,6371.5,employed,6.8,20027.27,2276.97,1632.97,32324.43,personal,48,1,20.2,2,0,minor_delays,0.622,8704.35,0
48,female,66608.8,5550.73,employed,4.5,0.0,3934.44,328.34,24729.35,auto,12,3,27.1,0,1,irregular,0.311,0.0,1
22,male,69572.02,5797.67,contract,8.5,0.0,4821.13,5329.28,16225.34,auto,36,6,0.0,0,1,minor_delays,0.516,0.0,1
27,female,100313.9,8359.49,unemployed,8.6,18875.51,5560.1,13741.48,23666.86,education,48,3,5.3,0,1,consistent,0.37,12976.5,1
32,male,93876.88,7823.07,self_employed,6.8,0.0,3679.75,4266.5,500.0,home,36,7,7.8,1,1,consistent,0.469,0.0,0
26,male,12000.0,1000.0,contract,4.5,7638.43,772.57,13490.63,10231.58,debt_consolidation,24,7,7.0,0,1,poor,0.076,5610.09,0
42,female,53746.6,4478.88,contract,4.1,14945.1,3276.92,6623.08,20166.03,debt_consolidation,12,1,20.6,0,0,consistent,0.715,8291.04,0
53,male,57719.07,4809.92,contract,0.0,17987.99,3232.6,2216.37,29269.02,personal,36,3,30.2,0,0,irregular,0.206,16030.6,1
52,male,16445.44,1370.45,employed,2.3,11299.38,1154.06,4906.79,19197.46,education,36,5,29.0,0,1,consistent,0.368,6347.62,0
43,male,64448.76,5370.73,employed,3.0,8610.92,4280.57,337.27,33040.63,home,36,1,27.9,0,0,irregular,0.345,3447.18,1
62,male,94467.7,7872.31,self_employed,1.0,23134.85,5752.55,1752.43,26547.34,education,24,2,45.0,0,0,consistent,0.115,16953.2,1
48,not_specified,33749.24,2812.44,unemployed,7.3,16422.47,2050.02,16385.32,11628.38,business,48,1,27.4,0,1,poor,0.501,3621.21,0
24,female,70746.42,5895.54,student,10.3,5235.8,4288.74,13284.81,15459.66,auto,72,0,5.7,0,0,consistent,0.43,3702.98,1
57,female,38188.59,3182.38,employed,1.9,13452.67,2066.46,19475.26,21492.64,debt_consolidation,48,3,34.6,0,1,minor_delays,0.51,7805.59,0
48,female,44530.29,3710.86,student,6.6,17598.03,2280.08,9481.2,12065.01,business,36,1,27.3,1,0,consistent,0.676,5683.35,0
51,male,100412.23,8367.69,employed,1.4,33618.85,6313.19,1801.92,33844.19,home,48,1,33.7,0,0,consistent,0.042,7291.0,1
48,female,47893.5,3991.12,employed,4.3,22435.88,2785.73,32599.22,4804.01,debt_consolidation,60,1,24.9,0,1,consistent,0.34,5218.73,1
47,female,74017.52,6168.13,student,2.7,27574.68,3881.53,1098.6,20477.17,auto,72,2,25.2,0,0,minor_delays,0.519,7093.61,1
25,male,13348.33,1112.36,employed,7.9,5672.71,500.0,4123.44,25089.91,debt_consolidation,12,4,3.0,0,0,consistent,0.112,3071.24,0
47,female,110420.26,9201.69,self_employed,2.8,6709.81,6902.18,554.95,13552.08,business,24,1,21.8,0,0,minor_delays,0.008,4665.4,1
59,male,77668.96,6472.41,employed,9.5,10175.44,4648.61,5295.35,11073.21,home,24,3,41.1,0,0,consistent,0.77,2988.14,1
35,female,57255.0,4771.25,retired,4.5,11277.13,2600.72,931.36,16163.11,education,60,2,9.5,0,0,minor_delays,0.833,3510.33,0
49,female,76964.21,6413.68,employed,2.9,903.7,3547.44,2316.22,25931.98,auto,12,1,28.1,0,0,consistent,0.144,695.68,1
22,male,25344.69,2112.06,self_employed,0.5,28191.2,1036.24,12561.46,11501.67,auto,60,1,0.0,0,1,irregular,0.433,10136.04,0
37,not_specified,92745.8,7728.82,employed,6.5,23600.22,6942.73,2784.1,5241.87,debt_consolidation,12,0,15.5,0,2,consistent,0.618,18397.13,1
41,female,53576.4,4464.7,employed,9.1,9331.87,3751.75,169.26,29656.43,debt_consolidation,48,2,20.0,0,1,irregular,0.431,2487.24,0
68,female,56694.19,4724.52,employed,6.6,20700.53,3164.47,9654.48,21392.26,debt_consolidation,36,5,42.8,0,0,consistent,0.219,16267.5,1
31,female,49216.95,4101.41,employed,14.5,15674.79,2374.48,4187.59,28086.43,home,36,3,14.8,0,0,consistent,0.71,11173.12,1
34,not_specified,46903.06,3908.59,employed,11.2,21637.94,3009.58,2101.82,25352.65,debt_consolidation,36,0,16.2,0,1,irregular,0.414,6564.24,1
40,female,80061.44,6671.79,employed,4.3,0.0,4342.03,5905.76,40978.78,auto,48,1,22.6,0,1,consistent,0.141,0.0,1
68,male,68653.58,5721.13,unemployed,4.2,11252.07,5184.69,4368.68,29264.69,business,36,4,45.0,1,0,minor_delays,0.236,4874.15,1
61,male,78945.45,6578.79,employed,7.4,12303.54,2509.28,13582.0,9035.12,education,36,4,44.1,1,1,consistent,0.676,3613.43,1
22,male,61771.34,5147.61,self_employed,2.1,20483.71,1902.26,8070.48,22172.95,auto,48,2,3.2,0,0,minor_delays,0.606,9504.09,0
32,female,75343.2,6278.6,self_employed,10.2,5458.75,4232.46,3998.74,10867.62,home,60,0,6.7,1,0,consistent,0.566,3681.84,1
60,male,51109.93,4259.16,contract,6.9,0.0,1984.21,1017.23,12004.61,personal,60,2,35.0,0,0,consistent,0.401,0.0,1
23,not_specified,119973.03,9997.75,employed,6.5,19.6,6942.97,2097.14,1462.5,auto,48,4,2.0,0,1,irregular,0.099,6.71,1
62,female,21233.81,1769.48,employed,8.2,12267.42,1407.47,6144.53,13852.75,home,36,1,42.1,0,1,consistent,0.214,8651.59,1
34,male,94784.37,7898.7,employed,12.4,13766.61,3386.35,12036.45,22995.38,debt_consolidation,60,5,9.6,0,1,minor_delays,0.485,5323.03,1
65,not_specified,97565.59,8130.47,employed,6.2,33204.98,4887.6,10134.7,16273.76,debt_consolidation,36,3,40.7,0,1,irregular,0.782,7628.93,1
35,female,39843.87,3320.32,employed,5.0,19992.96,2465.47,4907.56,4906.95,business,60,1,17.1,1,0,consistent,0.176,6722.51,0
41,male,119961.11,9996.76,self_employed,11.5,13978.36,8250.35,13733.67,500.0,debt_consolidation,60,1,24.7,0,0,consistent,0.619,6144.41,1
52,female,87882.75,7323.56,contract,9.4,12611.3,4635.2,2752.1,40230.31,home,24,2,30.9,0,0,consistent,0.133,2839.25,1
27,female,87249.61,7270.8,contract,4.2,26250.2,3399.15,666.18,20576.77,debt_consolidation,12,1,0.7,0,1,irregular,0.626,7001.23,1
47,female,62728.58,5227.38,student,5.5,5918.67,3575.04,13002.22,7935.24,home,48,3,31.5,0,1,poor,0.674,2659.69,1
45,male,56352.12,4696.01,employed,6.3,11316.59,2860.22,11606.39,22079.62,business,48,5,19.5,0,0,irregular,0.521,9587.54,1
58,female,56555.37,4712.95,contract,6.9,0.0,3723.22,1765.54,41081.05,debt_consolidation,48,3,43.0,1,2,consistent,0.573,0.0,1
68,female,72153.8,6012.82,employed,0.1,30026.87,4008.61,2140.37,23825.09,debt_consolidation,72,0,45.0,0,0,consistent,0.402,25644.89,1
52,male,98430.84,8202.57,student,0.0,17709.99,4177.33,22031.14,500.0,medical,36,0,33.2,0,0,irregular,0.285,4003.62,1
40,female,66714.17,5559.51,employed,2.0,4509.72,4336.44,11665.85,46175.21,business,36,2,23.1,0,1,irregular,0.059,3642.36,1
40,female,38302.47,3191.87,self_employed,1.6,11626.54,2059.13,2743.01,500.0,personal,36,1,13.3,0,0,consistent,0.555,3429.69,0
41,female,83435.1,6952.93,self_employed,2.9,19115.81,3137.17,2085.39,14733.87,debt_consolidation,12,2,19.9,0,2,consistent,0.403,6993.73,0
60,female,85949.92,7162.49,employed,8.0,9991.37,4805.68,22979.77,4532.55,business,36,2,37.3,0,1,consistent,0.609,2699.88,0
36,female,79021.15,6585.1,employed,4.8,6586.35,5864.31,10596.58,8859.98,debt_consolidation,60,0,15.7,0,1,minor_delays,0.755,3213.07,0
29,male,81382.97,6781.91,unemployed,6.3,5148.72,5100.98,920.57,20128.51,auto,12,3,12.3,0,3,consistent,0.873,1759.4,0
37,not_specified,54955.87,4579.66,employed,0.6,17067.54,2382.88,786.76,500.0,education,60,1,17.2,1,1,consistent,0.233,12246.76,1
22,male,37846.28,3153.86,contract,3.7,8703.35,2381.79,4903.36,16007.3,debt_consolidation,60,4,0.0,0,1,irregular,0.743,6339.94,0
26,not_specified,39426.97,3285.58,employed,7.8,7554.91,1679.21,10820.81,29620.77,auto,24,3,0.1,1,1,consistent,0.425,3047.21,1
25,male,19477.96,1623.16,employed,7.9,0.0,1070.2,6854.78,7724.36,debt_consolidation,60,4,2.5,0,1,consistent,0.22,0.0,1
58,not_specified,68160.66,5680.06,employed,2.6,13931.69,3692.94,4067.85,1706.86,debt_consolidation,60,2,35.0,0,1,minor_delays,0.603,4382.32,1
55,female,59830.33,4985.86,employed,6.1,10825.32,2448.12,14379.17,15467.64,business,36,2,31.6,0,1,irregular,0.295,2470.09,1
54,female,50560.32,4213.36,employed,14.3,9140.22,2310.15,7065.52,13278.24,debt_consolidation,36,2,35.0,1,1,consistent,0.486,2884.0,1
43,female,12000.0,1000.0,employed,5.4,15385.25,887.04,11221.18,10452.5,auto,36,2,25.9,0,2,poor,0.155,5723.98,0
55,male,29569.75,2464.15,contract,2.7,21976.03,1214.43,302.46,3928.19,business,48,2,31.1,0,0,irregular,0.514,5169.41,0
28,male,91141.86,7595.15,self_employed,4.8,21418.79,6126.14,11008.04,22711.03,auto,36,1,6.6,0,0,consistent,0.42,5929.8,1
64,male,44719.72,3726.64,employed,5.9,19632.74,2721.95,14826.65,23547.9,debt_consolidation,36,4,45.0,1,2,consistent,0.323,8086.57,0
45,not_specified,71375.38,5947.95,self_employed,4.9,10111.96,3887.57,20485.65,5277.89,debt_consolidation,60,0,19.6,1,1,consistent,0.347,8056.32,1
66,female,25842.18,2153.51,unemployed,5.4,6196.02,922.53,4345.47,6800.21,home,48,0,45.0,1,2,consistent,0.412,4949.57,1
28,male,99406.34,8283.86,employed,0.0,473.01,3865.29,13345.08,18501.41,personal,48,2,3.1,0,2,minor_delays,0.293,423.58,1
44,male,58255.28,4854.61,employed,1.6,5882.12,2194.37,1351.21,6385.31,personal,72,5,24.9,1,1,minor_delays,0.138,1579.97,1
54,female,69541.05,5795.09,student,4.9,13235.8,3966.58,12505.9,18965.28,auto,12,2,26.4,0,0,consistent,0.089,2664.22,1
44,male,122470.27,10205.86,employed,4.8,3564.57,9234.55,839.13,33148.51,home,36,5,21.3,0,0,consistent,0.247,2124.22,1
42,male,101427.44,8452.29,unemployed,3.2,14152.69,7184.67,18135.18,16341.95,business,48,4,21.4,0,1,consistent,0.265,8806.82,1
28,female,54029.29,4502.44,retired,4.8,1414.52,1640.66,13013.34,3650.22,medical,36,4,6.6,1,3,consistent,0.371,516.76,0
39,female,46576.28,3881.36,employed,5.7,0.0,1964.06,1117.57,21313.14,auto,24,4,21.5,0,1,consistent,0.465,0.0,0
32,male,53535.83,4461.32,employed,9.1,22832.87,1961.36,2430.66,15045.8,business,60,1,12.5,1,1,consistent,0.134,19845.58,0
35,male,75257.35,6271.45,retired,5.1,7307.02,5682.79,466.24,15348.27,debt_consolidation,12,2,13.4,0,0,irregular,0.573,3157.96,1
53,female,59264.17,4938.68,employed,7.1,2955.6,2391.79,9898.02,22228.55,medical,36,2,31.6,1,0,consistent,0.165,2547.97,1
51,male,51723.65,4310.3,employed,3.3,0.0,2003.21,18495.49,24601.41,auto,36,1,33.1,1,0,minor_delays,0.203,0.0,0
50,female,100146.71,8345.56,employed,7.8,18076.43,5874.43,8624.08,17390.52,auto,48,7,23.8,0,1,consistent,0.657,9633.81,1
38,female,59030.54,4919.21,contract,7.0,29498.89,3281.24,2672.41,16332.52,debt_consolidation,36,1,20.9,0,1,irregular,0.274,9971.16,1
67,female,121789.32,10149.11,self_employed,9.0,8163.11,4858.74,5011.88,39698.96,debt_consolidation,12,3,41.5,0,1,irregular,0.178,4972.17,1
25,male,64359.31,5363.28,student,8.4,10413.24,3926.5,23715.85,30206.09,home,60,0,2.7,0,1,consistent,0.128,2601.13,1
37,female,108418.28,9034.86,employed,7.9,25859.58,3661.77,16419.31,26169.01,personal,60,7,14.4,0,3,consistent,0.491,14301.75,0
26,male,71290.3,5940.86,employed,5.1,0.0,2144.89,12785.17,18443.27,auto,36,3,5.1,0,0,minor_delays,0.904,0.0,1
37,not_specified,87036.97,7253.08,self_employed,6.5,36602.42,2879.3,12804.76,5936.82,home,12,0,14.6,0,0,consistent,0.497,18016.28,1
67,not_specified,43160.11,3596.68,employed,9.8,42329.2,2006.85,54567.03,29401.25,debt_consolidation,48,4,45.0,0,0,irregular,0.256,28853.13,0
38,female,39802.26,3316.86,student,2.9,0.0,3004.27,2803.01,18587.24,debt_consolidation,36,2,17.0,0,0,consistent,0.379,0.0,1
64,male,73952.35,6162.7,employed,3.0,11829.96,4079.28,13519.58,10651.14,business,24,3,42.2,0,0,irregular,0.621,6841.42,1
44,not_specified,87702.38,7308.53,employed,6.2,4372.64,5702.07,1224.66,14325.46,personal,24,4,25.4,0,3,minor_delays,0.165,3848.12,1
54,male,63046.67,5253.89,employed,7.2,9822.74,2801.65,3783.51,6371.99,auto,24,1,30.3,0,1,consistent,0.482,7983.15,1
42,female,28553.77,2379.48,contract,2.2,7979.38,1808.46,4775.79,28630.62,debt_consolidation,36,2,20.1,0,1,minor_delays,0.498,7164.5,1
33,female,26633.28,2219.44,self_employed,5.2,22741.11,1999.1,1547.32,24513.41,home,36,2,14.0,0,0,consistent,0.169,7366.5,0
57,female,24894.45,2074.54,student,5.1,11649.16,1149.14,6722.76,18997.96,auto,60,2,37.3,1,1,consistent,0.1,6359.2,0
67,male,16041.83,1336.82,self_employed,0.0,2069.11,1229.16,9309.16,16529.36,education,36,0,45.0,0,0,consistent,0.571,1549.7,1
33,female,64846.62,5403.88,unemployed,4.6,10933.78,3857.8,10729.85,9512.64,auto,36,3,12.7,0,0,consistent,0.434,9297.01,1
58,female,91251.14,7604.26,employed,4.9,19177.41,5906.21,13994.76,500.0,personal,24,3,36.6,0,1,minor_delays,0.42,7069.26,1
33,male,61651.19,5137.6,unemployed,4.9,0.0,2536.61,5911.49,1457.8,business,60,2,9.4,0,1,consistent,0.421,0.0,1
55,male,12000.0,1000.0,student,11.2,0.0,716.56,6639.35,8830.9,debt_consolidation,12,1,35.6,0,2,consistent,0.434,0.0,1
58,female,57040.23,4753.35,employed,0.6,36912.91,3048.2,2058.05,7177.37,debt_consolidation,36,2,36.9,0,1,consistent,0.297,27333.04,1
42,male,57767.23,4813.94,employed,2.2,5290.88,4309.19,21708.58,20182.97,auto,48,3,19.1,1,0,consistent,0.272,2978.07,1
56,female,116495.97,9708.0,retired,0.0,11351.76,8403.87,3571.9,25926.43,education,48,2,31.9,1,0,consistent,0.447,4635.17,1
34,female,24114.41,2009.53,employed,3.6,8226.46,1157.7,653.49,15587.17,auto,60,2,9.6,0,0,minor_delays,0.535,2272.4,1
24,male,51842.38,4320.2,contract,3.9,19577.05,3843.75,4774.61,32498.09,education,36,1,0.0,0,3,minor_delays,0.064,6133.4,0
25,male,106352.17,8862.68,employed,3.5,34273.48,7571.77,7091.8,8388.13,debt_consolidation,36,0,4.4,1,1,poor,0.152,22386.65,0
42,female,73699.44,6141.62,employed,9.9,19959.21,4216.34,23222.12,15509.09,home,36,3,21.4,0,0,minor_delays,0.554,11730.17,1
64,female,76646.14,6387.18,employed,8.9,0.0,2534.48,1883.2,16439.14,debt_consolidation,36,3,42.7,0,4,consistent,0.388,0.0,0
27,male,64979.2,5414.93,employed,5.8,0.0,2391.51,7807.05,29014.05,home,36,1,12.1,1,3,consistent,0.182,0.0,1
42,not_specified,70578.53,5881.54,self_employed,4.0,8212.42,2316.26,4824.49,18164.76,auto,36,3,18.5,0,0,consistent,0.717,4559.32,1
54,male,82217.85,6851.49,contract,9.6,9781.2,2819.77,918.08,18469.26,personal,12,1,35.2,1,0,consistent,0.088,2923.82,1
30,female,40953.36,3412.78,self_employed,5.4,0.0,3094.92,5462.41,500.0,auto,72,5,7.2,0,0,consistent,0.844,0.0,1
55,female,84829.52,7069.13,employed,2.2,22832.09,3329.1,479.68,7101.03,home,12,3,30.7,0,3,consistent,0.045,11467.51,1
35,female,26301.92,2191.83,employed,0.0,0.0,1630.25,10807.11,29055.48,business,36,4,12.8,0,1,consistent,0.262,0.0,0
59,female,70537.57,5878.13,employed,3.7,30919.62,4190.06,803.17,500.0,business,60,3,41.2,1,0,consistent,0.284,25717.95,1
48,male,66647.27,5553.94,employed,8.5,34847.59,3941.92,5328.85,31772.92,debt_consolidation,48,2,29.9,0,0,consistent,0.544,29945.95,1
47,female,45976.38,3831.36,contract,14.6,10020.96,1792.39,4437.35,22496.31,business,36,1,24.7,0,3,consistent,0.289,5750.4,0
29,female,61410.18,5117.52,contract,5.7,18267.67,3481.07,25534.04,8777.27,auto,48,1,9.6,1,0,consistent,0.061,7050.5,1
43,male,45813.96,3817.83,employed,2.4,0.0,2697.51,5257.66,7847.46,auto,24,0,24.4,0,1,consistent,0.562,0.0,1
62,female,34135.77,2844.65,self_employed,0.8,20484.12,1920.51,2607.17,37855.51,personal,60,1,43.2,0,1,minor_delays,0.48,6704.14,0
21,female,52806.02,4400.5,employed,7.7,7021.69,2007.12,9115.9,32525.46,education,36,1,0.0,2,0,minor_delays,0.478,3823.43,0
57,male,33296.3,2774.69,retired,0.0,0.0,2114.72,956.08,15686.15,education,72,0,37.2,0,1,minor_delays,0.259,0.0,0
44,female,70392.73,5866.06,employed,7.7,9527.98,2298.02,4212.6,18480.51,education,36,0,22.4,0,1,minor_delays,0.265,7739.93,1
55,male,32097.78,2674.81,student,8.8,7411.02,1837.55,2772.54,9892.01,business,48,2,33.7,0,2,consistent,0.537,6304.62,0
52,female,80511.4,6709.28,self_employed,7.2,9098.09,4016.63,49799.65,18482.62,debt_consolidation,36,4,31.7,0,1,irregular,0.455,2442.96,0
41,female,31281.54,2606.8,unemployed,4.6,24396.16,1284.27,1718.38,9587.06,home,24,4,19.1,0,1,consistent,0.502,12771.46,0
35,female,47276.33,3939.69,self_employed,7.8,3576.31,3191.99,24436.28,16136.03,education,36,4,9.0,0,0,minor_delays,0.12,2640.65,0
51,male,45760.31,3813.36,self_employed,6.2,33820.28,1717.0,1281.37,36913.62,debt_consolidation,60,0,29.6,0,0,consistent,0.33,10457.56,1
27,female,96453.81,8037.82,employed,2.4,0.0,7087.74,3951.72,15948.25,personal,24,4,0.5,0,0,consistent,0.496,0.0,1
49,male,70587.54,5882.29,employed,12.9,32385.16,5024.67,1604.69,5471.76,debt_consolidation,72,1,31.8,1,1,irregular,0.455,14225.2,1
25,male,56494.92,4707.91,employed,4.1,801.87,2615.41,10215.74,1969.91,auto,36,4,4.7,0,1,consistent,0.697,658.38,0
52,male,74966.71,6247.23,retired,8.6,12987.84,3273.15,13837.48,18398.3,debt_consolidation,48,4,26.0,0,0,consistent,0.147,6394.2,1
51,female,12000.0,1000.0,self_employed,0.0,7117.65,500.0,2151.57,8630.15,education,48,0,33.7,0,1,consistent,0.641,2670.45,1
25,female,60878.53,5073.21,self_employed,10.6,8875.26,4425.4,8526.05,19712.63,business,36,5,5.4,0,0,consistent,0.731,7471.24,1
57,male,113935.37,9494.61,employed,11.4,22616.29,6719.27,9613.35,500.0,home,48,3,37.5,1,0,poor,0.532,15807.75,1
40,female,65441.01,5453.42,employed,5.6,30997.92,2007.49,4551.67,24592.75,debt_consolidation,48,0,17.8,1,0,minor_delays,0.397,16245.41,0
58,female,63765.74,5313.81,employed,7.7,27286.3,3407.59,7758.36,5338.19,auto,48,1,35.3,0,0,minor_delays,0.492,23813.3,1
22,female,76251.34,6354.28,employed,7.7,8141.72,2534.76,5106.5,17509.27,home,36,5,5.4,1,0,consistent,0.474,5061.47,1
29,female,85285.74,7107.14,employed,2.9,15211.06,4811.81,18161.16,13278.66,debt_consolidation,48,3,6.4,0,1,consistent,0.438,9292.9,1
44,female,12000.0,1000.0,employed,7.7,3615.07,640.11,2651.84,35902.28,debt_consolidation,36,1,23.0,0,0,minor_delays,0.633,1637.12,0
30,female,18259.51,1521.63,self_employed,2.3,1101.4,604.42,1301.29,18886.38,medical,12,5,5.9,0,1,consistent,0.677,863.83,1
36,male,67467.57,5622.3,employed,3.1,0.0,4582.4,9553.46,38400.19,home,24,0,14.6,0,2,consistent,0.544,0.0,0
52,female,43413.21,3617.77,employed,10.0,7749.12,1807.15,5702.14,23168.17,debt_consolidation,48,2,30.5,0,0,consistent,0.097,4921.88,0
27,male,96112.66,8009.39,self_employed,9.4,15995.27,5275.35,10700.4,32679.47,debt_consolidation,60,1,7.7,0,1,consistent,0.294,13681.51,1
53,female,53805.47,4483.79,self_employed,2.7,0.0,3202.56,1426.65,14703.22,business,12,5,27.8,0,1,irregular,0.349,0.0,0
25,female,12000.0,1000.0,employed,2.6,12443.76,898.51,5794.17,20800.53,home,36,1,3.9,0,0,consistent,0.205,9378.09,0
29,male,29031.64,2419.3,unemployed,2.9,31192.3,1527.72,218.96,30405.08,debt_consolidation,36,1,6.4,0,1,consistent,0.621,23941.25,0
49,male,12000.0,1000.0,employed,8.4,26462.93,872.87,4021.71,26954.56,debt_consolidation,36,5,30.8,0,2,consistent,0.482,6466.73,0
59,male,55912.74,4659.39,self_employed,1.5,5977.79,2573.24,4251.02,22840.93,debt_consolidation,48,4,35.3,0,0,consistent,0.311,4218.13,1
29,female,57102.01,4758.5,contract,6.9,0.0,3991.14,5034.09,13392.72,education,48,2,7.6,0,1,consistent,0.735,0.0,1
35,male,50963.97,4247.0,employed,8.5,18517.96,2057.33,9426.45,15253.46,medical,48,3,16.2,0,1,irregular,0.307,10656.28,1
65,male,90050.86,7504.24,employed,5.1,0.0,5652.67,48.33,29514.28,medical,60,3,45.0,0,0,consistent,0.614,0.0,1
68,not_specified,93161.52,7763.46,employed,9.5,26321.85,3109.33,34004.73,31805.02,auto,12,3,45.0,0,0,consistent,0.531,6718.65,1
48,male,57569.9,4797.49,employed,4.3,10436.95,4375.55,6511.8,10478.51,home,36,6,28.1,0,1,consistent,0.316,2259.46,0
42,female,12000.0,1000.0,employed,4.6,34975.6,893.74,21204.12,8818.65,home,36,1,23.8,0,0,minor_delays,0.204,15958.52,0
37,male,78049.32,6504.11,contract,1.6,0.0,3915.88,3156.85,7054.53,education,60,4,16.9,0,0,consistent,0.051,0.0,1
50,female,76439.37,6369.95,employed,9.6,24017.75,4131.82,1705.22,26126.71,education,60,1,31.0,0,0,irregular,0.566,14388.7,0
49,female,70044.18,5837.02,employed,2.4,11793.89,4031.81,1715.16,6775.77,personal,24,3,34.4,1,0,consistent,0.438,6567.35,1
35,male,87518.47,7293.21,employed,6.9,9027.39,3695.99,11483.91,25993.64,personal,36,2,13.4,0,2,consistent,0.205,4442.16,1
22,female,31714.47,2642.87,contract,5.2,0.0,1941.05,1429.01,23002.59,business,36,0,1.2,0,0,irregular,0.874,0.0,0
28,female,114227.64,9518.97,employed,1.3,20148.97,7121.91,11773.7,11003.99,debt_consolidation,72,3,9.7,0,0,consistent,0.61,16487.28,0
67,female,37054.88,3087.91,self_employed,3.1,21113.65,2004.96,274.75,34202.45,personal,24,3,42.6,0,0,consistent,0.549,16437.79,1
41,female,81479.8,6789.98,employed,11.0,34421.53,2948.29,9314.2,915.15,debt_consolidation,36,4,19.9,0,0,consistent,0.238,24113.24,0
44,male,18128.96,1510.75,employed,6.3,25096.6,1320.3,834.26,35254.86,debt_consolidation,36,2,28.0,0,1,minor_delays,0.213,10154.82,0
43,male,37813.12,3151.09,contract,1.5,5873.26,1309.52,9115.53,20507.74,medical,48,2,25.4,0,0,consistent,0.186,5041.11,1
58,male,101425.58,8452.13,self_employed,6.7,953.65,5989.42,680.22,500.0,auto,48,1,33.9,1,1,minor_delays,0.783,765.64,1
24,male,55216.6,4601.38,self_employed,4.9,0.0,1880.86,833.38,34510.68,debt_consolidation,36,2,3.0,1,2,minor_delays,0.298,0.0,0
24,female,83837.99,6986.5,unemployed,19.3,30678.69,3027.09,11802.98,27694.34,auto,60,4,0.7,0,1,minor_delays,0.621,19430.03,0
34,male,68160.84,5680.07,student,6.6,3661.91,2054.52,14096.1,12289.67,education,24,3,17.5,1,0,irregular,0.066,1585.91,1
44,female,59271.09,4939.26,student,4.0,30762.76,2751.75,6622.05,6388.07,debt_consolidation,60,2,20.7,0,2,irregular,0.618,15889.23,0
53,male,97460.11,8121.68,employed,11.2,19300.86,5803.44,5169.82,500.0,auto,24,0,32.1,0,0,consistent,0.793,8283.08,1
44,male,55846.87,4653.91,employed,0.0,16958.83,3012.38,6099.64,43569.91,home,48,3,24.2,0,2,irregular,0.498,7557.73,0
42,not_specified,15700.81,1308.4,retired,5.9,9317.58,961.0,8936.47,6842.8,home,36,2,24.6,0,1,consistent,0.268,4639.24,0
66,male,41115.76,3426.31,self_employed,13.5,20928.07,2517.52,3097.72,3100.53,debt_consolidation,48,0,45.0,0,1,minor_delays,0.704,17883.11,1
28,female,76330.98,6360.92,employed,5.0,12814.35,2734.55,2808.88,19947.11,business,36,1,7.1,1,0,consistent,0.196,7025.2,1
48,male,72283.24,6023.6,employed,0.0,8569.44,2305.13,18378.98,500.0,home,36,5,29.7,0,1,consistent,0.228,4139.56,1
47,female,21256.49,1771.37,self_employed,3.9,21352.06,1251.39,9933.81,6202.97,auto,12,4,26.5,0,1,minor_delays,0.143,13826.76,1
43,male,43167.09,3597.26,self_employed,11.3,11272.33,2598.44,3414.22,27944.66,education,36,4,18.7,0,1,minor_delays,0.392,4513.91,1
59,female,46875.24,3906.27,employed,7.0,3419.98,2606.74,1360.26,22106.32,debt_consolidation,60,3,32.4,1,5,irregular,0.298,705.08,0
33,male,52497.79,4374.82,employed,2.1,20197.92,2144.03,9718.86,12749.93,business,36,3,7.2,0,1,consistent,0.436,14359.23,1
66,male,26226.25,2185.52,employed,2.8,12232.17,1774.94,15267.3,17201.37,home,36,2,45.0,1,0,minor_delays,0.499,5293.07,0
36,female,45662.35,3805.2,student,3.3,18866.92,1495.98,10059.24,12132.82,auto,48,2,12.1,0,1,consistent,0.249,6909.79,1
47,female,43056.13,3588.01,employed,6.9,7553.68,2548.99,10159.37,16318.02,business,36,5,21.5,0,0,consistent,0.653,4339.73,0
45,female,82059.86,6838.32,student,10.9,0.0,2862.76,6446.54,8620.07,personal,60,1,26.1,0,0,consistent,0.465,0.0,1
61,female,83037.15,6919.76,self_employed,9.7,33820.89,5003.23,220.37,10617.37,medical,36,2,39.4,0,0,consistent,0.308,13345.06,1
42,female,58208.93,4850.74,unemployed,7.3,31559.34,2852.74,495.93,10282.54,personal,72,1,24.5,0,0,minor_delays,0.382,17629.34,0
34,male,51806.97,4317.25,student,0.2,23605.42,3278.17,980.98,9015.53,debt_consolidation,60,7,8.7,0,0,minor_delays,0.544,20821.69,1
22,male,65638.03,5469.84,employed,0.2,8346.27,2077.17,2305.42,28483.02,auto,36,3,0.0,1,0,minor_delays,0.26,3094.33,0
38,male,40769.05,3397.42,employed,7.6,9396.18,2264.03,11630.75,25471.29,education,36,4,16.2,0,0,irregular,0.696,4951.08,1
60,female,32182.37,2681.86,self_employed,0.1,29587.93,1160.12,1012.82,6744.0,education,48,0,43.6,2,1,minor_delays,0.529,16853.63,0
21,male,37554.25,3129.52,employed,4.6,8754.04,2312.58,614.08,3861.67,home,48,1,0.0,0,0,minor_delays,0.88,6119.39,1
64,not_specified,45494.86,3791.24,employed,6.7,5409.33,1586.16,2140.51,15269.96,home,24,0,41.9,1,1,minor_delays,0.635,3058.44,0
47,female,31749.68,2645.81,self_employed,0.9,35466.82,1037.0,1721.45,40708.16,auto,36,6,25.0,0,3,consistent,0.153,25301.38,0
27,female,66213.55,5517.8,unemployed,1.4,12427.87,4174.1,6211.43,5695.24,education,24,2,1.6,0,0,consistent,0.498,10003.78,1
35,male,80972.61,6747.72,employed,5.1,34221.1,2606.06,416.64,15226.53,business,60,3,15.7,0,2,poor,0.156,13618.27,1
47,female,20735.44,1727.95,employed,7.5,0.0,825.93,4054.14,17975.92,debt_consolidation,48,1,21.3,0,0,consistent,0.383,0.0,1
36,female,62653.35,5221.11,student,9.7,19218.22,4281.83,18326.94,15804.94,debt_consolidation,24,5,17.9,1,4,consistent,0.359,7378.08,1
26,male,56281.67,4690.14,employed,7.9,37852.99,3806.15,8678.33,11959.69,medical,36,1,7.3,1,0,consistent,0.262,29016.01,1
52,female,70879.23,5906.6,unemployed,5.8,13357.01,4942.95,26098.58,29705.88,auto,60,0,35.8,0,1,consistent,0.286,8624.06,1
53,male,61663.59,5138.63,employed,2.5,9831.95,2753.67,10422.21,21999.04,medical,72,2,26.7,2,0,minor_delays,0.307,5879.25,0
26,female,24206.42,2017.2,employed,1.2,0.0,1313.17,2622.84,26303.86,medical,24,1,5.1,1,0,irregular,0.334,0.0,1
34,female,29177.88,2431.49,employed,3.5,25988.12,1922.84,12037.74,23483.18,personal,36,1,17.4,1,1,minor_delays,0.893,15119.83,0
32,male,62765.01,5230.42,employed,7.1,3758.46,2239.05,13034.74,26833.43,home,36,0,10.4,0,2,minor_delays,0.405,1368.85,1
52,female,88748.3,7395.69,employed,6.8,11862.3,5642.19,8463.42,34428.46,business,48,2,33.6,0,1,irregular,0.514,6508.21,1
56,female,12000.0,1000.0,self_employed,0.0,0.0,500.0,12016.67,31641.48,auto,24,1,32.6,0,1,consistent,0.077,0.0,0
55,male,70988.89,5915.74,employed,2.4,31682.74,5149.97,22778.39,42572.84,debt_consolidation,24,2,38.4,0,0,consistent,0.182,14798.89,1
66,male,92930.17,7744.18,unemployed,10.3,26858.62,5523.67,5604.14,30390.75,auto,60,4,45.0,0,0,minor_delays,0.504,12550.66,1
57,male,58021.33,4835.11,employed,5.8,12620.98,3051.84,896.0,9636.09,auto,36,2,37.3,0,1,irregular,0.366,5593.55,1
36,male,76305.26,6358.77,employed,0.0,0.0,3982.47,4018.9,26320.43,debt_consolidation,24,2,15.5,0,0,consistent,0.369,0.0,1
26,male,43720.2,3643.35,self_employed,14.9,31430.88,1651.81,970.24,24814.79,home,36,2,7.0,0,0,irregular,0.167,14744.52,0
50,female,58896.48,4908.04,employed,5.4,8608.82,2685.55,33163.02,38123.24,auto,24,2,29.9,0,0,irregular,0.207,5218.91,1
64,female,19856.25,1654.69,self_employed,7.0,0.0,1264.94,949.56,6361.26,education,36,4,44.5,0,0,consistent,0.337,0.0,1
67,female,12000.0,1000.0,employed,7.1,0.0,658.34,2175.34,23137.46,medical,36,1,43.6,0,1,consistent,0.642,0.0,0
32,female,86511.91,7209.33,contract,4.0,5248.42,4698.35,7788.83,9508.23,business,24,2,11.8,0,0,consistent,0.331,1857.58,1
32,female,36390.13,3032.51,employed,2.6,0.0,1398.87,11541.51,22638.0,education,12,2,14.0,0,1,consistent,0.327,0.0,0
22,male,50156.28,4179.69,employed,14.0,5526.15,3107.63,12300.17,14637.79,debt_consolidation,60,4,1.0,1,0,consistent,0.614,3877.67,1
27,male,25952.5,2162.71,self_employed,9.5,21932.9,1240.23,7411.2,22274.16,auto,60,3,4.5,0,2,consistent,0.19,10166.36,1
47,female,25340.79,2111.73,employed,8.8,8495.2,959.08,1463.83,1486.28,debt_consolidation,12,2,27.0,1,1,minor_delays,0.219,2232.87,0
47,male,57480.22,4790.02,retired,7.8,17268.32,4253.33,4626.39,25725.49,home,48,1,31.3,0,1,minor_delays,0.181,9666.01,1
38,male,43030.99,3585.92,employed,1.5,4319.98,2290.95,19413.82,19266.65,business,24,1,17.0,0,0,irregular,0.452,3234.41,0
35,female,71827.25,5985.6,employed,10.6,13782.03,3896.51,5799.79,18674.12,personal,60,4,14.9,0,0,minor_delays,0.602,6836.2,1
60,female,73766.0,6147.17,employed,2.1,36050.81,5590.12,112.9,38452.51,home,60,2,41.9,0,2,minor_delays,0.271,28508.5,0
43,male,70342.09,5861.84,employed,6.6,8818.17,3275.9,6155.22,12792.68,auto,48,6,19.3,1,0,consistent,0.402,3556.73,1
59,female,68203.62,5683.64,contract,0.0,17613.15,5044.35,227.24,20764.92,debt_consolidation,48,4,41.4,1,1,consistent,0.797,9627.57,1
67,female,103021.97,8585.16,employed,0.0,0.0,6405.46,6966.8,18102.98,business,36,6,45.0,1,3,consistent,0.434,0.0,1
36,male,34242.56,2853.55,self_employed,6.8,31241.27,2028.49,33861.5,19178.43,debt_consolidation,36,0,21.0,0,1,minor_delays,0.592,17741.9,0
30,male,60571.69,5047.64,employed,2.3,7273.52,2441.13,5677.41,41439.84,auto,36,3,9.7,0,1,consistent,0.324,5838.74,0
66,male,91449.94,7620.83,student,0.0,25606.4,2892.11,7467.18,17701.88,home,24,2,45.0,0,1,irregular,0.121,7849.43,1
51,female,94878.04,7906.5,employed,7.7,11521.84,4740.24,11029.79,10759.92,debt_consolidation,48,3,29.3,0,1,minor_delays,0.409,7220.7,1
34,male,25034.15,2086.18,employed,14.0,20338.95,742.26,2589.74,37579.93,education,36,2,10.1,1,0,consistent,0.316,8541.97,0
50,female,53878.76,4489.9,employed,11.1,21052.15,1753.18,854.04,13615.42,business,24,4,27.4,0,1,consistent,0.538,9418.54,1
45,female,97311.15,8109.26,employed,4.5,7570.72,5590.01,8227.2,500.0,education,48,0,21.9,0,0,minor_delays,0.625,1559.63,1
64,female,75210.06,6267.5,employed,5.5,26102.88,4781.79,3299.75,8850.72,personal,60,3,40.8,0,0,consistent,0.533,14959.41,1
33,female,67076.84,5589.74,contract,9.1,3892.18,2491.52,7078.64,3287.54,home,48,2,13.5,0,2,consistent,0.28,3462.99,0
68,male,56340.2,4695.02,employed,10.0,22335.21,3603.54,3311.67,500.0,education,36,6,45.0,0,2,consistent,0.072,6763.2,1
65,female,52021.18,4335.1,employed,4.1,8317.54,3864.06,19441.45,13006.83,home,60,3,42.1,1,0,consistent,0.223,3027.4,1
29,female,69493.7,5791.14,self_employed,5.6,17194.7,4480.09,6601.4,16227.62,auto,12,1,9.0,1,1,consistent,0.19,6162.76,0
28,male,55438.27,4619.86,employed,6.7,7456.08,3683.35,7529.41,29985.81,medical,48,2,8.4,0,0,irregular,0.292,4425.13,1
46,female,60892.96,5074.41,employed,7.7,13599.71,3802.8,1040.24,23923.42,medical,36,6,25.1,0,1,consistent,0.082,4527.83,1
23,male,64043.57,5336.96,self_employed,5.0,103.68,2551.6,4557.7,23422.18,home,24,5,2.1,0,0,consistent,0.245,89.8,1
35,male,44370.14,3697.51,employed,5.0,15970.68,2054.73,8966.98,7174.69,education,72,4,11.1,0,1,minor_delays,0.271,10978.67,0
41,female,75835.36,6319.61,self_employed,11.0,13530.25,5631.3,5348.51,26734.27,education,36,4,16.1,0,0,consistent,0.243,8628.34,1
67,female,137770.36,11480.86,self_employed,10.3,6518.16,8345.33,2511.17,32303.56,debt_consolidation,36,3,45.0,0,0,consistent,0.38,1321.76,1
68,female,15798.35,1316.53,employed,7.4,12339.66,1052.89,10400.75,21340.28,business,24,2,45.0,2,2,consistent,0.477,6532.71,0
28,male,70424.33,5868.69,self_employed,12.4,14608.05,5294.48,23460.67,21647.69,auto,72,4,6.0,0,0,irregular,0.402,11198.6,1
63,male,42235.06,3519.59,employed,4.0,5603.72,1696.16,1570.77,3088.38,debt_consolidation,60,4,40.8,0,2,irregular,0.306,3109.48,0
25,male,77012.47,6417.71,contract,12.0,11454.9,3422.96,10876.57,28598.79,auto,12,2,5.0,0,0,consistent,0.454,8210.81,1
56,male,63210.49,5267.54,employed,7.7,933.38,3779.66,129.81,36589.14,personal,36,2,33.0,0,1,poor,0.453,632.31,1
61,female,81808.22,6817.35,employed,18.6,41148.8,2480.72,538.91,20552.48,education,24,2,42.6,0,0,consistent,0.096,35002.3,1
63,male,92563.17,7713.6,employed,0.7,25709.42,5211.27,11943.27,10462.07,debt_consolidation,48,3,39.8,0,0,consistent,0.294,11740.25,1
31,male,67002.95,5583.58,employed,2.7,16277.13,4528.02,352.35,15218.06,debt_consolidation,36,2,9.0,0,2,minor_delays,0.175,12659.65,1
63,female,91433.36,7619.45,employed,7.2,27065.36,5318.01,410.89,12375.37,home,24,1,42.8,1,0,irregular,0.167,10347.13,1
26,male,12000.0,1000.0,employed,7.1,0.0,518.37,3208.43,13035.05,debt_consolidation,36,3,6.7,0,0,consistent,0.196,0.0,1
45,male,103351.76,8612.65,student,13.3,0.0,6569.2,10820.41,24127.81,debt_consolidation,60,2,25.5,0,2,consistent,0.632,0.0,1
43,male,71751.62,5979.3,employed,2.8,8208.51,2590.46,38.51,20074.11,business,36,1,18.5,0,1,consistent,0.731,4185.54,0
36,male,90023.93,7501.99,employed,9.1,0.0,6451.87,11594.26,28043.3,auto,12,4,9.5,0,0,consistent,0.296,0.0,1
22,male,30283.23,2523.6,employed,10.1,10160.73,1028.42,25667.74,21079.93,business,72,1,3.9,0,0,consistent,0.271,5120.42,1
58,male,40399.98,3366.67,self_employed,8.3,15467.88,2835.37,4107.52,7495.03,business,24,1,38.1,0,2,minor_delays,0.63,5226.44,0
37,female,65794.4,5482.87,self_employed,1.7,24044.97,3474.77,9693.85,11492.39,debt_consolidation,36,2,16.3,0,0,consistent,0.637,13011.21,0
52,male,61557.01,5129.75,student,11.1,0.0,3048.76,23778.19,10808.75,personal,36,2,23.8,0,1,consistent,0.362,0.0,1
40,male,69359.78,5779.98,self_employed,10.4,17795.57,3672.47,601.05,14948.83,personal,36,1,15.1,0,0,minor_delays,0.4,9580.98,1
38,male,90197.39,7516.45,self_employed,7.9,13172.68,3488.52,11415.14,36741.85,debt_consolidation,24,1,16.1,0,2,consistent,0.573,6113.84,1
63,male,16104.27,1342.02,employed,6.3,17170.11,819.82,1217.34,38503.9,debt_consolidation,24,3,40.7,2,0,consistent,0.666,3596.38,0
25,female,87319.3,7276.61,contract,6.4,6762.74,6071.17,7796.43,26202.61,education,12,3,6.4,0,1,consistent,0.535,4300.64,0
56,female,62215.33,5184.61,employed,5.2,29597.62,4181.62,5404.06,18306.4,business,36,3,32.4,0,1,consistent,0.187,12404.44,1
56,female,56701.67,4725.14,self_employed,8.1,11757.9,2092.94,1374.1,2021.83,personal,60,4,34.0,1,1,irregular,0.674,7144.82,1
39,female,23751.0,1979.25,contract,5.6,34290.19,1452.47,1383.93,19420.09,debt_consolidation,24,4,22.7,0,3,consistent,0.136,28122.85,0
33,male,75079.27,6256.61,employed,2.1,3515.34,5245.52,16040.88,8309.92,education,48,1,14.2,0,1,consistent,0.601,2830.15,1
21,female,12000.0,1000.0,employed,1.3,21913.93,817.27,2318.72,34935.74,auto,36,2,0.8,0,0,irregular,0.321,12107.42,0
65,female,78858.24,6571.52,employed,2.5,12283.98,3894.35,9360.58,500.0,auto,12,3,44.8,1,0,minor_delays,0.192,6509.05,1
66,male,23205.25,1933.77,contract,6.4,9067.09,729.83,822.02,21229.33,debt_consolidation,36,0,45.0,0,0,minor_delays,0.377,5198.3,0
32,male,63389.91,5282.49,employed,5.4,20587.78,4652.64,13471.9,7383.37,business,36,3,13.1,1,0,consistent,0.47,9742.66,0
22,female,58901.61,4908.47,employed,6.4,9409.92,2825.58,3880.36,16895.33,home,48,1,0.0,0,1,consistent,0.335,3825.76,0
26,female,92407.99,7700.67,employed,7.5,0.0,4279.7,10032.4,24326.75,debt_consolidation,36,1,3.2,0,0,poor,0.689,0.0,1
24,male,57354.97,4779.58,self_employed,3.0,0.0,3742.05,3895.4,28241.66,medical,48,1,4.7,0,1,minor_delays,0.872,0.0,0
60,female,43952.4,3662.7,self_employed,11.4,28269.07,1833.05,1078.33,16332.41,debt_consolidation,60,2,36.4,0,2,irregular,0.451,6873.61,0
63,male,48828.33,4069.03,self_employed,4.4,27763.1,3360.23,19169.4,25373.38,home,36,5,45.0,0,0,consistent,0.219,12259.63,0
28,male,95094.95,7924.58,unemployed,3.8,35648.09,3117.13,180.81,9712.83,debt_consolidation,60,3,7.2,0,0,consistent,0.305,11282.91,1
56,male,75943.72,6328.64,employed,7.4,12789.66,4887.01,18072.97,19700.92,business,24,2,34.8,0,1,consistent,0.112,3099.88,1
29,female,51973.62,4331.14,employed,0.0,0.0,3900.19,6694.05,28024.28,home,12,1,8.5,0,2,minor_delays,0.551,0.0,0
38,male,55852.39,4654.37,self_employed,2.3,7964.99,4270.79,5210.51,20653.09,personal,24,6,15.4,0,1,consistent,0.145,4135.23,1
49,female,21253.4,1771.12,employed,9.4,13137.09,1552.5,17193.93,11177.22,education,60,0,25.7,0,2,consistent,0.109,7767.48,0
55,male,72100.33,6008.36,self_employed,0.0,915.54,5085.08,8369.77,13930.53,personal,48,2,35.3,0,1,minor_delays,0.293,756.29,0
62,female,16244.79,1353.73,unemployed,10.0,32782.9,689.0,33711.64,28172.22,debt_consolidation,72,3,39.7,0,2,poor,0.24,22249.33,0
23,female,81546.71,6795.56,employed,11.5,39874.03,6122.73,17705.73,4989.71,business,48,1,0.0,0,1,consistent,0.118,30359.06,1
30,male,65344.16,5445.35,employed,4.0,18739.37,4785.92,10932.17,6612.53,medical,36,3,8.8,0,1,consistent,0.452,11005.86,1
34,female,124060.75,10338.4,retired,6.7,12869.64,6767.43,6853.01,23617.48,personal,60,1,15.3,0,0,minor_delays,0.351,4387.08,1
35,female,33396.48,2783.04,employed,10.0,0.0,1611.89,17719.1,12169.42,business,72,1,10.8,1,0,consistent,0.375,0.0,1
68,female,59330.79,4944.23,employed,3.6,31557.21,2038.42,3681.04,1016.36,personal,60,1,45.0,1,0,minor_delays,0.557,16793.51,1
58,male,108755.48,9062.96,employed,9.0,13915.68,6223.18,657.59,31859.01,debt_consolidation,36,3,36.2,1,1,poor,0.292,10295.86,1
36,female,92976.13,7748.01,employed,2.8,9530.03,5805.67,830.96,4904.4,debt_consolidation,60,2,15.4,1,3,consistent,0.382,1948.37,0
67,female,43898.49,3658.21,employed,3.6,18774.09,2122.78,15313.4,14806.27,auto,24,1,45.0,0,3,consistent,0.322,9611.34,1
44,female,67823.15,5651.93,employed,2.3,5971.46,3286.24,5083.75,10185.27,home,60,2,25.0,0,1,poor,0.189,2610.82,1
45,male,62051.98,5171.0,employed,6.9,14762.5,3499.67,7993.12,13725.48,personal,72,0,21.6,0,0,minor_delays,0.455,6023.72,1
41,male,69330.85,5777.57,employed,10.1,0.0,2113.65,1542.42,7269.19,debt_consolidation,48,2,18.9,0,0,consistent,0.641,0.0,1
27,female,43834.31,3652.86,self_employed,4.8,26045.05,3272.9,3803.25,24857.07,home,24,1,4.9,1,1,consistent,0.466,20241.7,0
65,female,59677.67,4973.14,employed,0.4,11747.07,2562.39,25223.64,18219.06,home,24,4,41.7,0,0,minor_delays,0.622,9453.68,0
21,male,20450.64,1704.22,student,1.2,26905.61,733.34,5921.41,27820.19,business,72,4,0.0,1,1,consistent,0.188,20462.03,0
29,female,65513.21,5459.43,student,7.1,10586.37,1927.88,3024.43,10299.15,debt_consolidation,60,1,7.9,1,0,minor_delays,0.355,8132.07,1
32,not_specified,73700.54,6141.71,employed,12.9,11365.6,5149.38,560.66,40463.24,medical,48,3,11.4,0,4,consistent,0.292,8916.98,0
34,female,56087.1,4673.92,employed,7.1,0.0,3935.58,2757.21,500.0,personal,72,0,15.9,0,0,consistent,0.795,0.0,1
27,female,20008.68,1667.39,self_employed,4.0,22117.08,674.17,7482.15,500.0,auto,36,0,0.0,1,0,consistent,0.281,16188.35,0
21,female,87701.83,7308.49,employed,8.6,2489.92,3192.18,6162.57,36283.93,debt_consolidation,60,4,0.0,1,1,irregular,0.367,883.45,1
53,male,71477.65,5956.47,employed,4.5,7162.93,3605.48,4939.49,22214.46,debt_consolidation,24,2,30.0,0,0,consistent,0.557,6232.28,1
67,female,43123.61,3593.63,employed,4.0,13012.57,1638.16,16376.36,20755.25,debt_consolidation,24,2,45.0,0,1,minor_delays,0.417,7185.55,0
26,female,54704.39,4558.7,employed,1.7,14454.69,3507.55,5078.57,21744.03,debt_consolidation,36,0,6.1,0,0,irregular,0.273,5549.6,0
35,female,22982.6,1915.22,employed,11.1,0.0,733.69,1543.38,23283.28,auto,36,2,21.1,0,2,consistent,0.341,0.0,1
45,female,35339.34,2944.94,student,0.0,10230.33,1953.48,2876.41,20297.44,home,36,3,20.5,0,0,irregular,0.137,7941.66,0
65,female,48016.9,4001.41,self_employed,8.7,22542.76,2273.57,12449.48,6375.05,debt_consolidation,60,1,44.0,0,0,minor_delays,0.043,15435.97,1
54,female,93938.94,7828.25,employed,3.6,8459.94,4814.52,557.89,26000.1,medical,12,2,31.6,0,0,consistent,0.286,2595.71,1
57,male,45372.91,3781.08,employed,3.9,10303.22,2238.82,19060.93,24267.46,business,48,2,33.1,1,0,poor,0.343,5224.28,0
48,female,78645.56,6553.8,employed,12.3,14948.87,2865.98,5011.9,32712.74,business,24,1,24.6,0,0,irregular,0.208,10891.64,1
41,female,48003.78,4000.31,employed,2.6,11488.47,1902.39,10479.59,36406.65,business,60,1,19.0,0,0,consistent,0.629,7878.6,1
30,not_specified,68446.64,5703.89,contract,2.8,633.81,2207.06,42208.52,20635.24,medical,24,2,9.0,0,0,irregular,0.352,210.87,1
62,male,58323.72,4860.31,employed,5.0,12563.85,2020.49,7486.62,3496.96,business,48,2,39.0,0,0,consistent,0.093,9046.06,1
59,not_specified,84699.47,7058.29,self_employed,7.2,24928.88,6404.69,4368.86,36497.75,debt_consolidation,48,1,42.6,1,0,irregular,0.284,16761.93,0
22,female,48094.91,4007.91,employed,3.7,385.89,2041.94,308.4,5800.35,home,36,2,0.0,1,0,minor_delays,0.155,143.19,1
55,female,21114.27,1759.52,employed,0.0,8506.22,923.76,4629.24,20717.61,auto,36,4,29.9,0,0,minor_delays,0.466,3532.66,0
25,female,26069.33,2172.44,self_employed,2.0,0.0,917.75,5884.04,14175.93,debt_consolidation,12,2,2.4,0,0,irregular,0.63,0.0,1
56,not_specified,48171.19,4014.27,contract,10.6,24296.58,3132.91,3308.19,12263.12,personal,36,3,33.7,0,0,minor_delays,0.217,16317.81,0
60,male,29524.44,2460.37,employed,5.8,11891.7,2157.16,8032.93,25407.3,debt_consolidation,24,0,39.0,0,1,consistent,0.323,10298.32,0
27,male,72665.51,6055.46,unemployed,7.3,2797.6,4845.32,585.97,19689.06,education,24,2,3.9,0,1,minor_delays,0.358,2507.55,1
41,female,49890.03,4157.5,student,4.5,14107.19,2906.89,15563.65,22645.66,personal,48,2,17.7,0,0,irregular,0.555,9627.74,1
26,male,123739.77,10311.65,employed,2.9,0.0,8388.97,7111.02,8027.45,debt_consolidation,24,1,3.4,0,0,irregular,0.442,0.0,1
48,male,16819.42,1401.62,self_employed,12.2,598.05,813.52,4544.37,15085.18,auto,36,2,26.1,0,0,minor_delays,0.355,148.27,0
65,male,67294.46,5607.87,self_employed,4.7,0.0,4710.13,3977.02,8535.12,debt_consolidation,36,2,42.0,0,2,consistent,0.256,0.0,0
24,male,32673.22,2722.77,employed,3.7,198.65,2192.25,9577.46,14810.21,education,36,3,1.8,0,0,irregular,0.279,106.72,0
40,male,49171.57,4097.63,employed,9.9,29288.05,1438.2,8330.88,15693.62,education,36,1,18.3,0,1,consistent,0.2,19608.46,1
67,female,65676.91,5473.08,contract,2.6,4202.58,3437.32,664.09,37287.35,medical,48,3,45.0,0,0,minor_delays,0.157,3677.8,1
35,male,12000.0,1000.0,employed,3.1,18594.7,500.83,9812.34,14146.73,debt_consolidation,48,2,8.8,0,0,consistent,0.336,5890.13,0
27,female,68157.48,5679.79,student,5.5,2964.38,2267.1,601.95,500.0,education,36,1,7.1,0,0,irregular,0.809,1361.94,1
44,male,111475.59,9289.63,employed,5.5,22114.4,7732.06,4091.57,32346.01,auto,36,2,24.2,0,0,consistent,0.833,13341.74,0
45,female,50210.6,4184.22,employed,6.5,687.02,1483.44,3388.98,21941.85,auto,36,3,25.7,1,1,consistent,0.373,306.07,1
52,male,68755.0,5729.58,employed,13.9,13470.74,4389.97,5724.13,15558.89,medical,48,0,29.2,0,1,irregular,0.534,4354.21,1
36,female,88647.96,7387.33,employed,6.8,13634.22,6746.62,9642.99,12190.63,medical,36,3,17.7,0,0,consistent,0.419,8439.35,1
66,female,57737.21,4811.43,self_employed,0.0,40933.66,3005.95,7268.75,6583.82,business,60,2,44.5,0,0,consistent,0.667,9315.14,0
46,male,46895.04,3907.92,employed,6.8,20565.1,2194.72,764.51,38318.53,debt_consolidation,48,4,25.5,0,1,irregular,0.446,9540.77,0
34,male,12000.0,1000.0,contract,5.7,5885.15,695.32,13233.05,17570.29,debt_consolidation,48,3,14.8,1,0,consistent,0.202,5184.16,0
67,male,78665.76,6555.48,self_employed,5.7,21220.59,5301.27,13034.66,500.0,debt_consolidation,36,3,45.0,0,0,consistent,0.258,11347.61,1
65,male,59057.62,4921.47,employed,6.5,38658.09,2396.48,7143.24,20605.14,debt_consolidation,60,3,45.0,0,0,irregular,0.196,10480.68,1
44,female,35670.22,2972.52,employed,5.4,0.0,1465.15,1922.59,30267.89,education,36,5,24.2,1,0,irregular,0.273,0.0,1
22,female,65291.51,5440.96,unemployed,5.3,2890.22,3787.41,1713.2,18720.78,home,36,4,1.2,0,1,consistent,0.633,940.27,1
49,female,46824.31,3902.03,employed,8.0,10157.23,3456.15,22299.57,7082.47,home,60,2,24.2,0,0,consistent,0.318,3814.87,0
47,female,48260.92,4021.74,employed,3.3,7994.94,2091.75,1370.37,6098.18,debt_consolidation,48,7,28.3,0,0,consistent,0.718,6985.23,1
28,female,77763.57,6480.3,employed,1.7,9006.92,3659.75,7315.04,6909.49,debt_consolidation,36,3,5.7,1,0,poor,0.18,6688.28,0
51,female,27202.06,2266.84,unemployed,17.6,0.0,2076.88,22076.1,33738.24,home,36,4,27.4,0,0,consistent,0.265,0.0,1
61,not_specified,89230.2,7435.85,retired,2.6,29847.47,3349.45,2707.47,16211.7,debt_consolidation,36,1,40.4,0,2,consistent,0.375,19493.04,1
26,female,25660.16,2138.35,student,5.9,0.0,842.23,1350.6,500.0,auto,60,3,7.5,0,0,irregular,0.619,0.0,1
55,male,44769.76,3730.81,employed,0.0,10597.45,2559.94,2725.3,21225.47,debt_consolidation,36,0,35.6,0,2,minor_delays,0.203,8740.22,1
27,male,111996.6,9333.05,student,6.0,25549.97,3395.66,14195.66,18551.4,debt_consolidation,12,2,7.7,0,1,minor_delays,0.211,15130.83,1
56,male,91311.22,7609.27,employed,1.8,12637.78,3445.83,16812.11,12062.15,auto,12,0,37.3,0,1,minor_delays,0.571,8373.39,0
41,male,64537.7,5378.14,self_employed,3.7,1247.27,3789.76,3881.37,5775.53,home,72,2,19.5,0,2,consistent,0.333,379.66,0
21,male,37546.21,3128.85,unemployed,9.7,0.0,2271.3,6131.72,5297.16,home,36,4,0.0,0,1,consistent,0.396,0.0,1
67,male,48238.92,4019.91,employed,7.4,10240.01,2576.53,20398.83,28952.97,personal,36,4,43.2,0,1,minor_delays,0.391,2238.26,0
28,female,63905.16,5325.43,student,7.8,3915.65,3028.77,1884.6,19722.64,debt_consolidation,60,1,8.5,0,0,consistent,0.567,2395.48,1
49,female,62975.6,5247.97,employed,0.0,15462.77,3560.39,4562.21,22265.08,medical,36,2,27.1,1,0,consistent,0.499,9181.22,1
29,male,59637.36,4969.78,student,12.8,0.0,3561.99,10128.16,19692.35,personal,60,4,12.7,0,1,irregular,0.488,0.0,1
65,male,61198.35,5099.86,employed,0.7,22756.43,4120.61,24369.51,20604.58,personal,48,1,45.0,0,0,minor_delays,0.609,8249.05,1
56,male,56426.25,4702.19,employed,11.6,14386.59,3770.53,20429.95,11847.66,medical,36,4,38.1,0,0,minor_delays,0.476,7439.64,1
59,female,24508.55,2042.38,contract,9.6,15278.04,1488.76,6552.58,14735.88,education,60,2,42.8,0,0,minor_delays,0.546,4165.52,0
41,male,48570.72,4047.56,employed,7.8,30292.92,3479.74,3475.62,29814.03,debt_consolidation,72,1,17.0,0,1,consistent,0.335,24145.52,0
43,female,85780.23,7148.35,employed,2.1,7746.45,5916.51,9643.93,32560.49,debt_consolidation,24,1,19.6,0,0,consistent,0.179,6060.18,1
51,male,26423.31,2201.94,employed,6.1,4290.2,937.92,1184.74,3556.99,business,12,2,28.4,1,3,consistent,0.208,2648.35,0
58,male,57071.56,4755.96,student,3.6,6426.84,4258.05,39451.58,14709.15,auto,60,3,39.7,0,1,consistent,0.273,5341.38,1
61,male,40686.4,3390.53,student,5.6,10689.68,2910.07,2459.8,26232.14,business,36,0,42.7,1,0,minor_delays,0.464,6728.52,1
21,female,64895.11,5407.93,self_employed,4.5,11908.42,2882.04,6381.89,37702.88,debt_consolidation,36,0,0.0,0,1,consistent,0.265,6473.9,1
52,male,51895.54,4324.63,employed,0.0,3031.63,1563.38,88.26,36601.56,home,36,3,32.3,0,0,consistent,0.268,1879.57,0
26,female,100412.24,8367.69,employed,10.0,0.0,5809.4,4521.61,8246.66,business,60,6,0.0,0,1,poor,0.055,0.0,1
34,female,75171.16,6264.26,employed,5.2,6268.85,3757.92,5669.4,31025.51,business,48,5,7.3,0,1,consistent,0.271,2208.16,1
60,male,27893.12,2324.43,employed,3.6,17317.91,1806.67,3299.9,17645.0,home,72,3,36.2,0,2,consistent,0.387,10231.83,0
33,female,79451.93,6620.99,contract,3.3,14635.1,4297.17,5622.67,28488.58,debt_consolidation,36,2,10.8,0,0,minor_delays,0.504,4076.93,0
59,female,41859.05,3488.25,employed,6.9,27394.65,1372.98,1030.39,25671.07,medical,72,2,44.1,0,1,consistent,0.407,21003.89,0
43,male,46998.09,3916.51,employed,1.9,36465.84,1917.02,6757.09,3096.4,medical,36,1,20.6,0,0,poor,0.272,11638.33,0
32,female,70159.29,5846.61,employed,0.0,22112.01,4987.38,15823.71,23049.71,debt_consolidation,48,2,13.7,1,1,consistent,0.618,10899.34,1
37,female,49214.57,4101.21,unemployed,7.1,29590.25,1523.53,2399.96,28062.66,education,48,2,17.5,0,1,irregular,0.878,15954.97,1
46,male,85214.25,7101.19,employed,7.6,22201.29,5467.22,20194.84,16778.29,debt_consolidation,36,1,25.4,0,0,consistent,0.599,6894.64,0
57,not_specified,41862.74,3488.56,self_employed,4.7,33518.79,1801.52,3205.39,14290.52,auto,36,3,31.9,0,1,consistent,0.607,12385.73,1
50,female,45907.39,3825.62,employed,0.9,35210.24,2325.99,3460.97,500.0,auto,36,3,30.1,0,0,consistent,0.092,18980.92,0
65,female,44934.36,3744.53,employed,5.9,24413.98,2443.95,5822.77,24519.79,home,36,0,43.1,0,0,consistent,0.59,6707.78,0
62,not_specified,47293.39,3941.12,contract,0.0,21476.56,1941.18,4887.15,19296.23,home,48,7,37.8,0,0,irregular,0.328,7109.11,1
57,male,90578.98,7548.25,employed,1.4,10537.21,5446.95,6490.02,6855.98,auto,12,0,37.9,0,2,consistent,0.422,2278.51,0
49,male,78348.7,6529.06,employed,2.5,12503.95,4865.86,15525.76,13415.76,business,48,3,32.5,1,0,consistent,0.347,6933.62,1
34,female,106458.54,8871.55,employed,8.9,8945.95,3535.17,14210.44,18699.54,home,36,4,12.8,0,0,consistent,0.56,6938.45,1
40,male,120958.75,10079.9,student,4.0,20455.02,5676.38,2215.16,10855.01,auto,36,3,18.9,1,1,consistent,0.516,15700.64,1
26,male,35201.36,2933.45,self_employed,3.7,4355.82,2271.35,4296.48,17029.45,home,48,1,6.9,1,2,consistent,0.585,1953.27,0
38,female,63830.9,5319.24,student,13.3,10706.73,4049.72,16430.16,500.0,personal,24,1,12.5,0,0,irregular,0.086,7293.53,0
65,male,31418.79,2618.23,employed,6.9,0.0,1729.14,465.39,31843.64,business,72,1,41.3,0,1,minor_delays,0.4,0.0,1
41,female,41782.25,3481.85,self_employed,6.9,33677.08,2762.07,1452.32,17175.0,medical,72,3,27.4,0,0,consistent,0.305,16716.76,0
26,female,45617.85,3801.49,employed,4.0,10354.31,1563.77,640.09,4907.11,auto,36,4,0.8,1,0,consistent,0.42,8694.31,0
52,male,34513.97,2876.16,employed,3.1,18466.97,1200.45,3434.75,500.0,debt_consolidation,36,2,27.1,0,1,consistent,0.47,13757.55,0
67,female,34650.93,2887.58,employed,0.0,30493.44,2092.83,3619.59,28320.48,debt_consolidation,12,3,44.2,1,1,consistent,0.357,9873.33,0
62,not_specified,58248.61,4854.05,employed,9.4,16603.52,3617.24,47.89,23139.01,education,60,3,39.3,0,1,consistent,0.225,8483.79,1
34,male,30365.32,2530.44,employed,7.3,30332.12,2060.49,8909.23,19317.54,business,24,1,14.0,0,1,consistent,0.241,25829.53,0
42,male,83895.3,6991.28,unemployed,4.8,0.0,3168.38,18822.54,26500.13,education,60,3,17.7,1,2,consistent,0.486,0.0,1
46,female,38138.41,3178.2,unemployed,5.0,41768.52,2048.54,4664.87,26469.88,business,72,5,27.6,0,0,poor,0.698,10038.85,0
32,male,135048.79,11254.07,contract,8.4,26045.32,8178.04,1317.62,19138.82,debt_consolidation,24,3,13.1,0,1,consistent,0.592,10081.76,1
33,male,50264.0,4188.67,employed,0.0,15510.43,2000.13,17907.91,14203.64,auto,48,6,9.0,1,2,consistent,0.473,3154.8,0
32,female,63872.46,5322.7,employed,3.1,30100.95,3431.28,14787.46,12411.44,home,36,6,7.4,0,1,minor_delays,0.667,8698.26,0
68,male,28321.13,2360.09,employed,1.0,0.0,1684.9,6236.22,21630.36,auto,36,3,45.0,0,0,consistent,0.197,0.0,1
56,female,106358.39,8863.2,student,12.6,9536.62,4185.52,419.75,32367.35,business,24,2,35.4,0,2,consistent,0.042,7010.42,1
61,male,91107.02,7592.25,employed,9.0,30331.0,4282.57,5764.76,15868.07,auto,48,1,45.0,0,0,consistent,0.223,10603.86,1
60,male,69719.81,5809.98,employed,0.0,0.0,2749.94,4547.27,33241.25,business,24,0,37.7,0,1,consistent,0.171,0.0,1
67,male,26983.13,2248.59,self_employed,0.0,19725.49,1944.31,9131.2,21104.68,debt_consolidation,60,2,45.0,0,1,minor_delays,0.632,17585.84,0
26,male,67477.34,5623.11,employed,5.0,19386.11,2727.07,19411.82,21187.6,auto,36,0,6.7,1,0,consistent,0.615,10176.26,1
63,male,32842.79,2736.9,self_employed,3.6,36630.71,1146.42,8364.67,43456.2,debt_consolidation,48,1,39.6,0,1,poor,0.464,32765.95,0
24,female,100021.24,8335.1,self_employed,0.2,0.0,3084.31,16033.94,35179.46,auto,60,4,8.2,0,1,minor_delays,0.486,0.0,0
43,male,83039.06,6919.92,self_employed,13.3,32315.57,2599.29,16569.81,35464.7,home,48,2,20.5,0,0,consistent,0.405,7825.48,1
49,male,64481.42,5373.45,student,6.8,6286.35,2467.51,9670.51,8226.25,debt_consolidation,36,1,29.3,0,1,consistent,0.543,1743.82,1
38,male,12000.0,1000.0,employed,7.4,7635.89,696.68,7004.12,41114.01,personal,36,1,16.2,0,1,consistent,0.632,4268.89,0
28,male,36431.18,3035.93,employed,2.7,0.0,1093.12,41.67,16095.62,debt_consolidation,36,2,7.9,0,0,consistent,0.451,0.0,1
30,male,79881.79,6656.82,employed,8.4,0.0,3417.9,5172.38,14497.6,business,36,1,14.3,0,2,consistent,0.323,0.0,1
60,male,93534.98,7794.58,employed,4.0,17842.27,2986.53,1865.59,500.0,business,72,3,40.2,0,0,poor,0.344,10708.94,1
36,male,90838.42,7569.87,employed,4.4,0.0,4391.17,3298.18,20589.2,auto,36,4,9.0,0,0,consistent,0.289,0.0,1
35,female,20607.66,1717.31,employed,7.9,21883.41,648.61,2286.24,5083.11,business,36,3,13.7,2,1,consistent,0.32,19436.1,0
65,male,69840.36,5820.03,employed,0.0,5044.41,4052.48,14104.28,21490.79,business,60,3,42.2,0,0,consistent,0.659,4215.11,1
27,male,88403.4,7366.95,employed,11.9,0.0,5469.24,69.46,4222.78,medical,36,4,11.1,0,0,consistent,0.69,0.0,1
64,male,18883.28,1573.61,unemployed,6.2,6666.29,1206.74,7129.11,36774.7,debt_consolidation,60,2,39.5,1,0,consistent,0.733,1691.65,0
65,male,61794.48,5149.54,employed,10.6,17040.49,2460.84,221.3,23067.31,debt_consolidation,36,3,44.8,0,0,irregular,0.545,5856.55,1
49,male,69119.9,5759.99,unemployed,1.2,9671.76,4867.45,18373.42,42078.59,auto,12,0,26.9,0,2,consistent,0.263,3829.26,1
28,female,54180.12,4515.01,self_employed,1.8,13410.52,3356.75,35135.94,5746.74,home,48,2,6.3,0,5,consistent,0.215,10809.73,1
28,male,13843.79,1153.65,employed,0.9,21354.49,500.0,3883.43,34040.97,debt_consolidation,36,4,8.0,0,1,consistent,0.357,13915.62,0
34,female,53531.85,4460.99,employed,6.5,25989.06,2682.11,27491.83,500.0,home,60,3,14.9,1,0,minor_delays,0.373,22339.07,1
48,male,53490.06,4457.5,self_employed,5.8,9278.86,3510.83,149.48,19288.83,business,36,4,22.3,0,0,minor_delays,0.666,4576.27,1
28,female,58150.12,4845.84,self_employed,3.6,469.34,2554.77,11880.27,10052.15,medical,24,0,8.7,0,0,minor_delays,0.456,228.61,1
42,male,47349.74,3945.81,employed,1.4,13913.13,2239.2,10593.51,12072.48,debt_consolidation,36,1,27.1,0,2,minor_delays,0.299,5505.85,1
26,female,50481.68,4206.81,employed,0.4,18647.8,2982.1,19910.57,11318.54,home,36,1,0.0,0,2,irregular,0.662,9440.68,0
46,male,60967.64,5080.64,employed,5.3,0.0,1938.89,717.94,6938.12,debt_consolidation,48,1,26.1,0,1,irregular,0.205,0.0,1
22,male,73503.82,6125.32,self_employed,3.6,2312.7,5519.85,261.86,3143.43,personal,36,2,5.1,0,0,consistent,0.678,1590.42,0
55,male,54084.9,4507.08,student,2.8,4369.76,2025.72,17314.41,12133.31,debt_consolidation,36,2,32.9,0,1,consistent,0.34,3289.61,1
23,female,51349.13,4279.09,employed,11.7,10506.13,1562.74,2717.62,18276.31,debt_consolidation,60,5,2.9,0,0,minor_delays,0.767,8210.4,0
30,male,64401.2,5366.77,self_employed,5.2,3867.59,1894.65,26111.93,29800.64,home,36,1,9.7,0,0,consistent,0.211,785.14,1
29,male,12056.19,1004.68,employed,10.6,21484.49,580.45,19657.27,20248.85,debt_consolidation,48,1,12.9,0,1,minor_delays,0.293,7865.48,0
60,female,74402.91,6200.24,employed,3.4,0.0,5295.16,2338.13,29831.94,business,36,2,40.4,0,1,minor_delays,0.462,0.0,1
23,female,61985.36,5165.45,contract,6.5,0.0,4221.54,10635.25,740.05,debt_consolidation,60,1,1.9,0,2,consistent,0.973,0.0,1
41,male,63032.03,5252.67,student,5.3,8993.33,4569.12,1428.55,12237.34,auto,36,3,16.0,0,1,consistent,0.39,2538.07,1
49,male,86979.09,7248.26,employed,0.0,10892.17,4742.22,1732.9,24821.05,debt_consolidation,36,2,28.0,0,1,minor_delays,0.804,2672.43,0
45,male,12000.0,1000.0,self_employed,11.2,0.0,605.79,29257.26,20775.1,business,36,2,16.3,0,0,consistent,0.609,0.0,0
53,male,12000.0,1000.0,employed,5.0,5719.01,569.94,11176.85,7527.07,debt_consolidation,12,4,36.2,1,2,consistent,0.177,4540.41,0
59,male,69118.9,5759.91,employed,8.5,8187.47,2168.37,20131.17,27274.76,debt_consolidation,36,2,40.9,0,2,consistent,0.83,3466.02,0
39,female,61814.96,5151.25,self_employed,2.5,8280.42,4473.48,3146.25,11155.99,medical,24,1,17.2,0,1,irregular,0.235,5361.62,0
60,male,66424.6,5535.38,contract,4.8,14822.58,3502.9,6042.52,8449.0,personal,60,5,38.8,0,1,consistent,0.109,4487.23,1
36,female,49984.7,4165.39,employed,2.0,5061.05,2538.34,8967.17,22356.43,home,36,1,18.7,0,1,consistent,0.663,1490.38,0
68,male,79273.2,6606.1,unemployed,10.4,30734.04,4251.99,7532.62,17067.86,auto,72,2,44.6,0,0,irregular,0.48,13324.64,1
45,male,86248.61,7187.38,unemployed,6.7,18858.46,5769.08,13638.9,11247.96,business,36,2,23.9,0,1,consistent,0.295,7484.3,0
56,female,74583.54,6215.29,employed,7.0,3314.64,2970.59,3922.71,10874.45,education,36,1,34.3,0,1,irregular,0.264,2935.34,1
63,female,55218.46,4601.54,employed,10.9,14134.14,3472.52,20122.03,5232.24,auto,36,3,45.0,0,1,poor,0.274,3067.82,1
59,female,12000.0,1000.0,employed,10.1,14488.18,755.14,3043.83,12646.77,auto,24,0,39.2,0,0,minor_delays,0.518,8448.12,0
61,female,82000.14,6833.35,unemployed,8.6,27576.66,5700.68,4021.47,29100.1,education,60,3,37.2,0,1,irregular,0.155,22003.03,1
46,female,93764.95,7813.75,employed,0.0,5795.41,2773.49,16210.57,19690.06,auto,24,1,25.9,0,1,irregular,0.162,1264.18,1
23,female,78758.52,6563.21,employed,2.7,22208.06,2934.58,4610.49,27544.53,auto,60,5,3.9,0,0,consistent,0.384,13049.66,0
44,female,39129.3,3260.77,student,1.5,13502.25,2016.78,7666.86,22676.75,home,12,5,20.2,0,0,consistent,0.551,6291.99,0
29,female,79518.65,6626.55,employed,8.4,30898.8,5531.9,7123.28,10265.29,medical,36,2,10.0,0,0,consistent,0.055,10849.41,1
63,male,84373.77,7031.15,unemployed,6.2,28490.7,6328.85,2385.95,500.0,auto,24,2,42.0,0,1,consistent,0.382,10392.18,1
32,male,102529.22,8544.1,contract,0.0,15363.75,5887.53,928.03,6804.6,auto,48,1,16.0,0,0,consistent,0.447,11831.8,1
31,male,39221.14,3268.43,employed,4.7,9852.61,1539.16,9728.3,9616.41,business,36,3,11.6,0,0,consistent,0.261,5173.77,1
32,male,56112.18,4676.02,contract,0.0,19079.27,2128.58,6449.26,8765.59,auto,60,4,9.2,0,1,consistent,0.338,4428.63,1
51,male,81429.07,6785.76,contract,5.3,10834.6,4848.31,11136.69,27791.22,auto,36,2,31.7,0,0,consistent,0.414,5267.56,1
48,male,63492.66,5291.06,self_employed,0.0,33163.69,2485.42,671.93,27676.47,auto,12,2,24.0,0,3,irregular,0.496,25592.64,0
66,not_specified,32949.48,2745.79,contract,7.6,13941.64,1826.66,5876.92,41330.68,debt_consolidation,60,2,42.7,0,0,consistent,0.457,9513.91,0
40,male,72780.02,6065.0,employed,7.0,8132.29,5008.74,1818.85,8599.07,education,36,2,21.5,0,0,minor_delays,0.292,7062.63,1
34,male,77045.2,6420.43,student,13.1,7484.62,3673.75,5193.73,34571.93,debt_consolidation,60,5,7.8,0,0,consistent,0.31,5547.32,1
23,male,64287.04,5357.25,contract,8.9,0.0,3030.75,2711.11,34503.94,personal,36,1,0.0,1,1,consistent,0.424,0.0,1
21,male,67709.21,5642.43,student,3.8,19678.71,2091.09,1697.61,14445.1,personal,48,2,0.0,0,0,consistent,0.602,4856.3,0
38,female,55273.65,4606.14,contract,8.8,3159.87,2279.25,357.6,22209.11,medical,24,0,15.3,0,1,consistent,0.25,1655.11,1
65,male,100435.25,8369.6,unemployed,0.0,26177.78,6260.21,2245.33,30648.07,debt_consolidation,72,0,37.7,1,0,consistent,0.315,13386.46,1
46,female,38582.0,3215.17,employed,1.7,0.0,1785.78,15960.89,16351.83,debt_consolidation,24,3,20.4,0,1,consistent,0.501,0.0,1
63,male,46729.66,3894.14,employed,6.8,14526.9,1714.32,1609.33,15499.69,business,60,5,45.0,0,2,consistent,0.115,9735.29,1
25,male,62285.62,5190.47,employed,0.0,26802.69,2129.58,6987.75,10099.29,debt_consolidation,24,4,7.7,0,3,irregular,0.44,10132.09,1
25,male,84852.8,7071.07,employed,5.4,0.0,2857.99,21119.27,500.0,personal,60,5,8.5,0,0,consistent,0.318,0.0,1
61,female,23068.3,1922.36,student,1.4,37219.19,1395.07,17244.51,17775.19,business,60,2,38.9,0,0,consistent,0.804,20334.13,0
26,male,27932.28,2327.69,employed,5.9,7896.58,1627.51,2557.65,9191.44,medical,60,0,5.2,0,1,poor,0.267,5531.38,1
23,male,12000.0,1000.0,employed,1.2,14693.14,645.56,2826.01,5171.17,personal,36,3,1.6,0,0,consistent,0.076,7139.1,0
40,female,62850.08,5237.51,employed,7.2,19857.39,3326.79,478.45,21644.11,personal,36,4,21.2,0,1,minor_delays,0.162,13485.06,1
65,male,32924.05,2743.67,student,5.6,21713.55,1199.77,12360.67,1035.57,debt_consolidation,60,1,44.8,1,0,consistent,0.097,19289.83,1
54,female,52001.7,4333.47,employed,11.1,16286.61,2753.25,16684.64,25866.88,personal,36,0,32.1,0,1,minor_delays,0.276,5008.31,1
25,male,79195.83,6599.65,unemployed,5.5,24968.62,2535.35,11452.06,22319.59,debt_consolidation,48,0,3.6,0,1,consistent,0.373,12612.84,1
61,female,45319.89,3776.66,employed,2.4,19228.85,3314.92,4210.87,12597.87,education,36,3,38.5,0,0,irregular,0.474,13227.87,1
61,male,68013.33,5667.78,employed,4.5,34130.57,2171.19,2247.84,16303.59,education,36,5,41.2,0,0,consistent,0.165,27297.58,1
59,not_specified,54217.21,4518.1,employed,0.1,19267.93,2672.06,22930.7,3907.57,debt_consolidation,36,4,37.1,0,1,minor_delays,0.712,12447.69,0
64,male,79474.97,6622.91,student,7.1,36575.63,2320.18,2709.45,25253.72,home,48,3,45.0,0,0,consistent,0.35,13236.69,1
32,female,74353.33,6196.11,employed,7.9,23812.95,4945.15,3.65,19061.01,business,24,2,13.1,0,2,consistent,0.031,15516.74,1
68,male,44009.72,3667.48,employed,15.4,0.0,1630.99,215.97,19880.35,auto,36,3,45.0,0,1,consistent,0.317,0.0,1
36,male,57615.05,4801.25,employed,3.0,44333.23,4211.67,7714.77,22520.79,business,60,1,16.1,1,2,consistent,0.124,10221.09,0
59,male,89137.33,7428.11,employed,4.4,6107.87,2786.04,50571.79,9933.43,debt_consolidation,36,1,37.6,1,0,consistent,0.362,3816.36,1
48,female,72227.8,6018.98,employed,3.2,30946.53,4922.62,12797.99,500.0,home,60,2,29.7,1,1,minor_delays,0.598,17726.46,0
58,male,25678.99,2139.92,employed,6.3,13321.52,1549.91,9444.16,27530.5,business,36,1,40.4,0,0,irregular,0.281,5363.63,0
51,male,79046.07,6587.17,employed,7.0,25733.08,3243.19,13150.97,24575.9,debt_consolidation,36,4,31.0,0,1,consistent,0.227,9450.28,1
51,male,33800.12,2816.68,self_employed,5.3,4738.25,1310.82,4473.88,11111.05,business,36,3,34.6,0,0,minor_delays,0.711,3494.56,0
50,female,98725.34,8227.11,employed,9.8,20508.93,4556.8,4085.12,21500.21,auto,36,1,28.7,0,0,irregular,0.452,5033.8,1
58,female,88626.57,7385.55,self_employed,3.0,9961.71,6072.32,7124.63,30837.71,personal,48,1,36.7,0,0,minor_delays,0.275,3976.25,1
56,female,69537.02,5794.75,unemployed,9.4,31948.04,4875.21,14871.21,29525.71,personal,24,1,33.0,0,0,minor_delays,0.515,22068.05,1
27,male,66088.05,5507.34,contract,7.7,18264.02,2477.82,2490.12,10789.85,business,36,0,4.1,0,1,irregular,0.356,6327.46,1
60,not_specified,56565.16,4713.76,contract,5.5,24231.31,2599.48,1313.96,623.63,auto,24,2,40.4,0,1,irregular,0.388,6841.08,1
46,male,79641.62,6636.8,employed,4.2,0.0,3221.31,21058.28,2510.63,auto,48,3,27.1,0,0,consistent,0.707,0.0,1
36,male,52359.77,4363.31,employed,15.2,11973.13,1832.18,3331.42,13571.01,auto,60,5,14.3,0,1,minor_delays,0.396,7135.29,0
45,female,68124.82,5677.07,employed,2.2,17926.62,4078.84,853.28,33085.49,education,12,5,21.5,0,0,consistent,0.686,6957.96,1
67,male,84670.29,7055.86,employed,6.7,15683.38,3860.59,7424.5,8987.1,home,36,1,41.8,1,1,consistent,0.35,4826.96,1
62,female,47393.03,3949.42,employed,2.5,24533.89,1889.67,15506.63,10440.39,debt_consolidation,36,3,45.0,0,0,consistent,0.777,5028.82,1
61,female,45978.99,3831.58,employed,12.6,8609.15,3232.39,4231.16,10213.98,auto,48,1,43.5,0,0,consistent,0.118,6240.14,1
43,female,30946.5,2578.87,employed,9.0,13585.45,2002.6,14111.44,11150.96,home,12,3,16.0,1,1,consistent,0.354,6116.81,0
58,male,34323.71,2860.31,self_employed,2.8,27174.72,2262.63,44.52,16876.5,education,36,4,39.6,0,1,consistent,0.135,9135.98,0
39,male,14461.72,1205.14,employed,7.6,0.0,500.0,683.9,2919.45,debt_consolidation,60,1,17.0,1,1,minor_delays,0.15,0.0,1
53,female,80975.55,6747.96,employed,6.5,20072.21,5881.69,4081.96,28927.96,home,36,3,33.9,0,0,minor_delays,0.175,13798.27,1
51,female,109031.78,9085.98,employed,3.4,8993.38,6156.67,3737.48,15406.97,debt_consolidation,48,4,28.6,0,2,consistent,0.666,6900.51,1
32,male,99058.55,8254.88,employed,8.5,2052.18,5259.74,9829.34,44270.48,auto,36,2,14.8,0,0,consistent,0.44,1352.42,1
33,male,19721.8,1643.48,employed,7.1,17038.53,585.14,15100.26,4090.72,home,60,4,12.1,0,3,minor_delays,0.449,14341.29,0
23,female,80846.22,6737.19,self_employed,6.4,27729.42,5805.21,9463.37,34488.53,business,12,2,6.0,0,0,consistent,0.294,12231.89,1
27,female,98974.77,8247.9,self_employed,5.3,25469.73,5443.76,3451.4,32304.8,education,24,4,3.4,0,2,poor,0.674,7882.55,1
41,male,50122.94,4176.91,employed,7.2,11378.64,3426.48,1148.77,12471.48,education,36,2,20.6,0,0,minor_delays,0.054,2328.85,1
43,male,64637.63,5386.47,employed,6.4,23508.89,3897.87,2282.38,12654.33,home,36,6,22.0,0,0,consistent,0.357,5258.27,1
28,male,12000.0,1000.0,self_employed,5.7,23416.81,804.12,16613.1,6865.72,auto,48,3,7.9,1,0,consistent,0.191,18679.63,0
41,male,68935.14,5744.6,employed,2.9,11951.54,4279.56,2412.37,6991.96,home,36,1,20.9,1,1,minor_delays,0.392,7534.26,0
50,male,34347.45,2862.29,employed,12.3,4683.03,2504.36,25171.62,16993.33,business,36,2,27.7,1,1,consistent,0.366,1085.96,1
32,female,67190.51,5599.21,employed,1.3,5377.19,2679.37,7428.29,17227.66,medical,48,4,14.2,0,0,consistent,0.61,1477.16,1
37,male,21408.72,1784.06,unemployed,7.2,23054.24,829.94,12662.91,500.0,medical,36,0,19.5,0,1,consistent,0.255,15851.12,1
38,male,76114.31,6342.86,employed,4.2,12494.24,4796.14,3129.88,42228.56,medical,48,2,12.4,0,1,minor_delays,0.457,5865.06,1
45,male,88637.33,7386.44,employed,12.5,445.81,4696.26,1448.4,14145.31,home,48,2,22.4,0,2,minor_delays,0.632,330.83,1
38,female,41637.32,3469.78,self_employed,1.9,0.0,2399.43,171.79,17721.74,education,24,3,12.6,0,0,consistent,0.517,0.0,1
56,not_specified,32440.01,2703.33,employed,2.6,22981.98,2037.96,8764.93,10111.39,home,48,1,37.0,0,1,minor_delays,0.124,16758.45,0
36,female,12000.0,1000.0,employed,1.6,6438.66,662.03,560.87,14062.9,debt_consolidation,60,3,14.1,0,0,minor_delays,0.333,2106.11,0
41,not_specified,55073.25,4589.44,contract,6.8,16964.65,3666.89,1057.37,13063.34,auto,60,2,22.9,0,1,minor_delays,0.545,11107.93,1
39,male,46878.56,3906.55,student,0.0,27876.48,2077.32,15784.96,16967.77,auto,12,1,19.6,0,1,consistent,0.499,17192.53,0
29,male,21673.5,1806.12,employed,3.6,0.0,1516.47,1823.47,16839.51,education,36,1,12.4,0,1,consistent,0.703,0.0,0
53,female,73778.49,6148.21,self_employed,0.0,12458.35,2529.22,2594.29,25853.53,medical,60,3,36.0,0,1,minor_delays,0.261,4238.33,0
32,female,50300.77,4191.73,employed,6.5,10951.67,2981.92,3228.9,19499.42,medical,48,1,9.9,0,0,consistent,0.25,7701.7,0
35,female,34030.87,2835.91,self_employed,3.5,17556.91,2431.44,3687.26,24747.11,business,36,5,18.4,0,0,irregular,0.235,10882.62,0
59,female,47581.12,3965.09,self_employed,0.0,27869.92,1958.9,1678.39,16892.08,business,24,2,34.4,0,3,minor_delays,0.208,14890.85,0
66,female,89853.92,7487.83,self_employed,9.8,0.0,4015.69,5522.09,19543.78,debt_consolidation,48,1,42.5,1,0,consistent,0.52,0.0,1
53,female,77676.36,6473.03,employed,0.3,19837.58,3392.53,14753.67,14345.64,debt_consolidation,60,2,33.6,0,1,consistent,0.47,4329.0,1
64,male,58619.32,4884.94,employed,8.7,25378.29,3280.88,32646.69,28034.23,debt_consolidation,60,3,38.2,2,0,consistent,0.22,19386.99,0
62,male,78096.73,6508.06,self_employed,2.7,10763.48,3809.41,7414.48,20548.85,debt_consolidation,60,0,43.6,0,0,minor_delays,0.379,2962.12,1
44,female,31816.29,2651.36,employed,11.9,11350.64,1091.13,11160.57,15261.18,medical,36,2,28.1,1,0,consistent,0.098,5268.5,0
57,male,62841.62,5236.8,unemployed,8.5,18021.39,4493.35,1939.02,14932.99,business,48,1,38.5,0,0,irregular,0.082,9863.26,1
36,female,65830.38,5485.87,employed,1.5,17137.8,2560.06,829.26,15798.37,business,24,1,14.4,0,1,minor_delays,0.53,7383.02,0
43,male,49784.25,4148.69,retired,1.8,19988.23,2715.01,5342.68,17334.88,debt_consolidation,24,1,26.0,0,4,minor_delays,0.932,13266.52,0
46,male,73321.92,6110.16,employed,7.9,19735.37,4210.14,24099.9,16380.03,business,12,3,27.5,1,0,consistent,0.263,8485.05,1
67,male,41708.73,3475.73,employed,4.5,1216.33,1297.24,14535.61,10852.74,education,60,0,45.0,0,1,poor,0.271,682.87,1
61,female,75255.34,6271.28,student,4.8,24883.2,2537.08,2687.48,25413.91,home,24,0,37.0,1,2,irregular,0.691,6634.73,0
44,female,76348.33,6362.36,employed,10.6,27001.4,5750.7,2302.78,26108.84,debt_consolidation,36,1,27.9,0,2,irregular,0.345,13612.66,0
52,female,12000.0,1000.0,employed,2.5,15232.99,728.77,5179.92,36622.43,business,36,3,31.7,0,1,irregular,0.181,9263.19,0
30,not_specified,92947.95,7745.66,self_employed,5.9,0.0,2859.17,5114.12,10360.07,debt_consolidation,36,1,12.5,0,2,consistent,0.519,0.0,1
59,female,12000.0,1000.0,employed,9.3,11623.05,802.69,5749.4,24330.83,auto,36,1,37.8,0,1,consistent,0.354,3802.06,0
47,male,45982.73,3831.89,retired,8.7,15332.87,2451.91,4991.51,500.0,personal,12,0,25.6,0,0,consistent,0.374,6701.15,1
46,female,88659.05,7388.25,contract,4.9,0.0,2902.58,6706.4,26119.47,debt_consolidation,36,0,24.7,1,0,poor,0.56,0.0,1
57,male,53750.55,4479.21,self_employed,4.3,8678.34,3305.79,18213.24,977.6,debt_consolidation,36,1,37.3,1,1,poor,0.437,2663.09,1
51,female,23879.16,1989.93,employed,0.0,0.0,1262.87,3461.02,6172.36,auto,60,0,25.1,1,1,consistent,0.37,0.0,1
24,female,33562.84,2796.9,employed,1.3,20287.51,1305.61,2381.39,20654.48,debt_consolidation,48,3,1.8,0,0,consistent,0.215,16957.03,0
34,female,88699.55,7391.63,contract,6.8,14991.46,6285.03,13243.81,10163.51,business,60,2,12.7,0,1,minor_delays,0.162,6911.92,1
29,female,12040.88,1003.41,employed,4.9,0.0,517.84,8655.73,8658.11,debt_consolidation,36,1,6.3,0,0,consistent,0.247,0.0,0
56,female,91353.77,7612.81,employed,5.8,17217.58,3899.26,1016.7,11667.02,debt_consolidation,24,0,33.6,2,1,consistent,0.459,14990.13,0
22,female,60567.35,5047.28,self_employed,9.7,12321.89,2551.3,3153.89,25025.89,auto,36,5,1.2,0,0,irregular,0.42,8635.57,1
30,male,30997.72,2583.14,contract,0.8,19196.97,2034.1,8758.47,6738.21,education,72,3,11.8,0,0,consistent,0.626,8807.04,0
49,female,46839.01,3903.25,employed,4.6,8301.61,2937.15,14844.16,16404.3,home,24,2,32.3,0,1,minor_delays,0.733,6014.71,0
54,female,35552.17,2962.68,self_employed,6.3,3382.25,2562.11,25995.31,12834.78,debt_consolidation,24,2,29.5,1,0,minor_delays,0.353,2188.25,0
45,female,84521.86,7043.49,retired,2.7,3749.86,3385.97,6276.68,26018.8,home,72,0,19.1,1,0,consistent,0.151,2993.85,1
62,male,81043.12,6753.59,employed,11.2,6541.96,5390.91,2612.27,26327.14,debt_consolidation,72,0,41.5,0,0,minor_delays,0.163,1816.74,1
65,female,17301.81,1441.82,employed,9.1,13225.9,975.59,2652.12,500.0,debt_consolidation,24,3,42.3,0,0,minor_delays,0.279,7643.27,1
27,male,51506.6,4292.22,employed,6.7,14775.5,2257.48,6302.89,28496.2,auto,60,2,4.7,0,1,irregular,0.486,10217.07,0
66,female,39557.17,3296.43,employed,12.7,10711.36,1220.37,8709.2,10281.69,medical,36,4,41.8,1,1,irregular,0.327,9622.79,1
50,female,95631.26,7969.27,contract,0.0,7920.17,6509.3,2074.79,19599.21,medical,36,3,29.4,0,0,minor_delays,0.122,4920.15,0
51,female,26897.42,2241.45,employed,5.5,8783.16,1092.51,7100.74,6672.0,business,36,3,33.0,0,1,consistent,0.583,2621.62,0
25,female,103709.96,8642.5,self_employed,7.0,43092.7,6136.98,20815.08,21082.48,medical,72,1,3.7,0,2,irregular,0.364,37924.92,0
50,female,61134.34,5094.53,self_employed,1.8,3751.3,3376.93,2161.68,45064.84,auto,24,1,32.2,0,1,minor_delays,0.846,1954.95,0
55,female,31789.71,2649.14,employed,6.7,6304.34,933.92,6312.37,18398.82,personal,60,1,34.3,1,0,consistent,0.257,3415.31,0
48,not_specified,44390.87,3699.24,employed,1.1,52526.25,3391.37,4407.84,11941.68,medical,12,4,27.9,0,0,minor_delays,0.585,19813.04,1
25,male,41157.91,3429.83,employed,8.3,18052.16,2792.45,10172.47,14446.23,business,48,2,8.1,0,1,consistent,0.522,13891.87,0
46,male,28859.92,2404.99,employed,9.7,0.0,1508.63,5230.73,840.67,debt_consolidation,48,5,25.2,1,3,irregular,0.309,0.0,1
65,male,64465.5,5372.12,employed,6.6,23112.25,3963.52,7274.6,32938.6,education,48,1,40.3,0,1,consistent,0.151,20378.79,1
55,female,30074.2,2506.18,employed,0.0,2079.53,1557.99,1732.09,20441.71,medical,60,4,37.5,0,1,consistent,0.117,1171.44,1
27,male,12000.0,1000.0,employed,1.6,23908.74,774.41,4694.67,5462.12,auto,48,1,9.3,0,0,minor_delays,0.482,7803.55,0
67,male,52128.41,4344.03,self_employed,7.8,10468.45,1853.02,1146.4,5820.5,home,48,1,45.0,0,0,consistent,0.236,7738.43,1
67,male,15125.74,1260.48,employed,5.6,7722.45,761.86,2784.45,17168.11,home,36,6,45.0,1,0,consistent,0.337,2342.92,0
29,male,42443.82,3536.98,employed,0.0,32309.98,1914.41,1720.65,27251.95,education,72,1,6.3,0,1,consistent,0.881,12870.48,0
59,male,38363.32,3196.94,employed,10.5,19796.82,1956.54,26917.68,4339.11,personal,36,2,38.5,0,0,consistent,0.133,16978.55,1
40,male,39348.38,3279.03,employed,6.0,24675.87,1989.62,1567.39,29247.5,home,36,2,17.2,0,2,consistent,0.26,21800.05,0
49,female,114025.04,9502.09,self_employed,2.2,18219.04,4100.75,2445.98,15992.03,debt_consolidation,36,2,31.7,0,1,consistent,0.498,13548.86,1
42,not_specified,63466.7,5288.89,employed,9.5,7666.67,4794.9,1124.94,6767.32,debt_consolidation,36,5,18.6,0,0,minor_delays,0.487,2643.68,1
58,female,68379.65,5698.3,self_employed,2.8,20336.25,2044.73,3935.41,11855.41,medical,48,2,35.3,0,0,consistent,0.334,14628.78,1
68,female,15813.64,1317.8,employed,2.7,27510.58,500.0,1788.45,36234.09,home,36,1,45.0,0,0,irregular,0.107,16942.06,0
59,female,44996.96,3749.75,employed,6.9,14616.86,2110.59,20875.63,1729.65,education,36,2,38.0,0,0,consistent,0.37,7494.32,1
65,male,67597.87,5633.16,contract,12.6,34619.71,3963.57,1197.55,8949.18,debt_consolidation,60,2,45.0,0,1,consistent,0.654,17735.5,1
66,female,35362.25,2946.85,employed,12.0,23205.85,1333.16,8569.69,27478.42,debt_consolidation,60,4,42.4,0,1,consistent,0.397,12000.56,0
25,male,85609.63,7134.14,employed,6.9,15543.79,4665.16,9326.63,19381.03,home,36,2,10.6,0,0,consistent,0.155,6616.22,1
33,male,30729.89,2560.82,self_employed,7.3,16017.84,1951.3,9261.25,8296.35,home,72,5,11.3,0,1,consistent,0.264,9236.26,0
55,male,54554.48,4546.21,self_employed,8.7,14646.85,1834.92,6273.89,27612.73,personal,36,1,32.9,0,1,minor_delays,0.654,3303.98,1
49,female,46762.66,3896.89,employed,0.5,0.0,3550.54,18915.64,28135.25,debt_consolidation,36,1,30.9,0,1,consistent,0.766,0.0,1
23,female,66272.34,5522.69,contract,8.1,11919.13,2992.86,6366.57,20645.3,education,60,0,0.3,0,1,consistent,0.492,9868.19,1
25,male,45347.26,3778.94,employed,2.6,15654.24,2706.39,5686.21,10263.64,personal,48,4,0.8,1,0,minor_delays,0.379,7413.42,0
45,female,54956.77,4579.73,contract,6.8,8006.98,1891.93,8216.02,11958.65,education,60,1,27.8,1,0,consistent,0.577,6918.01,1
50,female,55860.62,4655.05,employed,4.6,17052.12,3511.8,3185.31,20131.44,personal,36,1,28.2,0,1,consistent,0.277,12674.87,1
29,male,42905.92,3575.49,employed,7.5,13255.69,2964.3,10775.32,2568.78,debt_consolidation,36,2,10.3,0,1,consistent,0.542,10518.62,0
29,male,74612.44,6217.7,employed,6.0,22284.3,2549.34,13221.53,31605.63,business,24,4,7.7,0,2,poor,0.252,18359.93,0
27,male,68198.1,5683.17,self_employed,0.0,20957.35,2396.83,15417.19,35702.3,auto,72,3,2.1,1,0,consistent,0.237,9183.99,1
48,male,59696.04,4974.67,employed,6.2,15005.84,2538.06,8141.38,14404.5,medical,36,4,27.2,0,1,consistent,0.108,11537.99,1
21,female,50808.08,4234.01,self_employed,8.1,0.0,1510.71,6763.5,20917.15,education,36,2,3.9,0,0,consistent,0.57,0.0,0
48,male,82710.14,6892.51,contract,7.3,34488.67,6286.31,52525.68,30043.82,education,24,0,28.3,0,1,minor_delays,0.374,30485.41,1
43,not_specified,55868.31,4655.69,employed,5.1,11297.31,3217.45,10896.76,38511.17,home,48,1,22.5,0,0,consistent,0.439,6966.98,1
43,male,54025.87,4502.16,self_employed,12.1,12029.36,3134.97,27041.19,34126.79,business,36,1,17.9,1,1,consistent,0.63,8250.94,0
53,female,64721.94,5393.5,self_employed,6.7,8889.75,4835.85,12398.33,500.0,medical,60,1,35.3,0,0,minor_delays,0.208,3684.66,1
46,female,106111.25,8842.6,contract,7.3,7139.06,7288.58,20697.75,13528.91,debt_consolidation,36,2,22.8,0,0,minor_delays,0.165,1587.06,1
55,male,27150.74,2262.56,employed,9.7,31528.7,1841.99,7269.67,22507.57,debt_consolidation,24,7,27.8,0,2,minor_delays,0.766,9905.26,0
57,female,82016.28,6834.69,employed,7.0,29632.53,3714.77,3230.78,11563.61,home,12,0,36.4,1,1,consistent,0.361,8873.47,1
65,female,12777.55,1064.8,unemployed,1.9,18332.72,575.92,236.59,36610.43,medical,24,0,45.0,1,0,poor,0.427,9344.24,0
59,female,67649.1,5637.43,employed,0.0,11710.0,2910.55,5760.58,34923.13,auto,48,2,39.3,0,0,consistent,0.461,4739.92,1
45,male,102952.15,8579.35,self_employed,3.6,20429.42,4698.19,629.27,8024.77,debt_consolidation,60,4,22.1,0,1,consistent,0.098,17591.12,1
44,female,74705.38,6225.45,employed,8.5,13885.56,3490.11,16425.22,15213.6,personal,36,1,19.4,1,1,consistent,0.561,10956.65,0
32,male,66436.25,5536.35,contract,4.1,10717.32,2379.54,4376.39,8754.9,debt_consolidation,36,2,13.3,0,2,consistent,0.597,6193.5,1
49,male,47428.31,3952.36,contract,8.7,17057.27,2185.22,13049.94,14853.59,education,36,2,30.8,0,1,consistent,0.266,13588.97,1
27,male,62807.23,5233.94,unemployed,6.1,7706.11,3164.68,3965.23,14520.24,education,60,0,1.8,0,1,minor_delays,0.366,4697.29,1
65,female,55446.37,4620.53,self_employed,10.7,16027.17,2431.91,11362.92,27496.84,auto,72,0,40.5,1,0,consistent,0.49,13527.16,1
61,female,41564.61,3463.72,employed,4.3,15450.65,1538.75,17960.32,7226.89,debt_consolidation,48,0,38.4,0,0,consistent,0.421,11149.21,1
26,female,54463.23,4538.6,employed,7.4,20235.23,2554.53,12871.23,500.0,auto,24,2,0.0,0,1,poor,0.551,14460.72,0
58,female,67157.91,5596.49,contract,7.5,5570.36,3492.87,2679.27,500.0,home,36,0,37.8,0,0,consistent,0.399,2185.96,1
26,female,42052.36,3504.36,self_employed,11.5,21521.64,2666.17,11704.22,5688.68,debt_consolidation,72,3,4.8,0,2,consistent,0.298,16273.05,0
55,female,41036.67,3419.72,employed,0.0,2124.26,2583.28,7820.2,9787.39,auto,36,1,32.9,0,1,irregular,0.344,1573.35,1
25,female,26633.67,2219.47,employed,3.7,6129.2,1033.24,2983.74,19058.92,debt_consolidation,48,3,7.4,0,1,minor_delays,0.438,1573.12,0
44,male,72158.85,6013.24,self_employed,8.9,6652.9,2230.27,3329.6,5122.27,personal,60,3,25.0,0,0,irregular,0.397,1600.19,1
52,female,76178.4,6348.2,employed,11.7,135.38,3321.16,2101.0,3677.89,auto,60,1,24.2,1,0,consistent,0.346,110.59,1
55,not_specified,68023.17,5668.6,self_employed,6.5,25187.95,2491.73,10506.51,6776.08,debt_consolidation,48,3,28.5,1,1,consistent,0.615,22296.34,0
41,female,87094.43,7257.87,student,4.3,1371.37,4177.63,14063.52,4727.81,business,36,1,21.6,2,0,consistent,0.096,854.7,1
65,female,64284.56,5357.05,employed,8.5,4613.0,4865.42,8135.82,10900.57,home,60,1,43.6,0,0,consistent,0.341,1474.11,1
58,male,72192.28,6016.02,employed,9.0,28064.89,2726.53,24393.98,10429.84,debt_consolidation,36,0,36.1,0,1,minor_delays,0.318,13887.42,1
30,male,69899.77,5824.98,student,4.1,6153.01,3097.48,2028.32,24579.62,home,60,1,11.6,1,0,consistent,0.444,1321.26,1
53,female,59619.96,4968.33,employed,6.8,10742.29,3792.4,6790.42,6115.18,debt_consolidation,36,2,33.5,0,1,consistent,0.272,8327.52,1
56,male,48198.63,4016.55,contract,10.2,855.65,2571.53,151.79,13066.44,auto,48,5,31.7,1,1,consistent,0.259,232.92,1
37,male,119567.97,9964.0,employed,13.1,22995.41,3736.89,11921.23,11004.75,debt_consolidation,60,2,15.9,0,1,consistent,0.313,9993.93,0
56,female,50249.27,4187.44,employed,8.5,23160.83,1851.53,6661.88,25897.73,debt_consolidation,36,1,36.7,0,0,consistent,0.32,13755.06,0
64,male,44687.18,3723.93,employed,5.7,21867.35,3288.58,17259.29,15302.93,education,36,2,43.6,0,2,consistent,0.436,15058.8,1
60,female,73284.26,6107.02,employed,5.3,19450.36,2496.58,7216.84,28557.66,home,12,2,42.7,0,1,consistent,0.31,16240.14,1
57,female,68548.21,5712.35,student,7.7,13883.07,4067.21,10432.71,4323.93,home,60,0,33.0,0,1,consistent,0.387,6875.87,1
51,female,25475.42,2122.95,self_employed,5.0,6707.48,1701.81,14201.88,16456.97,auto,48,4,29.9,0,1,consistent,0.358,2238.42,0
33,female,91189.63,7599.14,employed,6.3,3220.37,3809.45,4051.29,10665.2,education,36,5,11.6,0,0,consistent,0.781,889.56,1
59,male,59550.94,4962.58,employed,1.3,28478.87,3787.91,7777.95,3513.49,business,60,0,42.1,1,0,minor_delays,0.296,18824.09,0
38,female,33115.79,2759.65,self_employed,10.7,22177.65,1233.12,12784.57,16257.38,debt_consolidation,60,0,15.2,0,1,consistent,0.355,6435.19,0
46,female,92908.39,7742.37,employed,0.9,4680.35,3966.47,3491.56,36062.21,auto,60,7,23.8,0,1,consistent,0.251,3092.59,1
36,female,78267.56,6522.3,employed,3.8,13477.98,3442.07,4405.14,7618.0,education,48,2,14.9,0,1,irregular,0.094,6999.99,1
36,male,29121.91,2426.83,self_employed,5.9,9398.62,2227.75,2667.22,15598.0,debt_consolidation,72,1,16.8,0,1,consistent,0.085,4620.06,1
28,male,108206.75,9017.23,employed,13.5,0.0,4258.89,4579.42,2565.45,debt_consolidation,60,1,4.9,0,0,irregular,0.389,0.0,1
67,male,79128.73,6594.06,employed,3.8,15131.82,2793.56,1360.01,948.49,business,24,3,41.2,0,0,consistent,0.321,12578.06,1
28,not_specified,61734.9,5144.58,employed,2.8,8014.09,4515.11,3476.94,8340.22,auto,72,5,4.2,0,0,minor_delays,0.683,5620.53,0
25,not_specified,103345.69,8612.14,employed,3.3,1569.56,3809.15,768.57,12050.19,debt_consolidation,36,2,4.3,0,2,minor_delays,0.208,890.37,1
65,female,66141.74,5511.81,employed,12.1,0.0,4691.6,2572.71,12538.59,business,60,0,45.0,0,0,consistent,0.468,0.0,1
47,female,61269.84,5105.82,employed,0.0,0.0,3680.07,6098.14,14513.72,debt_consolidation,60,1,25.8,1,0,consistent,0.326,0.0,1
42,male,44832.2,3736.02,employed,1.5,8542.89,2536.05,3669.05,500.0,auto,48,2,23.8,0,1,irregular,0.227,4095.59,1
56,female,77128.11,6427.34,unemployed,16.4,11978.86,5002.16,8772.1,10114.59,education,36,3,29.9,1,1,minor_delays,0.267,9553.72,1
39,female,74391.68,6199.31,employed,7.9,2496.39,4735.15,7568.37,22519.34,debt_consolidation,12,1,16.8,1,0,minor_delays,0.625,1235.69,0
27,male,62381.68,5198.47,self_employed,1.1,20808.87,2146.97,6309.32,2059.3,auto,36,1,5.8,0,1,irregular,0.271,4225.88,1
56,female,41460.35,3455.03,employed,5.3,12213.44,3177.58,336.98,13093.4,home,48,1,36.4,1,1,consistent,0.817,10335.89,1
29,male,65378.18,5448.18,employed,5.8,19922.62,4831.87,19556.45,20221.28,medical,60,2,7.1,0,0,minor_delays,0.582,12252.4,0
47,male,60185.23,5015.44,employed,8.9,10805.07,4318.58,3844.13,8395.06,business,12,7,26.1,0,0,poor,0.463,3414.13,0
66,male,27329.67,2277.47,self_employed,12.9,3554.59,1604.95,7969.34,20756.77,home,24,3,45.0,0,1,poor,0.765,1025.89,0
65,male,23732.88,1977.74,employed,7.1,14369.41,1281.56,12384.85,500.0,auto,48,3,45.0,0,1,consistent,0.717,6661.75,0
38,male,76693.99,6391.17,employed,3.3,0.0,4190.55,2354.99,26772.95,auto,36,0,13.5,0,0,minor_delays,0.208,0.0,1
58,female,12000.0,1000.0,contract,8.6,19473.26,500.0,1427.57,21023.81,personal,24,6,37.3,0,1,consistent,0.495,16696.76,0
50,male,67340.67,5611.72,employed,2.7,1754.21,3561.75,233.08,17612.32,education,24,2,31.7,0,0,minor_delays,0.156,417.71,1
44,female,49569.84,4130.82,student,1.4,24018.79,2914.49,16286.11,29373.0,business,48,2,25.6,2,0,minor_delays,0.177,10735.04,0
27,not_specified,96014.41,8001.2,employed,0.0,8938.53,5804.57,1863.44,13377.16,personal,48,1,1.2,1,1,consistent,0.224,3396.82,1
39,female,49169.83,4097.49,contract,0.0,25750.4,2209.85,33777.23,10203.58,debt_consolidation,60,1,18.4,0,0,consistent,0.168,12742.12,1
52,female,79146.59,6595.55,self_employed,1.9,0.0,4080.21,3011.57,32097.99,auto,36,1,27.8,0,2,consistent,0.13,0.0,1
68,male,51680.24,4306.69,employed,0.8,4866.76,3069.36,11088.33,37248.42,personal,24,5,45.0,0,1,consistent,0.258,1513.48,1
21,male,64957.45,5413.12,employed,6.8,17571.22,3216.12,347.33,9372.19,medical,60,1,2.8,0,0,consistent,0.421,15014.28,0
55,female,81157.75,6763.15,student,0.7,27045.97,6076.13,10329.54,15748.82,debt_consolidation,72,4,34.2,1,0,consistent,0.545,10264.18,0
61,female,49973.55,4164.46,employed,0.0,32999.31,3132.1,1609.97,28495.47,auto,36,3,39.8,0,0,consistent,0.212,23987.13,1
66,male,87910.43,7325.87,employed,1.3,13496.39,2569.37,471.95,16140.4,debt_consolidation,60,2,44.7,1,0,consistent,0.261,8740.67,1
41,male,36163.86,3013.65,employed,3.6,35052.95,1094.77,842.51,23540.47,business,60,3,21.1,2,0,consistent,0.559,20451.49,0
26,male,69659.41,5804.95,employed,3.1,9524.03,4315.81,9931.42,25584.44,business,60,0,3.4,0,0,minor_delays,0.429,7530.82,1
34,female,85988.63,7165.72,employed,11.6,26185.21,4193.43,925.93,10814.65,auto,36,2,10.5,0,0,consistent,0.309,16365.96,1
61,male,79160.97,6596.75,employed,3.0,1693.83,5465.4,3256.39,21612.02,personal,24,1,37.9,0,0,irregular,0.133,1266.52,1
63,female,111827.57,9318.96,student,9.0,18042.41,4180.66,12507.78,16931.88,debt_consolidation,24,1,39.8,1,0,consistent,0.213,11049.31,1
51,not_specified,42150.58,3512.55,employed,5.4,0.0,1257.08,4614.34,3614.45,personal,60,3,31.3,0,0,consistent,0.293,0.0,1
26,male,26142.12,2178.51,contract,5.3,0.0,1244.38,259.57,6113.82,auto,60,2,3.1,0,1,consistent,0.139,0.0,0
26,male,36147.29,3012.27,student,2.2,18600.12,2318.12,1768.83,9823.41,debt_consolidation,36,3,5.4,0,0,minor_delays,0.437,12119.39,1
43,female,79171.51,6597.63,employed,5.3,0.0,5963.49,2355.8,27213.72,personal,12,2,18.1,0,0,consistent,0.063,0.0,1
49,male,74946.0,6245.5,contract,2.4,18123.4,5331.68,5260.92,27574.94,personal,12,3,24.9,0,1,consistent,0.069,11875.12,1
22,male,64658.67,5388.22,employed,6.2,23877.5,3372.61,26689.54,25249.04,personal,48,2,4.6,0,1,irregular,0.817,18449.89,0
53,male,32803.12,2733.59,employed,4.6,6984.16,2223.25,5349.83,21841.22,medical,60,3,31.7,1,1,minor_delays,0.403,6241.6,1
47,not_specified,81938.55,6828.21,employed,1.7,1372.56,2663.61,6862.95,21541.09,debt_consolidation,36,3,29.7,0,2,minor_delays,0.35,424.64,0
21,male,30157.68,2513.14,employed,9.5,7309.76,1699.37,4978.94,20053.16,home,48,4,0.0,0,1,consistent,0.749,4988.02,0
25,not_specified,92132.69,7677.72,employed,7.2,1410.25,6732.21,1405.49,21483.57,home,36,5,5.3,0,1,consistent,0.437,1167.79,1
42,male,136293.4,11357.78,employed,3.7,11785.44,6541.4,4764.13,22228.99,debt_consolidation,60,2,22.1,0,0,consistent,0.289,2594.24,1
55,male,71527.73,5960.64,employed,6.1,14225.09,5348.23,57499.72,1551.36,personal,60,0,37.0,0,1,consistent,0.756,4574.21,1
60,female,77160.81,6430.07,unemployed,5.2,9327.88,3059.37,7267.67,8307.28,auto,24,0,35.2,0,1,irregular,0.751,3495.68,1
41,female,49185.65,4098.8,student,2.0,33092.31,1681.38,13630.77,5681.86,debt_consolidation,48,2,20.4,0,0,consistent,0.544,27009.84,0
35,male,14934.45,1244.54,self_employed,5.8,4367.15,807.85,6144.44,29178.6,education,60,7,11.2,2,0,consistent,0.565,3860.84,0
67,male,46329.3,3860.77,employed,3.0,29697.2,3347.8,30385.5,35195.1,business,60,4,41.9,0,2,consistent,0.456,24929.46,0
43,female,33584.72,2798.73,unemployed,1.7,505.13,1476.13,1567.75,500.0,home,48,1,20.5,0,1,minor_delays,0.374,268.63,1
36,female,24377.88,2031.49,retired,0.0,13873.33,1637.57,3778.87,34212.96,personal,24,0,13.4,0,0,consistent,0.455,9258.49,0
42,female,106781.36,8898.45,contract,4.1,27197.26,3972.64,5651.35,17953.94,auto,36,1,22.1,0,3,consistent,0.546,7418.57,0
21,male,69094.43,5757.87,self_employed,7.8,26576.29,4462.21,2223.49,28139.92,business,48,4,0.0,0,3,consistent,0.43,23529.47,0
35,male,71871.88,5989.32,employed,2.7,7956.91,3997.91,3966.05,22571.14,debt_consolidation,36,2,12.8,0,0,irregular,0.462,6849.55,1
45,female,53965.42,4497.12,student,15.6,19660.84,2022.62,14186.3,32844.35,business,72,2,21.2,0,2,minor_delays,0.033,12139.01,1
65,female,57505.35,4792.11,employed,9.0,18054.15,3638.7,11993.11,19307.17,home,36,0,38.0,0,0,minor_delays,0.305,5419.66,0
56,not_specified,87078.32,7256.53,self_employed,10.7,6520.73,5492.04,5440.76,2002.0,education,60,1,34.8,0,1,minor_delays,0.637,5628.75,1
58,female,61159.23,5096.6,employed,8.7,20391.4,3281.18,1592.03,15837.58,debt_consolidation,36,1,37.1,0,4,irregular,0.107,16864.81,0
47,male,75798.04,6316.5,employed,12.9,35349.91,3022.55,927.01,22672.22,home,12,1,26.7,0,0,consistent,0.444,31584.33,1
26,not_specified,56903.89,4741.99,retired,2.4,18660.41,2017.28,8988.15,14624.43,debt_consolidation,36,5,4.3,0,0,minor_delays,0.215,10365.81,1
39,not_specified,53104.02,4425.34,self_employed,0.0,19796.28,3963.49,1443.0,24235.05,personal,48,2,16.4,0,4,consistent,0.329,8784.05,0
68,female,25420.23,2118.35,self_employed,3.7,21065.86,1533.29,14381.17,16277.33,home,60,1,45.0,1,1,irregular,0.347,9774.77,0
23,male,12000.0,1000.0,employed,7.7,0.0,811.27,11355.29,10449.4,debt_consolidation,36,0,0.0,0,2,consistent,0.382,0.0,1
63,not_specified,55199.39,4599.95,employed,6.1,18522.7,3437.42,16617.35,5054.24,education,24,2,41.9,0,0,minor_delays,0.412,15533.17,1
53,female,63468.91,5289.08,employed,6.6,798.89,4351.85,7065.81,12690.03,medical,60,3,32.5,0,0,consistent,0.273,231.74,1
34,male,28560.62,2380.05,contract,10.8,5921.36,1053.46,3253.37,19250.29,education,36,3,14.3,1,2,consistent,0.388,3872.38,0
58,male,61103.65,5091.97,employed,7.0,38943.3,3224.55,4271.15,500.0,medical,36,3,40.6,1,1,minor_delays,0.533,32736.67,1
61,female,63397.57,5283.13,employed,8.7,9960.86,3858.06,4232.27,8419.16,medical,60,1,41.2,0,0,consistent,0.124,3901.08,1
23,female,12000.0,1000.0,employed,1.7,4117.91,500.0,23952.32,500.0,personal,24,3,0.0,0,1,minor_delays,0.648,2337.54,0
26,female,38206.76,3183.9,employed,1.1,26830.99,1386.51,6165.83,10212.18,home,24,5,6.5,0,0,consistent,0.387,20287.54,0
52,female,72588.86,6049.07,employed,12.0,1627.88,4303.13,634.6,30170.46,home,36,3,28.7,0,1,irregular,0.635,912.14,1
68,female,72063.53,6005.29,contract,5.9,7630.97,5075.45,5058.53,3952.72,debt_consolidation,48,0,45.0,0,0,consistent,0.51,4343.78,1
22,female,32004.45,2667.04,student,3.0,27988.63,1937.44,1054.1,24734.76,medical,36,3,2.5,0,0,minor_delays,0.522,20617.32,0
52,male,66119.65,5509.97,employed,3.0,13513.21,2042.2,129.22,48337.08,personal,60,5,32.1,0,1,irregular,0.084,4260.63,0
27,not_specified,88582.59,7381.88,employed,2.9,0.0,6666.92,7977.23,32988.92,home,36,2,8.8,0,2,minor_delays,0.551,0.0,0
52,male,82203.9,6850.32,retired,2.7,19527.88,2942.34,3516.83,18468.65,business,72,2,33.6,0,0,consistent,0.266,16397.56,1
50,male,59522.57,4960.21,employed,0.4,8242.41,2393.6,1441.16,26442.78,debt_consolidation,12,1,33.4,1,0,consistent,0.485,2236.41,0
25,male,49832.62,4152.72,self_employed,0.0,31478.22,3761.25,22464.46,1933.49,medical,24,2,6.7,0,1,consistent,0.161,7622.03,0
53,female,45637.04,3803.09,employed,4.7,5725.76,3002.49,17113.55,500.0,debt_consolidation,24,4,31.4,0,1,consistent,0.275,1495.8,1
64,female,74163.31,6180.28,employed,3.1,25614.71,5462.43,2595.75,17315.68,business,12,3,37.2,0,0,minor_delays,0.573,18308.89,0
62,male,67072.7,5589.39,employed,9.9,34308.38,4526.14,5486.89,21384.72,auto,36,0,45.0,0,1,poor,0.264,16257.09,0
22,not_specified,78364.5,6530.38,employed,6.7,2788.68,4711.59,10446.57,29038.45,home,60,3,0.0,0,1,minor_delays,0.598,1464.46,1
32,male,65428.72,5452.39,employed,6.6,10681.44,2792.69,1703.63,10743.62,personal,60,4,12.3,0,0,irregular,0.505,7582.23,0
32,male,83287.86,6940.66,employed,2.5,17663.5,3722.43,2206.8,19127.35,auto,48,1,13.2,0,1,irregular,0.187,10000.49,1
42,not_specified,64459.41,5371.62,employed,5.0,2711.85,4780.44,10247.61,18750.23,auto,12,2,19.1,0,2,consistent,0.345,1681.59,1
27,male,82401.91,6866.83,contract,6.9,16243.54,5771.96,20525.77,15554.66,debt_consolidation,60,5,7.5,0,0,consistent,0.654,12920.87,1
62,male,84641.39,7053.45,employed,8.4,10300.96,3914.03,9260.54,16202.78,home,36,0,36.5,0,2,consistent,0.11,5314.08,1
58,not_specified,41082.31,3423.53,employed,5.1,10059.19,1926.63,44463.67,7598.25,debt_consolidation,48,3,31.0,0,1,consistent,0.582,8171.84,1
59,male,14988.25,1249.02,employed,9.8,13587.26,649.1,2226.99,20076.78,auto,48,4,43.3,0,0,consistent,0.516,7693.62,0
30,female,102130.81,8510.9,employed,5.5,13855.18,4560.94,22442.84,19145.55,auto,24,1,10.1,0,0,consistent,0.835,6668.54,1
21,not_specified,68673.13,5722.76,employed,8.7,14966.57,4810.44,14591.25,12159.87,debt_consolidation,36,1,1.2,0,1,consistent,0.341,5728.27,1
64,male,17423.37,1451.95,employed,3.5,5814.08,516.88,2299.27,24323.52,personal,60,3,41.9,0,1,consistent,0.252,4135.08,1
34,female,43440.69,3620.06,contract,0.0,6337.94,2166.79,4122.56,28306.15,home,36,1,15.6,0,1,consistent,0.707,4026.86,0
52,not_specified,82068.73,6839.06,employed,6.6,11576.95,6069.11,10719.79,24451.14,business,48,4,29.6,0,0,consistent,0.362,8864.83,1
64,female,54728.4,4560.7,employed,8.4,12462.91,3006.88,26483.02,5533.12,personal,72,1,42.8,0,3,minor_delays,0.522,7262.04,1
22,male,48686.4,4057.2,employed,7.8,7733.81,2461.72,2279.07,18096.1,education,36,3,1.0,0,2,consistent,0.18,6239.56,1
21,male,98422.93,8201.91,employed,7.2,16887.28,4331.03,23527.42,6974.25,education,36,3,0.0,0,0,minor_delays,0.852,6775.37,0
21,female,34770.53,2897.54,self_employed,4.1,0.0,1136.21,3864.98,18062.1,debt_consolidation,36,1,4.1,0,0,consistent,0.245,0.0,1
28,male,41248.01,3437.33,unemployed,2.3,4234.4,1642.9,6863.04,7017.1,auto,60,1,9.7,0,0,consistent,0.567,2012.72,1
23,female,67496.05,5624.67,employed,7.7,9640.87,2258.65,4016.53,31048.8,education,36,2,4.8,0,2,consistent,0.379,2696.95,1
60,not_specified,72151.83,6012.65,employed,7.2,2726.62,2538.65,3713.09,25616.65,business,36,0,43.1,1,0,poor,0.347,1553.68,1
50,male,74904.92,6242.08,self_employed,3.3,32550.38,2766.52,2275.24,29682.88,auto,36,5,29.2,0,0,irregular,0.56,11781.04,0
68,male,85692.19,7141.02,self_employed,9.9,13226.34,3728.73,6733.36,28568.94,personal,72,2,45.0,0,2,consistent,0.105,3216.89,1
59,not_specified,67163.04,5596.92,contract,2.0,15121.24,1994.07,1848.48,14023.4,auto,60,2,43.0,1,2,consistent,0.726,6868.8,1
67,female,74723.98,6227.0,self_employed,3.2,7201.23,5551.88,36688.98,12318.29,medical,48,2,42.3,0,0,consistent,0.154,6367.89,1
32,male,55260.56,4605.05,employed,12.0,12810.65,1936.78,10904.18,36158.96,medical,72,4,9.2,0,2,consistent,0.742,10579.95,0
34,male,63630.16,5302.51,contract,9.0,0.0,3013.92,3921.6,15183.68,education,48,1,9.5,0,2,minor_delays,0.175,0.0,1
61,female,64795.89,5399.66,employed,4.1,10962.2,4596.89,4412.92,2099.61,debt_consolidation,72,2,39.2,0,2,consistent,0.516,2411.7,1
32,female,67592.55,5632.71,employed,6.6,1755.9,2313.6,7475.26,28082.13,education,24,1,10.3,0,1,consistent,0.636,539.06,1
23,male,82086.03,6840.5,unemployed,6.1,9671.16,4279.79,5336.72,18581.53,education,36,1,4.0,0,1,consistent,0.453,3525.81,1
53,female,76433.79,6369.48,self_employed,0.0,0.0,5296.39,5931.28,33565.39,business,60,2,32.2,0,0,minor_delays,0.548,0.0,1
59,male,63149.64,5262.47,employed,1.9,0.0,3512.53,8305.11,19672.67,home,36,1,40.1,0,1,consistent,0.318,0.0,1
67,male,40962.72,3413.56,employed,5.3,30567.12,1604.02,3875.08,16779.98,home,36,2,40.5,0,0,consistent,0.346,14808.74,1
65,female,63759.45,5313.29,employed,4.1,22964.77,4087.2,21003.15,33787.33,business,48,2,41.2,0,0,consistent,0.554,13974.29,0
26,female,61271.54,5105.96,employed,6.5,28828.47,3770.06,1673.54,500.0,business,48,4,8.2,0,3,consistent,0.241,7550.5,1
58,female,67022.72,5585.23,student,10.0,29652.66,3107.88,140.86,10561.01,personal,36,5,37.4,0,1,consistent,0.371,18991.09,1
61,female,119369.66,9947.47,self_employed,4.2,21075.85,3744.11,163.35,7239.01,home,36,1,38.3,1,0,minor_delays,0.222,17492.97,1
54,male,48381.91,4031.83,contract,1.3,7565.58,1429.21,2504.92,500.0,home,36,3,30.4,0,0,poor,0.131,5004.37,1
60,female,72979.51,6081.63,self_employed,6.8,552.99,4989.82,17403.31,26604.94,education,24,2,37.7,0,0,consistent,0.192,363.5,1
61,not_specified,89780.01,7481.67,employed,4.2,26760.94,3989.88,920.5,10868.4,personal,36,3,42.8,0,0,consistent,0.144,14483.9,1
42,female,64548.05,5379.0,employed,4.9,13774.82,2305.06,7079.21,26959.05,home,36,3,22.0,0,1,consistent,0.497,7093.81,1
22,female,122783.97,10232.0,employed,4.3,42928.27,6605.51,1410.18,21279.95,debt_consolidation,60,4,2.8,0,1,consistent,0.52,19698.76,1
42,male,52170.98,4347.58,employed,14.5,8618.82,3803.59,10381.24,23678.57,medical,36,2,19.6,1,1,irregular,0.25,6672.16,1
30,female,70426.32,5868.86,employed,0.0,36674.75,2082.47,1281.18,11990.61,debt_consolidation,36,2,13.7,0,1,consistent,0.464,23886.44,1
26,male,41231.05,3435.92,student,3.9,11118.5,1312.53,239.59,8593.27,home,48,2,3.1,1,0,consistent,0.551,4555.64,0
26,female,52860.36,4405.03,employed,5.5,29032.58,2588.9,2794.14,17987.37,personal,24,3,7.3,0,1,consistent,0.46,16331.31,0
54,not_specified,68472.28,5706.02,employed,2.4,33360.3,4195.64,430.66,27110.85,education,36,1,33.0,0,0,consistent,0.158,9373.99,1
45,female,84003.91,7000.33,student,9.1,724.6,4349.84,2957.67,16445.8,debt_consolidation,24,3,26.2,0,0,consistent,0.845,168.13,1
46,female,70296.47,5858.04,self_employed,8.8,7180.02,5047.3,14802.77,9278.7,personal,48,4,27.8,0,0,minor_delays,0.67,2120.88,1
56,male,94736.99,7894.75,employed,5.3,604.25,2961.54,218.49,3810.8,medical,24,3,36.6,0,0,minor_delays,0.305,487.81,1
47,female,59530.9,4960.91,employed,4.4,0.0,2698.14,13769.72,19245.79,personal,36,2,24.9,0,1,consistent,0.218,0.0,1
51,male,53363.62,4446.97,contract,5.1,21004.8,2447.03,11189.86,10905.26,home,48,1,26.0,0,1,consistent,0.6,18361.66,1
25,male,132303.61,11025.3,employed,5.1,10640.46,5996.36,20403.36,16210.85,business,60,4,2.4,0,1,irregular,0.406,4647.78,1
61,male,72250.18,6020.85,employed,5.2,13628.4,3780.98,16751.18,14373.43,home,48,0,45.0,0,1,consistent,0.486,6634.22,0
42,female,43293.48,3607.79,self_employed,4.7,19674.87,2888.5,3661.65,12111.26,auto,72,3,19.6,1,0,consistent,0.463,15118.79,1
28,male,43949.14,3662.43,employed,6.5,0.0,1945.46,15528.66,20231.84,business,48,3,9.3,0,1,minor_delays,0.285,0.0,1
60,female,37490.32,3124.19,employed,8.5,28441.19,2419.24,17909.64,23099.54,home,36,2,35.6,0,0,irregular,0.403,23793.4,0
56,female,86350.8,7195.9,employed,0.6,8810.87,3119.32,10167.17,38618.07,home,36,2,36.9,0,0,consistent,0.387,5792.29,1
23,female,52526.19,4377.18,student,1.3,19388.82,2931.02,503.98,25337.64,auto,12,3,5.4,0,3,minor_delays,0.639,4720.94,1
30,male,65311.42,5442.62,unemployed,0.0,20448.55,3068.55,4407.39,34530.51,debt_consolidation,36,3,12.0,0,0,irregular,0.294,17782.75,0
21,female,60348.77,5029.06,employed,9.0,29449.56,3305.86,2946.3,7995.4,personal,24,2,0.0,0,1,consistent,0.414,11816.27,1
33,male,81018.8,6751.57,employed,6.5,11741.71,2777.71,18767.46,500.0,education,36,3,15.3,0,0,irregular,0.668,4254.87,1
25,male,39984.65,3332.05,employed,7.5,0.0,2977.1,14.71,16841.27,auto,48,0,2.2,0,1,consistent,0.77,0.0,0
55,female,34035.12,2836.26,self_employed,0.0,13685.53,2457.74,1752.93,26438.3,education,48,2,31.9,0,3,consistent,0.417,5854.36,0
46,female,67831.73,5652.64,employed,12.6,15408.48,4641.08,14390.2,24712.78,personal,36,5,23.3,1,0,minor_delays,0.604,10876.33,1
68,male,77624.94,6468.75,self_employed,3.1,588.87,5555.92,7242.33,30325.2,auto,36,1,44.0,1,2,consistent,0.266,131.85,1
56,male,70645.84,5887.15,unemployed,6.2,14769.89,2552.74,798.71,500.0,business,24,3,36.1,1,4,consistent,0.316,12476.58,0
50,female,40954.2,3412.85,employed,8.9,8667.78,2174.4,8038.32,30782.75,debt_consolidation,36,2,26.4,0,2,minor_delays,0.508,4216.44,1
45,male,79614.61,6634.55,employed,1.6,0.0,3524.33,10916.24,20690.09,personal,36,5,26.5,1,1,consistent,0.241,0.0,1
23,male,42659.62,3554.97,employed,3.3,21057.82,3042.38,17204.38,500.0,debt_consolidation,36,3,3.1,0,1,consistent,0.27,18675.58,1
24,female,48440.0,4036.67,employed,6.2,6235.3,1848.71,27156.95,24958.82,education,36,3,0.0,0,1,minor_delays,0.518,4484.69,0
50,male,37457.21,3121.43,student,16.9,8123.45,1483.83,676.58,18864.31,auto,72,0,29.6,0,0,consistent,0.152,6136.64,1
21,not_specified,95830.12,7985.84,employed,6.7,7449.05,5920.92,5259.56,21193.52,business,36,1,0.0,2,2,consistent,0.367,4101.28,0
23,male,78468.96,6539.08,self_employed,11.9,27825.74,2620.03,9700.76,27990.2,auto,36,3,7.5,0,1,minor_delays,0.524,18975.48,0
31,female,77729.83,6477.49,employed,10.3,12509.01,4971.14,5900.65,21733.03,home,12,2,12.9,0,0,minor_delays,0.428,5048.82,1
63,female,94427.5,7868.96,employed,7.0,13949.2,3956.77,13359.55,798.92,personal,24,0,45.0,0,0,consistent,0.546,7848.74,1
43,male,135128.88,11260.74,employed,1.5,7712.37,8183.55,43324.92,15426.71,home,36,1,26.1,0,3,consistent,0.152,3597.26,1
55,female,17560.12,1463.34,contract,9.7,18554.4,1240.38,46629.58,500.0,debt_consolidation,72,2,30.0,1,0,irregular,0.293,9232.37,1
40,female,42802.21,3566.85,contract,0.0,29191.82,2487.8,8552.33,24139.68,medical,24,3,19.6,0,1,consistent,0.309,5925.92,0
29,female,45979.45,3831.62,employed,11.9,20774.33,1805.57,10167.1,32377.67,home,36,1,9.9,0,0,consistent,0.193,15946.26,1
38,male,39878.69,3323.22,self_employed,6.3,21242.4,1256.26,19578.54,3344.03,debt_consolidation,72,2,17.6,0,0,minor_delays,0.5,7489.28,1
25,female,33982.84,2831.9,employed,0.0,20274.76,1063.18,133.94,9613.9,debt_consolidation,36,3,2.6,0,2,irregular,0.16,10775.9,0
57,female,54209.02,4517.42,employed,4.1,0.0,1809.78,1604.31,7293.94,home,36,2,33.7,0,1,minor_delays,0.194,0.0,1
29,male,30368.3,2530.69,employed,8.1,2486.57,1722.13,1712.65,12007.04,medical,48,2,1.6,0,1,consistent,0.335,557.27,1
39,female,70711.1,5892.59,employed,4.6,10540.15,3231.99,13777.74,21536.65,business,36,4,16.8,0,1,minor_delays,0.816,4634.51,0
68,female,63344.16,5278.68,contract,8.4,4289.63,2579.01,26630.9,12126.24,debt_consolidation,72,5,45.0,1,2,minor_delays,0.249,1650.13,1
49,not_specified,74506.75,6208.9,employed,2.1,225.56,2949.25,5108.38,24177.83,auto,24,3,27.7,1,0,minor_delays,0.217,66.09,1
43,male,75200.94,6266.74,contract,0.3,0.0,5581.74,1254.49,28719.18,business,60,3,23.5,0,1,consistent,0.553,0.0,1
47,female,77678.18,6473.18,unemployed,5.2,0.0,2704.01,9495.04,29119.35,education,36,2,27.9,0,0,irregular,0.207,0.0,0
58,female,52291.37,4357.61,employed,5.6,9921.69,2282.28,1992.73,4700.01,auto,60,1,35.2,0,1,minor_delays,0.194,5153.19,1
33,male,117149.73,9762.48,employed,4.1,12166.88,6040.46,5781.89,32245.22,home,60,2,10.1,0,1,irregular,0.401,3561.71,0
51,male,68095.21,5674.6,retired,10.4,3483.35,1987.56,1098.2,33126.8,personal,60,4,32.0,1,0,irregular,0.172,1950.22,1
62,male,13575.4,1131.28,employed,2.1,13947.1,989.81,5985.26,34079.48,debt_consolidation,60,0,43.5,0,0,consistent,0.153,5399.96,0
48,female,35938.23,2994.85,employed,6.8,7794.0,1217.37,6118.58,15264.04,personal,48,3,29.3,0,0,minor_delays,0.408,2249.43,1
42,male,16746.92,1395.58,employed,5.8,26086.88,1031.34,7448.3,8729.73,debt_consolidation,24,6,22.5,0,1,minor_delays,0.365,14837.69,0
27,female,62450.7,5204.23,employed,0.0,11060.49,3686.95,7667.0,6173.35,auto,12,2,8.6,1,1,minor_delays,0.751,7490.71,0
32,not_specified,58833.06,4902.76,unemployed,0.2,21355.97,3976.95,3707.93,4880.42,debt_consolidation,36,2,10.6,0,1,consistent,0.579,5119.91,1
66,female,49820.93,4151.74,employed,5.5,15438.57,2994.62,18984.74,17128.59,medical,36,1,42.0,0,0,consistent,0.275,3695.16,1
46,male,114284.08,9523.67,employed,13.4,0.0,7509.9,1127.3,26326.37,auto,36,5,24.7,0,1,minor_delays,0.225,0.0,1
35,male,76273.55,6356.13,employed,7.8,11912.1,3750.83,698.97,31372.14,medical,48,3,14.6,0,1,consistent,0.248,4106.44,1
41,male,80878.56,6739.88,employed,0.0,0.0,4236.43,5297.58,11658.87,education,48,6,20.9,0,1,irregular,0.303,0.0,1
48,male,37792.09,3149.34,student,0.0,11702.55,2361.84,570.87,16574.43,debt_consolidation,72,1,27.1,0,1,minor_delays,0.63,10222.15,0
46,male,36022.23,3001.85,self_employed,8.4,4058.43,2023.26,1218.1,15853.94,debt_consolidation,36,2,26.5,1,0,consistent,0.167,1323.04,1
54,male,62956.94,5246.41,contract,5.1,17583.56,3365.98,1265.2,10011.92,personal,60,3,32.3,1,2,consistent,0.126,11943.19,0
33,male,66498.19,5541.52,employed,10.1,0.0,2588.82,792.97,25093.24,auto,48,0,14.8,0,0,consistent,0.533,0.0,1
52,male,13735.9,1144.66,student,2.0,13176.42,569.03,12860.2,20991.33,medical,72,1,27.8,0,2,consistent,0.077,5668.01,0
42,male,57312.02,4776.0,retired,6.9,19868.99,2647.55,2937.24,18560.05,business,60,0,19.0,0,0,consistent,0.298,10414.4,1
66,female,62365.87,5197.16,unemployed,8.9,23891.15,1846.51,24634.25,20941.36,education,36,3,45.0,0,1,consistent,0.179,14045.95,1
28,male,56406.12,4700.51,retired,3.7,3829.99,2763.42,7263.95,23769.96,auto,12,3,6.9,0,0,minor_delays,0.109,1303.74,1
28,female,40851.85,3404.32,self_employed,3.8,13213.01,1196.88,18357.11,23659.81,education,72,1,3.5,1,0,irregular,0.142,5380.37,0
43,female,47972.09,3997.67,self_employed,5.6,15209.76,2686.67,7715.23,7776.61,personal,48,1,28.6,0,1,minor_delays,0.671,13295.74,0
45,male,57401.66,4783.47,employed,7.7,31565.52,3593.81,5362.81,26859.61,business,60,1,25.7,0,0,consistent,0.439,12357.54,1
54,female,64360.8,5363.4,employed,5.4,0.0,3595.76,6681.69,19809.03,personal,60,2,34.0,0,0,consistent,0.154,0.0,1
40,female,77724.58,6477.05,contract,9.4,2066.77,4827.39,2805.95,12219.22,debt_consolidation,48,3,12.7,0,0,irregular,0.401,1187.55,1
64,male,90102.26,7508.52,employed,3.7,46653.55,2628.04,5233.54,19576.53,education,48,2,38.4,0,1,consistent,0.571,30418.47,1
43,male,54346.96,4528.91,self_employed,0.2,9722.83,1738.57,1034.58,20789.25,auto,60,2,17.9,1,0,minor_delays,0.244,5056.61,1
27,female,50139.94,4178.33,self_employed,13.4,0.0,3125.91,6021.95,28899.62,debt_consolidation,60,0,3.3,0,3,minor_delays,0.103,0.0,0
26,male,73379.05,6114.92,self_employed,3.1,6009.4,4938.73,10152.68,5492.29,business,36,2,2.7,0,1,consistent,0.222,3473.85,1
67,female,77881.97,6490.16,employed,3.2,0.0,4926.62,8549.9,31574.83,business,12,2,45.0,0,1,minor_delays,0.508,0.0,1
27,female,50710.79,4225.9,student,5.2,15891.05,3076.1,2990.72,17254.83,personal,12,3,4.0,0,0,irregular,0.209,12108.8,1
66,female,82550.23,6879.19,employed,5.8,22717.42,5181.46,1196.06,11432.31,business,36,0,43.1,0,0,minor_delays,0.356,18540.8,1
34,male,87469.22,7289.1,contract,4.0,2060.05,5624.02,9664.27,11095.66,debt_consolidation,60,3,12.3,0,1,consistent,0.295,780.53,1
25,male,95583.85,7965.32,employed,5.4,7351.31,6076.7,17257.78,5984.95,personal,60,4,0.2,0,1,consistent,0.436,2169.36,1
35,not_specified,108236.34,9019.7,contract,5.3,24083.85,6951.16,912.38,500.0,home,36,1,15.8,0,3,consistent,0.338,18492.86,1
50,male,39473.18,3289.43,contract,6.2,0.0,1290.09,2427.4,24451.4,business,36,1,27.7,0,1,consistent,0.484,0.0,0
41,not_specified,62361.35,5196.78,retired,0.0,0.0,2006.29,4814.25,38789.75,auto,36,0,17.3,0,0,irregular,0.379,0.0,1
58,female,62293.22,5191.1,employed,13.0,10262.62,2885.41,13975.22,500.0,home,60,0,38.9,0,0,consistent,0.326,2789.6,1
50,male,59450.09,4954.17,contract,4.9,3971.98,3223.83,5462.68,6545.29,home,48,2,24.0,0,1,consistent,0.377,1047.42,1
40,male,45119.16,3759.93,employed,7.8,9473.6,2950.39,8119.02,25267.42,business,24,2,13.9,0,0,consistent,0.728,3099.33,1
51,male,23375.39,1947.95,employed,0.0,0.0,1053.42,1392.22,16497.99,medical,36,7,30.7,0,0,consistent,0.697,0.0,1
67,male,64409.67,5367.47,employed,3.6,15571.76,2720.32,1763.37,26178.61,personal,36,2,45.0,1,1,consistent,0.222,11263.76,0
40,male,42022.75,3501.9,self_employed,2.8,11209.2,2785.5,11669.04,15881.07,personal,36,2,18.5,0,1,consistent,0.343,5358.05,0
28,female,64235.83,5352.99,unemployed,11.4,19590.29,2634.32,12792.84,10613.1,debt_consolidation,60,1,9.3,1,1,consistent,0.864,16881.1,0
40,male,41354.87,3446.24,self_employed,3.2,15404.79,2818.61,2562.68,14515.74,debt_consolidation,60,2,18.1,0,0,irregular,0.41,7020.32,1
61,female,33408.88,2784.07,employed,8.5,15480.28,1255.52,19889.41,500.0,debt_consolidation,24,1,41.6,0,1,consistent,0.564,10713.88,1
31,female,68091.76,5674.31,employed,2.9,0.0,3148.68,309.22,4421.67,personal,36,1,11.3,0,1,consistent,0.178,0.0,0
66,male,65923.96,5493.66,employed,3.7,18911.1,3178.71,2437.85,27431.07,debt_consolidation,36,2,43.9,2,1,minor_delays,0.202,8080.67,0
49,female,77061.33,6421.78,employed,4.5,9029.6,3343.95,2095.31,30110.9,business,36,3,29.8,1,1,consistent,0.618,7448.09,0
49,male,118832.46,9902.7,contract,10.6,11000.82,3484.89,1339.58,32467.83,personal,36,0,22.9,0,0,irregular,0.498,5264.04,1
36,female,69209.53,5767.46,employed,0.0,25579.17,2792.84,445.9,21849.56,auto,12,0,17.2,1,0,consistent,0.309,14988.52,1
65,male,74612.13,6217.68,self_employed,0.2,4366.77,3372.86,12351.96,500.0,debt_consolidation,12,6,45.0,2,0,consistent,0.619,2090.54,1
22,female,33983.41,2831.95,employed,0.0,29214.21,1497.44,9176.0,10014.93,debt_consolidation,60,1,0.3,0,0,consistent,0.578,14745.56,1
35,female,28540.41,2378.37,employed,1.1,30333.7,1897.38,4687.77,31571.21,business,24,2,13.0,1,2,consistent,0.198,7228.04,0
41,female,103153.57,8596.13,employed,2.3,22033.41,3240.74,6967.65,34853.6,home,60,1,16.7,0,3,irregular,0.765,9191.04,1
43,male,37989.53,3165.79,employed,0.0,1232.55,1809.89,4731.15,31989.13,auto,36,2,20.7,0,0,consistent,0.202,1064.72,0
43,female,34857.45,2904.79,self_employed,2.6,0.0,1078.79,11479.93,14401.22,debt_consolidation,36,4,21.6,0,2,consistent,0.685,0.0,0
28,female,60983.43,5081.95,self_employed,0.0,25946.02,4474.5,1309.01,2627.67,medical,24,1,3.4,0,0,consistent,0.586,21175.09,0
31,female,59655.0,4971.25,student,1.4,14336.62,3979.08,297.29,16553.05,personal,12,0,5.2,0,0,consistent,0.573,10021.15,0
25,female,38534.83,3211.24,employed,10.3,4057.63,2921.69,19416.63,17162.88,business,36,5,0.9,1,0,minor_delays,0.243,2666.97,1
48,male,54070.7,4505.89,employed,7.1,27082.75,3914.68,4387.22,34221.21,auto,60,0,24.1,1,0,consistent,0.31,22451.94,1
37,male,93963.77,7830.31,employed,6.2,2661.29,4150.17,24215.26,19505.7,home,60,2,10.3,0,1,irregular,0.323,1534.25,1
48,male,41044.17,3420.35,contract,1.5,7910.14,2545.43,34814.86,17183.49,debt_consolidation,12,1,31.9,0,1,consistent,0.492,6653.8,0
49,female,25764.52,2147.04,self_employed,0.0,19298.68,1126.63,23724.8,17808.45,personal,12,2,31.0,0,0,consistent,0.327,9468.61,1
54,male,86507.43,7208.95,unemployed,0.9,0.0,6172.88,7662.5,21398.45,auto,24,4,29.9,1,0,consistent,0.149,0.0,1
47,male,74799.72,6233.31,employed,5.3,11686.23,3641.06,703.49,23890.84,debt_consolidation,60,1,26.2,2,0,consistent,0.27,6195.72,1
52,female,45866.52,3822.21,self_employed,9.0,26069.65,2156.7,40471.8,9030.09,education,24,4,32.1,2,1,poor,0.361,5561.52,0
49,male,20863.66,1738.64,self_employed,9.1,15533.33,1514.39,6614.89,5366.18,personal,36,1,22.3,0,0,consistent,0.234,5270.01,1
52,female,42639.79,3553.32,employed,8.0,27969.12,2938.39,2883.12,32076.14,home,60,1,32.1,0,1,consistent,0.64,23759.83,0
50,female,60577.68,5048.14,employed,2.5,26603.23,4547.65,10086.78,500.0,business,60,2,34.7,0,0,consistent,0.658,16458.62,1
36,male,92307.47,7692.29,employed,5.6,13092.86,2983.83,2952.27,35015.22,personal,48,1,13.2,0,1,consistent,0.375,3045.37,1
32,male,35048.87,2920.74,employed,4.2,0.0,1427.37,2443.6,500.0,debt_consolidation,24,2,12.4,0,0,consistent,0.503,0.0,1
58,male,59802.48,4983.54,employed,4.7,0.0,2598.86,11878.57,10570.05,education,36,3,39.1,0,0,consistent,0.592,0.0,1
37,male,79553.76,6629.48,self_employed,13.6,22160.01,3923.86,1532.28,27690.39,auto,36,4,11.2,0,1,minor_delays,0.691,15476.41,0
47,male,12000.0,1000.0,employed,0.0,0.0,619.68,8591.51,17003.76,business,48,3,28.6,0,1,minor_delays,0.425,0.0,0
30,not_specified,88878.44,7406.54,contract,4.6,9079.69,3822.8,6532.92,2518.76,debt_consolidation,60,1,10.7,0,0,consistent,0.331,3690.74,1
41,male,31256.29,2604.69,employed,10.3,17061.77,2085.2,8332.22,21690.71,debt_consolidation,24,5,20.3,1,1,consistent,0.283,13746.28,0
46,male,70631.88,5885.99,employed,0.0,30634.85,2809.08,9993.02,17737.05,auto,60,2,25.1,0,1,consistent,0.716,7426.45,1
51,male,68413.76,5701.15,self_employed,2.9,6099.76,4258.84,2277.94,14623.47,debt_consolidation,36,0,34.9,0,0,minor_delays,0.269,2233.44,1
46,female,90199.25,7516.6,employed,3.4,5278.15,6280.18,14205.38,10136.85,auto,60,4,25.7,3,1,consistent,0.3,1670.43,0
38,female,76324.03,6360.34,employed,4.6,12370.65,4414.76,12345.37,16619.33,debt_consolidation,12,4,21.6,0,2,minor_delays,0.664,8677.15,1
67,male,12000.0,1000.0,self_employed,0.0,17210.96,551.87,2217.98,10598.86,education,36,2,45.0,0,0,consistent,0.433,8041.49,0
45,female,41595.74,3466.31,employed,7.9,11149.04,1584.44,21899.94,43779.86,debt_consolidation,12,1,19.7,0,0,consistent,0.574,9378.17,0
59,male,65593.33,5466.11,employed,8.2,25591.22,2331.72,20937.68,14359.81,education,48,0,38.8,0,0,consistent,0.484,19501.51,1
56,female,56930.52,4744.21,employed,7.5,3410.27,3672.87,31818.02,12888.67,debt_consolidation,12,4,36.7,0,0,consistent,0.144,3032.62,1
47,female,74417.88,6201.49,employed,2.0,14441.93,3828.83,6324.45,11042.0,education,36,2,28.6,0,0,irregular,0.348,5911.07,1
63,female,82523.53,6876.96,self_employed,5.8,18342.55,2588.5,310.11,36546.46,debt_consolidation,60,1,40.5,0,1,minor_delays,0.203,9766.45,1
27,female,77819.75,6484.98,employed,1.9,8197.21,5906.44,12729.12,500.0,debt_consolidation,48,4,5.3,0,0,consistent,0.264,5425.48,1
65,female,56428.85,4702.4,employed,4.2,23076.52,3445.18,14046.51,20953.76,home,48,1,41.4,1,0,consistent,0.255,20360.89,1
61,female,13995.24,1166.27,self_employed,14.1,14787.5,969.38,2103.17,14367.81,education,48,2,41.3,0,1,consistent,0.183,6525.04,0
45,male,50157.49,4179.79,unemployed,5.9,22466.15,2506.9,4415.32,1342.6,debt_consolidation,48,1,22.8,0,3,consistent,0.751,9633.28,0
56,female,72825.57,6068.8,employed,0.7,15329.25,5429.15,951.06,7990.16,education,48,0,35.5,0,1,minor_delays,0.387,9791.26,1
45,female,33648.37,2804.03,self_employed,6.2,17516.85,1300.31,3414.71,20486.49,debt_consolidation,36,0,28.4,1,1,minor_delays,0.715,11660.88,0
33,female,78413.14,6534.43,employed,0.1,5411.3,2976.61,10499.63,7491.67,personal,12,0,13.0,0,0,consistent,0.351,1797.97,0
59,female,85618.23,7134.85,employed,0.7,5430.74,6118.07,13656.16,19855.2,home,36,2,39.7,0,2,irregular,0.643,2813.84,1
32,male,65298.54,5441.55,contract,1.3,27692.76,4670.36,2082.25,36020.69,debt_consolidation,12,1,12.6,0,0,poor,0.09,12853.79,0
36,male,12000.0,1000.0,employed,3.7,20626.13,634.44,17903.52,18876.61,business,36,2,10.2,0,0,consistent,0.112,10205.61,0
45,female,28769.7,2397.48,employed,9.2,724.42,1011.01,5917.45,1011.36,debt_consolidation,36,1,22.1,0,2,consistent,0.366,216.11,1
61,female,111040.92,9253.41,employed,7.8,15170.36,4848.54,13796.1,7685.24,auto,24,2,38.7,0,0,consistent,0.452,9916.89,1
39,female,47790.02,3982.5,employed,7.6,0.0,3105.82,3513.1,13860.54,education,60,3,22.3,0,0,irregular,0.626,0.0,1
44,male,12000.0,1000.0,unemployed,1.1,6112.72,832.22,954.65,13125.41,education,48,2,21.5,0,1,consistent,0.423,1331.3,0
22,female,94116.43,7843.04,unemployed,3.3,24532.33,4299.26,12491.69,18672.15,debt_consolidation,36,5,0.0,0,1,minor_delays,0.366,13423.87,0
26,male,62347.25,5195.6,employed,6.6,11498.25,1999.8,1584.35,20436.87,debt_consolidation,60,1,1.7,0,0,minor_delays,0.371,2610.33,1
23,female,90728.45,7560.7,contract,3.0,14414.95,5515.26,5311.34,36035.81,debt_consolidation,36,1,0.0,0,0,consistent,0.407,9604.07,1
24,male,69200.93,5766.74,employed,4.4,0.0,4449.12,122.9,16959.08,home,36,3,4.5,0,0,consistent,0.121,0.0,1
62,female,73922.54,6160.21,employed,7.3,8292.96,3644.93,2064.68,4325.86,education,24,1,37.4,0,1,minor_delays,0.561,4948.53,1
61,female,71438.24,5953.19,employed,4.1,17059.27,4062.25,13717.05,29691.87,auto,36,3,41.2,1,1,consistent,0.697,4548.81,0
60,female,80134.7,6677.89,contract,6.4,18583.48,6095.59,3620.65,30893.27,medical,24,2,37.9,1,1,consistent,0.246,5328.01,1
23,male,121213.19,10101.1,self_employed,11.9,24548.27,4946.0,12944.55,19556.87,business,60,3,5.9,0,0,irregular,0.456,16343.43,1
24,male,87246.16,7270.51,unemployed,4.8,10476.91,4919.21,12961.96,14289.66,business,36,2,5.9,0,0,consistent,0.257,2331.58,0
34,male,20911.18,1742.6,contract,10.2,11012.13,1216.76,13008.74,23848.01,auto,36,1,13.2,0,0,minor_delays,0.42,3095.89,0
48,female,73613.2,6134.43,employed,7.7,0.0,4067.07,9759.15,14678.12,home,36,2,26.1,0,0,consistent,0.513,0.0,1
37,male,91678.5,7639.87,student,0.0,10545.74,6458.78,1631.78,500.0,home,36,1,18.9,0,0,consistent,0.55,3341.71,1
44,female,93270.22,7772.52,employed,1.1,0.0,5400.77,6095.65,23198.22,debt_consolidation,48,1,23.4,1,1,consistent,0.731,0.0,1
29,male,50908.27,4242.36,student,2.2,0.0,2712.98,9673.31,26814.77,debt_consolidation,48,4,10.2,0,2,consistent,0.398,0.0,0
56,male,92288.56,7690.71,employed,2.1,0.0,3231.01,17106.12,32851.96,personal,60,2,35.9,0,1,consistent,0.314,0.0,1
36,female,86121.3,7176.78,employed,5.1,31104.22,5388.53,11946.14,8961.66,education,48,4,15.4,0,1,poor,0.413,25367.25,1
24,male,128885.45,10740.45,student,8.0,9753.27,4567.93,12871.63,19487.82,debt_consolidation,36,3,4.2,0,0,consistent,0.396,7092.98,1
56,male,42499.95,3541.66,employed,10.5,15638.53,1293.22,11050.17,19725.8,debt_consolidation,36,1,33.1,0,1,consistent,0.368,5191.44,0
64,not_specified,48807.59,4067.3,student,6.7,6838.04,2556.15,1807.34,17939.21,education,48,3,42.6,0,0,irregular,0.396,2394.62,1
21,female,54040.9,4503.41,employed,3.7,0.0,3045.63,3464.8,18263.42,auto,36,2,0.0,0,0,minor_delays,0.106,0.0,1
41,male,49254.22,4104.52,self_employed,0.0,24233.36,3773.94,5051.88,17408.5,debt_consolidation,36,0,21.5,0,2,poor,0.195,15572.48,0
60,female,38859.46,3238.29,self_employed,5.8,0.0,2448.23,5563.91,19329.24,education,24,1,35.8,1,0,consistent,0.338,0.0,1
54,female,12000.0,1000.0,employed,5.6,6342.49,833.7,5255.76,25147.49,education,48,2,30.3,1,1,consistent,0.265,2532.29,0
62,male,50697.81,4224.82,contract,6.2,12344.62,2312.84,2061.44,30423.16,home,12,1,44.4,0,0,minor_delays,0.769,10649.94,1
40,female,71603.31,5966.94,employed,13.9,15765.88,3819.33,14782.31,8680.34,education,72,4,18.5,0,0,minor_delays,0.48,12369.99,1
38,female,49176.23,4098.02,student,10.5,4282.36,3710.07,3220.96,15104.69,medical,24,4,13.7,0,1,consistent,0.572,2809.79,1
55,male,112319.91,9359.99,retired,8.6,0.0,5502.85,2454.46,12351.31,business,36,2,31.3,0,0,irregular,0.331,0.0,1
28,female,62347.77,5195.65,self_employed,1.7,3386.88,4209.28,2703.04,10777.6,education,36,3,12.4,1,0,minor_delays,0.436,1374.43,1
32,male,95566.76,7963.9,unemployed,3.4,4014.9,5175.05,9506.32,500.0,debt_consolidation,36,2,13.6,0,1,consistent,0.543,1645.47,1
49,male,68796.93,5733.08,self_employed,5.1,3722.88,2738.45,8455.1,17266.45,auto,36,1,33.0,0,1,minor_delays,0.504,1549.86,1
53,female,83486.59,6957.22,retired,2.4,24640.7,4736.74,4421.7,22272.52,education,48,1,36.6,0,0,consistent,0.026,7694.85,1
26,male,69260.28,5771.69,contract,7.5,0.0,2737.49,10959.31,15293.9,auto,24,2,2.4,0,0,consistent,0.186,0.0,1
45,not_specified,97588.4,8132.37,self_employed,6.9,16611.75,2860.36,4105.97,16901.46,home,36,3,22.0,1,0,consistent,0.582,13895.47,0
38,female,63454.42,5287.87,retired,1.1,14899.56,2561.76,17856.9,21602.81,auto,24,1,16.1,0,2,consistent,0.674,11925.91,0
45,male,74899.14,6241.59,employed,10.3,24525.46,2871.71,27615.36,32522.32,business,36,6,26.9,1,3,consistent,0.264,14328.6,1
67,female,71524.66,5960.39,employed,5.9,11402.42,3346.31,2741.25,12382.59,education,72,5,44.9,1,2,minor_delays,0.629,7553.32,1
24,not_specified,54504.58,4542.05,student,0.0,22493.57,3890.27,9364.91,4112.27,education,36,3,0.0,0,2,irregular,0.258,8254.12,0
68,female,72529.54,6044.13,self_employed,5.3,10933.36,3451.66,17171.65,16005.16,business,60,1,45.0,0,1,consistent,0.296,2361.65,1
42,female,120094.04,10007.84,employed,6.6,18212.71,8324.09,5176.45,37719.17,personal,36,4,19.4,0,0,consistent,0.065,9272.28,1
58,male,54969.68,4580.81,employed,9.4,0.0,3054.02,12260.01,4230.09,auto,36,3,41.0,0,0,minor_delays,0.783,0.0,1
41,male,72906.09,6075.51,self_employed,4.2,0.0,2152.8,3485.21,24151.49,auto,60,1,18.4,0,3,consistent,0.241,0.0,1
35,male,94702.25,7891.85,employed,8.8,17530.56,3611.15,5587.43,29737.05,home,12,4,13.9,0,1,consistent,0.178,10921.32,1
57,female,91646.59,7637.22,employed,6.2,18174.2,6727.08,940.07,500.0,debt_consolidation,60,4,36.6,0,3,consistent,0.207,15407.37,1
54,male,62304.63,5192.05,employed,0.2,18706.03,3605.25,1782.33,21512.45,debt_consolidation,36,4,33.8,0,1,consistent,0.275,6482.16,1
27,male,12000.0,1000.0,employed,0.0,6700.81,879.84,6570.72,23637.52,home,36,3,1.4,0,1,irregular,0.269,2576.7,0
54,male,75434.27,6286.19,student,10.0,30876.67,3311.37,641.96,14059.31,auto,60,1,27.9,1,0,consistent,0.676,7896.38,1
57,male,12000.0,1000.0,employed,10.3,7481.47,758.44,2455.92,9889.18,personal,36,1,37.5,0,1,minor_delays,0.378,6400.33,0
39,female,100218.37,8351.53,student,6.8,18050.55,6598.16,4786.35,10502.71,education,72,0,17.5,1,1,minor_delays,0.272,9354.9,1
65,female,66406.32,5533.86,employed,11.5,20135.63,5014.5,14160.44,13385.75,medical,60,3,41.7,1,0,poor,0.546,9688.86,1
51,female,87991.52,7332.63,unemployed,9.7,33624.88,2642.39,486.78,13676.94,debt_consolidation,36,0,30.0,0,0,minor_delays,0.408,29924.51,1
37,female,38545.11,3212.09,self_employed,8.2,9195.64,2867.68,91.86,11601.45,debt_consolidation,36,2,11.9,0,0,consistent,0.586,4592.52,1
21,female,21634.81,1802.9,employed,1.9,5161.69,1033.43,22198.54,13210.77,debt_consolidation,60,4,0.0,0,0,consistent,0.748,2242.18,0
53,female,68779.61,5731.63,employed,12.4,0.0,4743.82,7797.63,30098.71,auto,24,0,29.2,0,1,consistent,0.17,0.0,1
31,female,61126.31,5093.86,student,7.6,31628.4,3364.42,4628.22,3641.28,debt_consolidation,48,2,2.4,0,0,consistent,0.13,16064.81,0
57,male,49219.94,4101.66,self_employed,4.0,18056.93,2755.7,4651.52,500.0,debt_consolidation,24,3,35.5,0,2,consistent,0.271,12278.0,1
46,male,64201.19,5350.1,employed,2.8,18436.73,2968.48,3184.97,30274.64,debt_consolidation,24,2,30.3,0,1,consistent,0.251,15484.4,1
43,male,133953.33,11162.78,unemployed,6.5,50400.45,9178.36,1641.53,14887.8,business,36,3,23.6,0,0,minor_delays,0.557,16827.83,1
28,female,83697.66,6974.81,employed,0.0,16900.54,3490.8,13426.75,12729.44,personal,48,1,7.0,0,0,consistent,0.448,11570.63,0
55,female,89286.96,7440.58,employed,8.3,0.0,4691.86,21431.76,15776.61,debt_consolidation,48,2,32.3,0,0,irregular,0.432,0.0,0
28,female,83942.36,6995.2,employed,1.7,10649.16,4681.88,7555.28,19302.04,debt_consolidation,48,2,10.0,0,1,consistent,0.134,8099.95,1
41,male,100466.02,8372.17,student,7.0,1302.61,6473.67,19154.34,11235.44,home,36,2,19.2,0,1,minor_delays,0.13,515.97,1
61,male,57058.14,4754.84,employed,3.4,8249.58,2942.45,5262.75,22565.24,business,36,2,39.8,0,0,minor_delays,0.482,1876.41,1
65,female,12000.0,1000.0,contract,4.4,8168.92,737.76,834.29,6415.11,home,36,2,39.1,0,0,consistent,0.411,3888.15,0
68,female,57096.76,4758.06,employed,2.5,5955.71,2981.49,14791.71,13679.91,debt_consolidation,36,2,43.3,0,1,consistent,0.196,4912.05,1
66,female,83105.13,6925.43,employed,4.9,0.0,5026.56,749.7,500.0,debt_consolidation,36,3,45.0,0,1,minor_delays,0.386,0.0,1
47,female,36785.19,3065.43,employed,13.1,32110.02,2250.83,9505.33,29894.61,auto,48,2,25.3,2,0,irregular,0.209,12879.68,0
30,female,57414.49,4784.54,student,11.0,16586.18,3609.37,6612.11,15063.04,debt_consolidation,24,3,9.6,0,2,minor_delays,0.075,5265.09,0
61,male,44013.99,3667.83,employed,6.9,10294.34,3004.98,2492.93,24371.15,business,12,2,42.6,0,0,consistent,0.253,9132.41,1
59,female,101052.76,8421.06,unemployed,5.4,22091.65,5542.84,4863.61,22242.32,education,48,1,35.4,0,2,consistent,0.332,11109.66,1
68,male,81485.88,6790.49,employed,8.9,18652.81,3124.77,32454.59,23047.95,personal,12,1,45.0,0,0,minor_delays,0.407,16106.23,1
52,female,78940.06,6578.34,retired,10.0,16308.29,4850.84,8296.66,16914.47,home,72,3,36.7,0,2,consistent,0.513,4310.41,1
27,female,78161.63,6513.47,employed,2.2,21219.98,2566.03,15776.78,21270.5,education,36,7,9.7,0,1,minor_delays,0.201,10907.79,1
45,male,61031.52,5085.96,employed,5.2,14607.22,2414.84,1984.33,6425.87,auto,12,1,23.4,1,0,irregular,0.589,7771.2,1
42,female,67136.46,5594.71,employed,0.0,21042.66,4484.32,10239.81,4117.04,debt_consolidation,60,0,21.2,0,1,consistent,0.463,7978.19,0
61,male,31185.2,2598.77,employed,10.0,22037.35,1554.04,6485.5,15887.83,debt_consolidation,48,2,44.2,0,0,consistent,0.567,12079.35,1
39,female,12000.0,1000.0,student,13.8,14952.62,633.89,1146.67,9522.46,auto,60,3,10.3,0,2,consistent,0.602,6659.7,0
36,male,65902.11,5491.84,employed,5.8,10355.27,5013.04,3938.99,32680.11,medical,36,4,15.6,0,0,consistent,0.11,3858.37,1
24,male,70423.75,5868.65,student,0.0,31364.77,2840.71,25013.14,21126.59,personal,36,0,6.1,0,0,consistent,0.601,14293.58,1
61,female,93440.88,7786.74,self_employed,7.9,7265.18,2812.14,6164.26,9118.7,auto,48,1,37.5,0,0,consistent,0.557,4683.32,1
57,female,102854.73,8571.23,self_employed,1.9,17695.76,3544.05,13019.67,14013.06,education,36,2,36.3,0,1,consistent,0.358,9338.23,1
22,female,102819.96,8568.33,employed,2.8,17966.9,4193.05,1919.41,18463.07,debt_consolidation,36,2,0.0,0,1,consistent,0.529,8740.72,0
41,female,36051.39,3004.28,retired,8.0,5685.31,2294.59,13329.37,16251.97,education,36,1,17.5,0,1,consistent,0.69,4534.0,1
44,female,52841.11,4403.43,contract,6.5,3306.13,3488.48,7188.31,19989.21,debt_consolidation,36,2,22.7,0,3,consistent,0.378,2153.77,0
43,male,74488.69,6207.39,unemployed,3.5,8753.78,4173.41,16974.34,17755.2,home,24,2,20.6,0,1,consistent,0.301,5653.86,1
65,female,127829.52,10652.46,employed,2.9,7093.4,5276.98,3379.27,1702.78,education,60,2,45.0,1,1,poor,0.38,2522.56,1
28,male,100482.58,8373.55,employed,6.0,0.0,5420.98,5185.72,500.0,home,36,3,10.2,1,0,consistent,0.492,0.0,1
35,male,91104.33,7592.03,student,3.9,5182.06,2721.94,15762.72,12890.3,debt_consolidation,72,4,13.4,0,1,consistent,0.37,1170.21,1
29,male,51917.51,4326.46,self_employed,1.1,16194.68,3195.64,9793.06,23165.42,personal,36,3,12.6,0,1,minor_delays,0.363,5660.37,1
32,not_specified,39036.81,3253.07,employed,4.2,28191.32,2277.63,4095.16,13013.94,home,36,0,14.2,0,0,consistent,0.248,13784.52,1
64,male,82511.6,6875.97,employed,6.9,19652.7,2492.02,1082.44,30602.21,debt_consolidation,36,2,45.0,0,2,poor,0.351,16162.73,1
66,female,33382.81,2781.9,employed,4.8,0.0,2269.19,1115.28,16484.25,home,48,0,42.4,0,0,consistent,0.131,0.0,1
23,female,55800.65,4650.05,employed,0.0,20695.64,3651.0,33888.47,31929.16,business,60,0,8.8,0,1,consistent,0.336,10583.88,0
51,male,59015.77,4917.98,employed,9.5,6302.18,2585.32,5017.73,29670.94,home,36,3,27.1,0,0,consistent,0.398,1789.01,1
32,female,103415.71,8617.98,employed,0.0,18436.96,6137.42,4850.06,28564.16,personal,36,1,9.5,0,0,minor_delays,0.522,6656.36,1
30,female,52777.87,4398.16,employed,3.7,12830.38,3047.27,5826.9,3761.37,debt_consolidation,48,1,10.3,0,1,consistent,0.503,6206.71,0
35,male,12000.0,1000.0,employed,3.0,10687.75,500.0,39088.11,17188.55,auto,24,1,13.3,0,3,consistent,0.394,2874.31,0
30,male,75115.56,6259.63,employed,6.1,11773.17,2880.42,2755.35,30450.51,debt_consolidation,48,3,3.9,0,0,consistent,0.048,9190.63,1
44,female,43825.43,3652.12,employed,7.7,12730.91,2700.48,6679.42,19995.79,debt_consolidation,48,0,26.0,0,1,minor_delays,0.278,3285.15,1
68,male,63108.41,5259.03,self_employed,10.0,29132.86,4639.12,1631.39,23097.96,debt_consolidation,36,2,45.0,0,0,poor,0.622,17763.43,1
49,female,59745.68,4978.81,unemployed,2.7,12764.08,3378.03,2501.28,1733.24,debt_consolidation,48,1,26.5,0,0,consistent,0.164,4011.6,1
55,female,54883.7,4573.64,employed,7.8,26026.43,3081.05,352.29,38106.69,business,48,2,36.9,0,0,consistent,0.527,7145.95,1
44,not_specified,82548.86,6879.07,unemployed,6.3,24278.87,4943.36,2507.7,8294.88,medical,24,1,20.4,0,0,consistent,0.413,12719.87,1
21,female,22145.51,1845.46,self_employed,0.0,21004.55,1109.36,5500.7,500.0,medical,36,3,0.0,0,0,consistent,0.088,9279.66,1
25,male,48557.63,4046.47,unemployed,13.1,0.0,1541.21,2278.01,13137.62,business,36,1,0.4,0,0,minor_delays,0.072,0.0,1
33,female,79784.99,6648.75,employed,0.0,26399.59,3829.73,7769.85,500.0,home,60,2,15.5,0,1,minor_delays,0.632,6479.38,0
32,female,46033.8,3836.15,self_employed,7.2,7505.18,3311.15,53.46,5063.62,debt_consolidation,36,2,13.7,0,2,consistent,0.214,3072.83,1
61,female,20171.03,1680.92,employed,7.1,21588.73,1359.56,3484.05,45143.63,home,36,3,38.8,0,2,consistent,0.237,16148.02,0
61,female,79382.44,6615.2,retired,6.6,1329.61,5812.33,1151.36,12819.55,auto,36,3,41.3,0,0,consistent,0.281,1058.33,1
61,male,91200.46,7600.04,employed,3.5,0.0,3322.08,2368.94,1294.34,business,12,3,36.9,0,2,minor_delays,0.36,0.0,1
51,female,60830.12,5069.18,employed,8.8,36716.66,3236.14,21.89,17278.28,auto,12,3,32.1,0,3,consistent,0.339,11757.05,1
47,female,12000.0,1000.0,student,0.0,1516.2,683.3,3706.34,7124.16,education,36,1,29.1,0,1,poor,0.453,663.13,0
52,male,80355.21,6696.27,employed,5.2,26753.28,3144.95,9817.92,26509.71,debt_consolidation,24,1,33.6,0,0,consistent,0.406,17524.91,1
40,female,18842.92,1570.24,student,3.2,14421.04,729.46,3809.68,7215.01,debt_consolidation,24,1,19.8,0,0,minor_delays,0.727,5762.86,0
53,female,70028.78,5835.73,employed,2.8,7958.56,4643.83,1191.45,19978.07,personal,48,3,34.0,0,0,consistent,0.289,2827.7,1
59,female,38925.94,3243.83,employed,7.2,12462.05,2377.58,12162.22,4382.35,home,48,1,38.1,0,1,consistent,0.406,7624.17,1
57,female,31844.18,2653.68,employed,9.8,0.0,1907.72,8414.78,45589.31,personal,12,2,33.6,0,1,consistent,0.69,0.0,0
50,female,50510.34,4209.19,self_employed,4.1,12834.95,2113.79,9459.48,22539.86,home,48,2,30.6,0,3,consistent,0.539,6946.9,0
23,female,57234.26,4769.52,self_employed,8.6,7.12,3047.05,450.36,15399.44,debt_consolidation,24,1,1.1,0,0,consistent,0.345,4.75,1
55,female,45250.59,3770.88,student,5.7,8254.67,1369.4,7791.92,13777.46,auto,36,0,32.5,0,1,minor_delays,0.285,1674.63,1
38,female,77306.29,6442.19,self_employed,1.9,24103.59,2731.93,4206.0,10910.4,debt_consolidation,72,1,18.9,0,1,minor_delays,0.514,10352.51,0
56,female,50402.2,4200.18,self_employed,4.5,16050.29,2710.81,9275.61,8629.95,medical,36,2,36.1,0,0,minor_delays,0.598,10057.78,0
46,male,87484.96,7290.41,self_employed,4.3,0.0,3838.5,22372.49,8327.64,auto,12,1,24.5,0,0,poor,0.753,0.0,1
63,female,69310.5,5775.88,employed,2.7,23217.86,5200.78,9052.2,35461.62,auto,36,4,43.0,0,0,consistent,0.135,7803.85,1
37,female,43863.51,3655.29,self_employed,7.2,12914.8,2261.7,3360.47,10921.25,home,48,5,13.5,0,1,consistent,0.132,5584.88,1
65,male,39485.56,3290.46,retired,6.4,6493.78,1308.39,956.03,500.0,debt_consolidation,36,1,45.0,0,1,consistent,0.481,2327.74,1
61,male,19165.1,1597.09,retired,0.0,21960.12,575.22,4945.47,4174.36,business,72,1,42.6,0,0,consistent,0.546,18204.14,0
36,female,69559.06,5796.59,employed,0.0,10993.52,4425.1,732.11,27204.97,debt_consolidation,36,3,15.3,0,1,consistent,0.831,4476.95,1
44,male,52780.72,4398.39,employed,7.2,0.0,1969.42,5806.03,14224.44,business,12,3,21.9,0,2,consistent,0.66,0.0,1
46,not_specified,12000.0,1000.0,self_employed,2.2,35173.72,500.0,1675.65,15525.1,home,36,3,29.0,0,0,poor,0.395,28791.28,0
57,male,48071.41,4005.95,self_employed,6.7,12792.55,2369.8,1640.84,29867.96,medical,48,6,36.4,2,2,consistent,0.365,7266.08,1
54,male,38573.12,3214.43,employed,8.6,12023.38,1608.87,1428.3,8451.17,auto,36,0,33.6,0,0,irregular,0.246,9733.81,1
61,male,102967.62,8580.63,retired,0.4,8138.74,6018.88,13460.14,23956.59,medical,60,6,42.8,0,0,consistent,0.693,2064.54,1
38,male,17727.76,1477.31,employed,0.0,27159.59,926.05,12433.35,9653.29,debt_consolidation,60,1,19.8,0,1,consistent,0.396,7830.5,0
45,female,24524.88,2043.74,employed,12.2,6701.46,845.14,5864.31,23334.64,business,24,3,22.8,0,0,minor_delays,0.321,3248.21,1
41,male,90859.21,7571.6,contract,6.9,0.0,6036.85,6199.51,12697.51,auto,12,2,23.3,0,0,consistent,0.406,0.0,1
64,female,97275.84,8106.32,self_employed,3.8,4855.87,4804.94,29935.49,14342.96,debt_consolidation,36,4,45.0,0,1,consistent,0.272,4270.17,1
35,male,42630.44,3552.54,student,1.8,28921.3,2480.29,15398.9,26021.47,debt_consolidation,48,1,13.6,0,0,minor_delays,0.215,15235.82,1
49,female,45565.77,3797.15,employed,3.5,22985.59,1337.53,18550.5,25228.27,education,48,2,29.2,1,1,irregular,0.529,4715.89,0
26,male,78022.12,6501.84,employed,0.7,9939.81,4597.12,7841.38,15180.29,home,36,1,7.5,1,0,minor_delays,0.456,3250.84,1
61,female,12000.0,1000.0,unemployed,9.0,29479.06,511.22,10.24,11812.14,debt_consolidation,72,0,43.3,0,0,consistent,0.332,14934.2,0
39,male,13608.96,1134.08,employed,2.4,21975.31,716.5,10916.74,34590.62,business,36,1,13.5,0,0,minor_delays,0.483,15008.88,0
37,male,54700.93,4558.41,employed,9.9,9800.93,2369.01,4629.1,23482.64,home,60,4,18.4,0,0,minor_delays,0.224,5984.18,1
48,female,102297.15,8524.76,contract,3.9,11009.08,7824.61,624.11,12697.44,home,60,0,29.4,1,0,consistent,0.358,8953.41,1
44,female,50671.02,4222.58,retired,1.3,16951.81,2033.51,4215.04,9816.07,debt_consolidation,24,2,25.7,0,0,irregular,0.332,6541.83,1
61,female,64624.36,5385.36,retired,3.8,3017.36,4687.04,12951.71,28273.87,auto,36,2,37.8,0,2,consistent,0.256,1744.02,1
46,male,91478.52,7623.21,unemployed,0.0,13054.06,6656.9,2306.06,18269.4,personal,24,1,24.4,1,1,consistent,0.211,3928.96,1
45,female,116779.0,9731.58,employed,5.0,16702.16,5741.35,1033.4,15200.92,medical,60,1,24.0,0,1,minor_delays,0.409,10884.29,1
26,male,47001.94,3916.83,student,4.8,0.0,2049.6,1039.76,18264.73,home,36,2,5.9,0,0,consistent,0.436,0.0,1
22,male,61562.25,5130.19,employed,8.8,10728.16,2909.79,441.19,20715.77,home,60,1,0.0,0,0,consistent,0.489,6001.24,1
40,female,109373.44,9114.45,employed,0.0,9363.33,8329.91,17513.72,16376.42,medical,36,2,14.6,1,0,consistent,0.581,4809.77,1
68,male,22422.82,1868.57,employed,10.1,25336.82,1313.07,11488.07,30240.56,education,36,2,45.0,0,0,irregular,0.181,8363.83,0
65,female,88717.11,7393.09,employed,8.8,0.0,4883.32,23354.22,30852.72,debt_consolidation,60,3,40.2,0,0,consistent,0.592,0.0,1
51,female,35523.8,2960.32,employed,10.5,8421.93,1096.72,11949.02,22850.77,medical,36,3,29.5,0,1,poor,0.527,5257.97,0
51,not_specified,64664.28,5388.69,student,5.3,7218.94,4490.24,8912.42,32121.91,personal,48,1,28.5,0,0,irregular,0.216,5563.03,1
39,female,55691.9,4640.99,retired,9.6,24520.85,1846.04,3945.25,17093.46,home,36,2,15.1,0,1,consistent,0.592,5320.44,0
29,female,37091.7,3090.97,employed,0.0,12477.44,1164.6,3625.67,24593.64,medical,24,5,4.6,0,0,consistent,0.678,4690.47,0
21,female,36439.35,3036.61,employed,8.4,34553.14,1538.56,6203.69,28049.02,business,12,3,0.0,0,1,minor_delays,0.279,18578.36,0
37,male,69186.77,5765.56,employed,2.4,20946.56,3581.57,10713.53,28209.42,medical,24,2,16.8,0,1,poor,0.494,12051.81,1
36,male,87884.02,7323.67,self_employed,0.0,8077.32,6300.66,1892.03,27075.99,home,48,2,13.5,1,0,consistent,0.561,3905.23,0
30,female,58626.86,4885.57,student,1.0,15875.9,3910.14,8120.94,23943.08,home,36,1,12.9,0,3,consistent,0.573,6923.49,1
33,female,63822.94,5318.58,contract,5.5,8751.17,2460.64,3251.64,38528.41,auto,36,0,16.7,0,2,consistent,0.694,4509.13,0
22,male,76850.53,6404.21,employed,2.2,23312.75,3599.71,14359.73,11063.35,debt_consolidation,24,1,1.9,0,3,consistent,0.653,10634.84,0
50,female,36737.91,3061.49,unemployed,7.0,0.0,2433.08,4022.03,15292.57,auto,48,3,32.5,0,4,consistent,0.459,0.0,0
65,female,81232.01,6769.33,employed,0.0,3115.65,4403.06,4380.71,14640.38,auto,60,2,45.0,1,1,consistent,0.778,2133.98,1
54,not_specified,83302.92,6941.91,contract,0.0,18468.28,3120.11,9087.44,12951.26,debt_consolidation,48,3,31.5,1,2,consistent,0.718,13664.84,0
42,male,129694.28,10807.86,employed,11.0,27709.08,6222.64,7404.53,500.0,medical,72,2,21.1,0,2,consistent,0.695,11578.91,1
41,female,52221.29,4351.77,self_employed,9.1,0.0,3075.76,8158.54,32123.51,debt_consolidation,12,2,18.7,1,1,consistent,0.483,0.0,1
35,female,50089.87,4174.16,employed,1.3,29493.65,3776.52,960.76,5713.55,medical,12,2,10.0,0,1,consistent,0.79,26274.23,0
27,female,81993.11,6832.76,employed,5.5,11318.38,4969.01,6633.8,18867.96,auto,36,0,4.5,0,1,consistent,0.137,6768.36,1
49,male,83296.71,6941.39,self_employed,9.6,0.0,2493.57,630.26,1359.53,auto,36,4,30.7,0,2,consistent,0.236,0.0,1
48,female,48087.73,4007.31,employed,7.2,0.0,3012.92,2182.99,23827.87,medical,48,3,25.4,0,1,consistent,0.313,0.0,1
21,male,51517.77,4293.15,employed,6.1,0.0,2116.49,2857.43,8360.64,auto,60,4,3.2,0,2,minor_delays,0.15,0.0,1
40,female,76069.4,6339.12,self_employed,9.9,12763.54,5333.93,2538.73,4504.42,home,24,4,24.0,0,0,minor_delays,0.283,3178.34,1
34,female,40482.81,3373.57,employed,2.6,12209.22,1918.94,527.9,19137.78,debt_consolidation,60,1,12.2,0,1,consistent,0.486,5385.53,1
29,male,51326.12,4277.18,employed,5.6,20598.41,1983.67,3786.87,9291.92,business,12,5,6.6,0,1,minor_delays,0.033,6792.54,1
54,male,64329.41,5360.78,contract,5.4,6406.15,3306.16,4787.78,10684.25,medical,48,1,33.3,0,2,irregular,0.323,5417.05,0
46,male,87894.41,7324.53,employed,4.4,0.0,3629.03,14392.44,18889.69,auto,36,1,22.8,1,1,minor_delays,0.892,0.0,1
51,female,46280.44,3856.7,employed,3.9,8042.96,1868.26,13769.52,25799.88,home,48,3,30.2,0,1,minor_delays,0.323,4602.24,1
55,female,14098.0,1174.83,employed,5.8,13403.32,795.08,21275.5,7997.59,personal,24,4,35.0,0,0,minor_delays,0.471,7964.79,0
68,female,12168.47,1014.04,employed,5.6,15769.27,798.44,21719.6,6096.88,business,60,2,45.0,0,1,consistent,0.817,13424.99,0
59,female,29255.26,2437.94,employed,1.3,3530.02,2013.55,8798.81,17258.32,auto,60,5,41.1,0,0,poor,0.457,2552.97,1
50,female,27857.64,2321.47,contract,8.7,23817.36,1338.73,29738.7,22931.78,education,36,1,30.6,0,1,consistent,0.196,7464.18,0
63,male,57980.12,4831.68,contract,1.6,5543.24,1875.07,2773.73,33090.31,home,36,2,35.2,0,0,consistent,0.742,4802.5,1
43,male,31089.12,2590.76,employed,4.6,2563.39,1621.47,3049.23,5215.37,education,48,2,19.3,0,0,consistent,0.434,1537.9,1
68,not_specified,43728.37,3644.03,employed,4.3,6491.3,2176.42,1171.29,13502.36,home,48,4,45.0,0,0,consistent,0.162,1392.15,1
57,male,41873.77,3489.48,retired,6.9,25898.08,1613.11,312.68,29933.65,debt_consolidation,36,2,42.2,1,0,minor_delays,0.432,8736.77,1
52,male,50546.8,4212.23,contract,0.0,11406.44,3625.9,651.68,38704.04,debt_consolidation,48,2,32.1,0,0,consistent,0.108,8643.59,1
64,female,96385.11,8032.09,employed,9.1,4665.84,7271.17,849.75,6076.0,medical,60,3,40.4,0,0,poor,0.078,1350.46,0
45,male,79210.64,6600.89,self_employed,2.8,24113.29,2505.01,28529.96,8873.07,education,48,2,23.7,0,1,minor_delays,0.505,19192.0,1
55,female,62419.36,5201.61,unemployed,10.4,38712.98,4179.89,5877.7,21192.1,debt_consolidation,24,1,33.5,1,3,irregular,0.205,29051.29,1
34,female,50013.32,4167.78,unemployed,3.6,15516.19,2992.71,2333.1,10644.83,debt_consolidation,60,1,16.3,0,0,minor_delays,0.727,3486.17,0
67,female,50735.95,4228.0,employed,5.3,27806.11,2109.85,2812.1,8648.45,debt_consolidation,24,1,42.3,0,1,minor_delays,0.416,12004.79,0
50,male,70521.41,5876.78,self_employed,13.2,25432.94,4184.5,1465.02,19689.18,home,24,3,26.7,0,1,poor,0.292,14110.56,1
58,male,77188.4,6432.37,self_employed,4.4,5732.32,2722.99,4523.86,34043.62,business,72,2,38.5,1,0,poor,0.672,1451.52,1
43,female,38401.94,3200.16,self_employed,10.5,13319.61,1246.66,3959.31,2595.69,business,24,0,23.1,1,0,minor_delays,0.23,8068.09,1
62,male,62948.5,5245.71,unemployed,5.7,0.0,4806.58,17444.51,33481.68,debt_consolidation,24,3,42.9,0,1,consistent,0.353,0.0,1
24,male,12000.0,1000.0,employed,7.2,10540.69,712.73,30096.24,10677.54,auto,36,3,6.1,0,2,consistent,0.546,6536.27,0
26,male,67504.56,5625.38,employed,5.8,5485.72,2780.83,2458.37,20803.71,auto,60,3,7.2,0,0,consistent,0.615,2993.01,0
45,female,81815.88,6817.99,self_employed,8.9,8165.37,4135.24,11878.18,34499.36,debt_consolidation,12,5,26.8,1,1,consistent,0.717,6587.77,1
56,male,54718.22,4559.85,unemployed,2.8,4001.26,4065.34,7014.47,20578.56,business,36,3,33.7,0,1,consistent,0.665,3500.22,1
59,female,109229.7,9102.48,student,1.6,9554.84,5462.15,8521.07,13727.6,auto,12,2,35.5,0,2,consistent,0.206,7938.47,1
42,female,39087.8,3257.32,employed,2.9,19386.79,2811.89,4244.36,24899.93,education,36,2,21.0,0,2,minor_delays,0.288,4378.87,0
52,female,67653.45,5637.79,student,5.9,11566.1,4765.18,15150.91,15095.17,business,36,2,33.0,0,0,irregular,0.3,3119.83,1
47,female,61068.56,5089.05,employed,4.6,0.0,2779.48,12644.55,22734.86,medical,24,1,22.8,0,1,consistent,0.743,0.0,0
67,female,59392.26,4949.36,retired,8.3,4046.55,3695.81,7194.71,14748.51,business,60,0,44.5,0,0,irregular,0.626,1451.46,1
52,female,59027.62,4918.97,contract,10.7,0.0,3573.55,6621.33,26472.68,education,48,0,27.7,0,1,irregular,0.463,0.0,1
41,female,64784.73,5398.73,employed,1.6,15928.72,4262.79,1083.48,1663.45,auto,60,0,24.7,0,2,minor_delays,0.103,12535.2,1
67,male,84046.93,7003.91,employed,2.6,19039.81,3912.24,2163.13,5851.26,debt_consolidation,60,1,42.8,0,0,irregular,0.283,16315.57,1
26,male,97821.14,8151.76,employed,0.0,16078.58,3095.83,2230.09,1501.79,debt_consolidation,60,1,6.7,0,0,irregular,0.835,6970.43,0
68,male,61941.49,5161.79,employed,13.6,3551.15,2309.86,354.53,16379.28,auto,48,1,45.0,0,1,consistent,0.657,2819.95,1
28,female,83198.22,6933.18,employed,6.7,15962.25,4863.18,3696.6,500.0,education,36,3,8.9,0,2,consistent,0.27,8823.95,1
34,male,43754.06,3646.17,student,7.4,7358.63,2887.06,6840.01,9389.85,auto,60,2,16.1,1,1,consistent,0.074,4864.17,0
60,male,81914.84,6826.24,employed,0.1,0.0,5330.93,12551.62,4817.41,debt_consolidation,36,0,40.7,0,0,consistent,0.255,0.0,1
56,female,42188.22,3515.69,retired,5.5,21903.16,2400.15,122.92,33276.44,debt_consolidation,36,1,34.5,1,1,poor,0.151,5351.98,0
67,female,90357.16,7529.76,employed,7.5,22816.33,2999.2,5836.68,6102.52,auto,36,1,44.0,0,0,consistent,0.38,17027.42,1
56,female,119476.66,9956.39,self_employed,4.5,24386.75,3582.85,20961.25,2848.0,home,36,3,39.2,0,1,consistent,0.394,15093.31,1
51,female,58825.82,4902.15,self_employed,9.8,5699.82,3901.23,2930.54,19731.72,business,36,1,32.3,1,1,irregular,0.354,4427.16,1
37,male,12000.0,1000.0,employed,14.7,27152.35,663.14,822.7,35555.03,debt_consolidation,60,1,14.5,0,1,minor_delays,0.489,7631.12,0
21,female,47750.1,3979.18,employed,1.7,7077.01,3168.0,11572.34,15723.26,home,36,2,0.0,0,0,consistent,0.219,2266.87,1
26,female,94028.75,7835.73,contract,1.4,20842.02,3469.58,4138.64,16574.09,auto,36,2,10.5,0,0,minor_delays,0.532,5087.37,1
35,male,76380.0,6365.0,employed,2.0,6869.05,3705.9,8136.45,31198.33,personal,24,0,14.8,0,2,consistent,0.47,4499.84,0
22,male,68471.75,5705.98,employed,11.9,10312.21,4986.61,2957.86,26660.52,personal,60,2,0.0,0,0,consistent,0.34,6506.05,1
45,male,88225.38,7352.11,contract,9.7,0.0,3292.36,6108.45,21679.56,home,36,0,21.2,0,1,irregular,0.846,0.0,1
58,male,74595.79,6216.32,employed,5.0,9377.04,2393.72,23483.67,10594.25,home,36,2,39.9,0,0,minor_delays,0.204,2763.42,1
67,male,93660.85,7805.07,employed,5.6,14093.08,5638.98,3188.33,22015.54,personal,60,2,45.0,0,1,irregular,0.661,3053.9,1
44,female,85905.02,7158.75,employed,2.2,8079.4,4931.56,10963.32,2031.37,medical,60,3,25.0,0,0,consistent,0.239,3080.5,1
63,male,101564.21,8463.68,self_employed,9.1,34074.26,7555.17,7607.59,10139.57,business,36,0,42.5,1,1,consistent,0.267,6881.79,1
68,not_specified,71328.7,5944.06,unemployed,4.0,0.0,5151.64,13177.65,32746.09,business,48,4,45.0,0,2,minor_delays,0.26,0.0,1
62,male,85536.74,7128.06,employed,4.5,6237.03,5539.75,12697.63,31321.92,business,36,0,44.8,0,2,consistent,0.446,1990.48,1
43,female,54014.7,4501.22,employed,7.9,2141.53,1624.58,6935.21,21812.33,business,60,1,25.4,0,1,irregular,0.458,826.3,1
36,male,46362.02,3863.5,employed,4.7,6234.68,2410.13,20899.92,500.0,medical,36,1,11.0,0,1,consistent,0.56,4732.13,0
67,female,106375.96,8864.66,unemployed,4.6,25376.96,7630.51,323.13,3709.56,business,48,2,45.0,1,1,irregular,0.188,22749.62,1
32,male,67621.32,5635.11,student,5.5,30736.38,3365.18,617.93,9525.8,business,24,2,9.8,0,1,consistent,0.457,19498.65,0
40,male,82926.89,6910.57,employed,8.7,4590.49,6208.62,774.18,15111.31,personal,48,4,19.7,0,1,poor,0.219,1732.1,1
24,female,65217.24,5434.77,employed,12.1,4323.91,3923.46,6925.96,3245.48,personal,36,2,1.5,0,0,irregular,0.027,2235.64,1
59,female,46750.59,3895.88,self_employed,7.8,0.0,1606.63,1045.92,14290.55,home,36,2,39.5,0,0,irregular,0.397,0.0,1
52,male,62285.56,5190.46,self_employed,8.7,28675.42,3323.38,5853.26,36440.25,personal,48,2,33.0,0,2,minor_delays,0.555,7923.29,1
25,female,99335.84,8277.99,self_employed,4.7,26452.05,6179.53,7375.82,21409.19,home,60,0,4.7,0,1,consistent,0.457,18429.55,1
31,female,76436.24,6369.69,employed,2.7,11728.22,2466.73,6720.79,19407.09,debt_consolidation,36,2,9.0,0,0,consistent,0.841,9155.53,0
47,male,17501.7,1458.47,employed,8.1,0.0,796.98,3930.25,5806.89,debt_consolidation,60,2,28.0,1,0,minor_delays,0.515,0.0,1
46,male,56403.64,4700.3,employed,6.2,0.0,3566.29,6146.21,500.0,debt_consolidation,24,5,22.4,0,0,consistent,0.211,0.0,1
59,male,108339.64,9028.3,contract,0.0,15047.55,3968.22,9012.65,3489.84,home,36,0,34.9,0,1,consistent,0.308,9754.71,1
33,male,56441.28,4703.44,employed,4.2,19592.06,2580.09,15933.73,500.0,personal,24,2,10.0,0,0,consistent,0.201,10908.24,1
65,male,15187.55,1265.63,employed,5.2,0.0,940.68,1143.96,17825.39,home,36,3,43.0,0,0,consistent,0.275,0.0,0
42,female,111219.27,9268.27,unemployed,3.5,9144.28,7341.01,13846.07,21222.74,personal,60,6,21.8,0,0,minor_delays,0.201,8135.27,1
60,female,79742.21,6645.18,student,11.4,32419.55,4289.81,6329.05,6381.81,debt_consolidation,12,1,36.6,0,1,minor_delays,0.234,12111.15,1
32,male,60179.67,5014.97,contract,7.4,10389.89,4490.45,791.45,18627.11,debt_consolidation,60,3,4.4,0,0,minor_delays,0.539,3595.66,1
22,male,52343.14,4361.93,self_employed,11.0,30875.66,3827.32,4246.74,33158.93,debt_consolidation,36,1,4.4,0,0,minor_delays,0.27,8551.35,1
23,male,90141.15,7511.76,self_employed,6.6,20788.55,4656.23,4789.98,38534.67,auto,48,1,3.2,0,2,irregular,0.174,13747.37,1
38,male,47908.43,3992.37,employed,5.8,0.0,1762.06,5759.09,25474.51,personal,24,3,19.7,1,2,consistent,0.603,0.0,0
66,male,91854.67,7654.56,employed,1.8,9487.94,6051.47,5994.1,15076.75,debt_consolidation,48,3,45.0,1,0,consistent,0.194,2788.63,1
23,female,76097.08,6341.42,self_employed,5.5,11455.67,3098.35,20628.39,25119.15,home,60,0,0.0,0,1,consistent,0.812,3128.46,1
38,male,68361.73,5696.81,employed,5.6,1569.86,4730.68,5519.62,31869.91,medical,36,1,15.7,1,1,consistent,0.621,1307.85,0
26,female,65783.38,5481.95,employed,0.0,1361.58,3753.34,6580.66,500.0,auto,36,5,0.5,1,0,consistent,0.263,901.89,1
65,male,57450.83,4787.57,self_employed,3.3,31081.22,2751.1,1218.22,33302.76,home,60,5,44.5,1,1,consistent,0.569,27299.12,0
53,female,89186.64,7432.22,employed,4.2,1271.67,4958.32,5181.55,11009.54,auto,48,3,29.1,0,0,minor_delays,0.276,886.62,1
57,female,39501.09,3291.76,self_employed,7.2,25941.23,2151.82,15983.79,11115.41,education,24,1,35.7,0,0,irregular,0.281,19201.54,1
55,female,19829.95,1652.5,employed,7.3,7762.19,1449.4,6305.43,13095.79,home,48,3,33.9,0,1,minor_delays,0.319,4061.21,1
52,male,77975.44,6497.95,student,3.2,12692.33,3068.25,3170.39,20520.93,business,48,6,32.2,0,0,consistent,0.416,4655.78,1
58,male,78412.2,6534.35,retired,7.4,19742.13,5744.02,1509.21,4776.2,education,48,3,36.2,0,1,consistent,0.433,11813.66,1
21,male,74486.27,6207.19,self_employed,4.8,5817.3,2283.4,2782.19,13867.05,debt_consolidation,36,3,0.0,0,0,consistent,0.263,2622.14,1
62,male,72600.94,6050.08,employed,0.0,19814.85,4770.16,2990.91,22778.05,education,36,2,37.3,0,1,consistent,0.477,10478.25,1
56,female,53665.95,4472.16,employed,3.6,0.0,3909.61,1000.73,19404.28,personal,72,2,35.0,0,0,consistent,0.082,0.0,1
56,female,82474.55,6872.88,student,9.8,18276.49,3949.22,30707.2,21188.96,debt_consolidation,36,2,36.5,0,0,consistent,0.355,3995.23,1
39,female,60815.49,5067.96,employed,0.0,0.0,1984.86,3378.93,13436.34,debt_consolidation,36,1,17.6,0,0,consistent,0.45,0.0,1
59,female,49335.05,4111.25,contract,6.0,10277.84,3324.61,1821.16,24630.81,business,72,1,39.3,0,0,consistent,0.304,4635.04,1
39,male,53890.83,4490.9,employed,11.8,23250.92,3729.39,3201.6,28620.58,business,36,3,19.0,0,1,consistent,0.587,17867.71,1
23,male,114536.63,9544.72,student,2.5,20467.54,5170.06,1662.56,27960.83,auto,36,2,0.0,0,0,consistent,0.737,4900.14,1
64,female,16890.62,1407.55,employed,5.5,0.0,908.71,12902.36,21703.71,personal,48,1,45.0,0,0,consistent,0.76,0.0,0
32,male,74994.49,6249.54,self_employed,0.3,0.0,5070.86,3815.02,27327.82,debt_consolidation,48,4,11.9,0,2,consistent,0.357,0.0,0
25,male,18343.13,1528.59,employed,12.0,4735.94,702.33,28.39,26581.67,debt_consolidation,72,2,4.3,0,1,consistent,0.64,1256.48,0
50,female,59185.93,4932.16,retired,5.2,15234.59,3494.52,4461.33,46441.59,debt_consolidation,48,3,32.6,0,0,consistent,0.466,7458.65,0
32,male,50725.69,4227.14,self_employed,5.7,0.0,2517.09,8950.84,30398.74,education,36,1,7.0,0,0,minor_delays,0.327,0.0,0
62,female,12000.0,1000.0,self_employed,10.9,12841.32,500.0,1.64,16023.81,debt_consolidation,36,2,41.6,0,1,consistent,0.165,9339.69,0
42,female,72114.98,6009.58,employed,8.1,16737.15,4951.42,3688.96,6971.53,business,24,3,20.4,1,0,consistent,0.268,5128.5,1
21,female,52119.01,4343.25,self_employed,2.0,9603.55,2323.93,8598.69,14127.46,personal,60,4,0.0,1,3,minor_delays,0.624,7502.94,0
66,female,12000.0,1000.0,employed,2.9,19303.85,882.62,1071.64,13350.37,debt_consolidation,24,5,45.0,0,1,minor_delays,0.388,4508.11,0
45,female,83828.77,6985.73,employed,7.5,15684.69,4710.42,2313.56,22625.65,debt_consolidation,36,2,23.8,0,0,minor_delays,0.242,8799.04,1
33,female,99310.16,8275.85,employed,3.0,6500.15,5323.61,7282.55,9297.18,medical,36,2,15.0,0,1,consistent,0.317,4253.06,1
53,female,100743.23,8395.27,employed,0.0,0.0,4963.99,29993.17,30113.95,debt_consolidation,24,2,35.9,0,1,poor,0.46,0.0,1
46,male,71332.87,5944.41,contract,5.3,14600.96,3438.14,2904.21,1714.81,auto,36,1,22.5,0,0,consistent,0.475,3626.75,0
22,female,63197.51,5266.46,employed,0.0,1563.1,4298.7,17979.64,500.0,auto,48,1,6.3,0,0,poor,0.321,611.88,1
57,female,96532.07,8044.34,student,12.0,6059.89,5922.05,16281.61,15513.72,business,12,4,36.0,1,1,minor_delays,0.739,2830.07,0
40,male,105741.97,8811.83,employed,6.2,18749.49,6970.19,4484.02,7731.85,debt_consolidation,72,4,20.1,0,1,consistent,0.329,8297.72,1
54,male,91472.79,7622.73,employed,1.9,30008.0,4497.55,4511.77,3159.43,medical,60,1,27.0,0,1,consistent,0.367,26404.57,1
63,male,37520.02,3126.67,self_employed,2.7,12543.28,1560.27,791.13,9992.23,education,24,2,41.5,1,1,consistent,0.666,3974.46,0
50,male,67234.97,5602.91,retired,0.0,19648.78,2238.44,1409.71,8623.66,debt_consolidation,60,2,23.1,1,0,minor_delays,0.089,16181.06,0
53,male,73427.42,6118.95,employed,1.1,0.0,4850.46,534.88,17111.48,debt_consolidation,36,2,30.7,0,0,poor,0.225,0.0,1
33,female,14949.96,1245.83,self_employed,9.6,15946.28,730.94,32470.61,10174.82,business,12,2,13.5,0,0,irregular,0.514,5149.29,0
32,male,74203.38,6183.61,contract,14.4,12281.13,3959.11,10789.85,11069.52,auto,36,3,8.4,0,1,poor,0.502,8977.65,1
40,female,121097.79,10091.48,contract,8.4,27750.73,6231.75,3422.72,16946.48,auto,60,1,23.3,1,1,consistent,0.168,24940.48,1
61,male,78638.34,6553.2,unemployed,5.1,6514.5,3904.06,3438.52,28156.66,debt_consolidation,48,3,43.1,0,3,consistent,0.33,2433.15,1
46,female,100308.74,8359.06,employed,3.8,10100.35,6184.22,8399.3,33178.2,business,36,2,23.8,0,1,minor_delays,0.192,5574.54,0
37,not_specified,66755.78,5562.98,student,1.7,25705.77,3877.28,25292.84,18625.44,debt_consolidation,48,1,15.6,1,0,consistent,0.795,18795.67,0
58,male,60096.32,5008.03,unemployed,13.7,11895.59,4527.61,6615.4,19480.97,home,48,1,34.4,1,1,consistent,0.137,8497.54,1
61,female,71913.06,5992.75,employed,4.7,0.0,2571.94,2840.21,14984.94,business,48,1,42.8,0,1,consistent,0.45,0.0,1
64,female,40788.51,3399.04,self_employed,14.0,43619.6,2300.83,9912.14,22293.73,personal,36,3,42.8,0,0,consistent,0.633,19356.98,0
35,female,36941.85,3078.49,employed,11.1,56.89,1188.44,3089.19,21292.41,debt_consolidation,60,2,11.1,0,1,minor_delays,0.464,16.18,1
55,female,94923.92,7910.33,employed,0.0,12223.6,6411.43,24629.83,31584.32,business,48,0,35.6,0,2,consistent,0.752,8232.54,1
49,female,97680.9,8140.08,employed,2.8,17160.26,5708.61,3834.29,500.0,debt_consolidation,24,2,31.0,0,0,consistent,0.463,7510.93,1
42,male,36231.24,3019.27,employed,2.8,16211.41,1793.98,1101.32,14420.52,debt_consolidation,60,2,21.2,0,0,consistent,0.703,10573.82,0
40,female,87167.97,7264.0,self_employed,5.2,10723.08,5864.04,5520.63,20731.09,debt_consolidation,36,3,16.9,0,1,minor_delays,0.495,5698.17,1
26,female,59739.04,4978.25,student,5.3,10782.88,3033.51,8688.26,16710.88,medical,48,0,8.1,0,1,consistent,0.607,5618.15,1
34,female,70835.02,5902.92,employed,17.5,10180.82,2832.45,5569.18,6669.1,home,48,3,11.7,0,0,consistent,0.421,8318.32,1
47,female,73965.68,6163.81,employed,1.2,0.0,3817.4,4122.87,2706.97,medical,36,1,24.8,0,0,consistent,0.504,0.0,0
63,female,87853.11,7321.09,employed,6.4,38802.63,2857.97,4513.2,25869.55,debt_consolidation,24,2,42.2,0,0,consistent,0.341,24723.27,0
62,male,64150.67,5345.89,contract,8.0,10360.11,4606.99,5370.54,8673.82,business,48,4,39.8,0,1,minor_delays,0.687,9112.71,1
30,female,98664.21,8222.02,employed,5.5,20163.17,6303.38,10162.53,500.0,auto,60,0,12.5,0,0,consistent,0.293,7839.87,1
53,male,70044.73,5837.06,contract,5.9,8984.17,4572.64,286.6,26422.3,business,60,2,28.5,1,1,minor_delays,0.147,6126.84,1
25,male,78228.79,6519.07,employed,1.3,8742.84,5531.17,10285.26,22048.81,personal,48,2,3.2,0,3,minor_delays,0.705,3924.37,0
53,not_specified,40335.17,3361.26,self_employed,5.9,7534.68,2693.03,1425.61,15725.38,personal,36,3,30.9,1,0,consistent,0.477,4665.81,0
37,female,118125.13,9843.76,self_employed,7.5,0.0,5868.42,567.47,6939.93,medical,36,3,18.0,0,0,minor_delays,0.34,0.0,1
42,female,74215.45,6184.62,contract,6.8,11072.55,2582.84,637.45,15752.14,debt_consolidation,48,3,23.9,1,0,consistent,0.237,9366.82,0
55,female,80537.93,6711.49,self_employed,7.8,8115.91,3777.35,6468.12,30371.46,education,36,3,32.9,0,2,consistent,0.345,4049.6,1
41,female,20187.17,1682.26,unemployed,11.2,27058.29,1484.48,20191.88,500.0,personal,48,1,23.3,0,0,minor_delays,0.517,21172.12,1
59,male,40609.75,3384.15,employed,9.2,0.0,3015.21,763.85,500.0,home,36,1,42.0,1,0,consistent,0.591,0.0,1
46,male,94184.98,7848.75,employed,5.8,6074.23,6182.35,7221.95,10094.58,home,12,1,26.2,0,1,minor_delays,0.651,4025.51,0
68,not_specified,69459.17,5788.26,employed,0.8,2218.71,2700.37,22881.27,16706.92,auto,48,1,45.0,0,0,consistent,0.222,1806.8,1
51,male,12241.73,1020.14,retired,3.1,30310.36,500.0,13863.29,11540.79,business,48,0,31.7,0,0,consistent,0.446,20604.85,0
35,female,88995.54,7416.29,employed,4.6,2567.1,6314.75,2812.35,24070.98,debt_consolidation,48,1,14.4,0,1,consistent,0.12,1781.6,1
58,female,47861.65,3988.47,self_employed,6.5,19747.6,1718.6,12858.22,28977.17,debt_consolidation,36,3,35.0,1,1,consistent,0.319,15528.3,0
40,female,98694.24,8224.52,unemployed,3.6,24641.94,5617.0,1801.23,20066.46,home,60,0,17.9,1,3,consistent,0.479,9282.96,0
46,male,59716.27,4976.36,employed,1.8,11246.53,2814.64,23306.24,23164.76,business,36,3,22.6,0,0,consistent,0.281,8129.29,1
27,male,67322.37,5610.2,employed,0.7,0.0,2929.34,89.92,19993.1,debt_consolidation,60,1,8.2,1,0,minor_delays,0.932,0.0,1
26,female,92652.82,7721.07,employed,0.0,0.0,5683.54,5312.31,17104.59,personal,48,1,3.4,0,0,irregular,0.113,0.0,1
48,male,38665.18,3222.1,employed,4.6,23317.17,2890.08,1858.42,2770.85,auto,36,1,23.9,0,0,irregular,0.269,20578.89,1
29,male,36185.98,3015.5,self_employed,0.0,0.0,2392.05,6618.13,5692.09,debt_consolidation,48,1,8.3,0,1,poor,0.506,0.0,0
68,male,56891.04,4740.92,employed,1.5,17704.32,2973.09,162.16,2139.9,business,36,2,44.5,0,3,minor_delays,0.518,6451.37,0
62,female,83506.49,6958.87,employed,3.9,14372.19,4183.71,3213.79,15366.45,home,36,5,42.9,0,0,minor_delays,0.103,11317.9,1
54,male,27397.19,2283.1,employed,0.2,17525.59,1980.29,9592.24,19555.06,education,48,1,36.3,2,0,consistent,0.403,5776.18,0
56,male,18631.1,1552.59,employed,7.0,18659.02,1055.02,521.83,1058.11,medical,24,3,33.6,0,0,irregular,0.548,13466.05,1
49,female,83416.74,6951.4,employed,8.5,1795.95,4400.82,42229.1,17798.55,auto,60,2,26.1,0,1,consistent,0.532,1526.12,1
23,female,46322.56,3860.21,self_employed,3.3,1293.66,2853.53,6283.24,7372.62,debt_consolidation,36,3,1.7,0,0,minor_delays,0.298,1002.73,1
39,female,51802.12,4316.84,employed,3.8,21579.13,2094.44,549.36,5238.81,auto,36,2,16.8,0,1,minor_delays,0.602,13879.82,1
44,female,13722.93,1143.58,unemployed,7.6,5447.86,500.0,2457.81,10121.16,auto,60,2,25.4,0,2,poor,0.856,4610.02,0
64,male,44346.54,3695.54,employed,2.6,0.0,3094.7,12146.96,4674.76,home,36,0,40.9,0,1,consistent,0.595,0.0,1
31,male,61803.25,5150.27,employed,2.4,20785.06,3585.31,746.27,23673.25,education,72,2,4.4,0,0,consistent,0.325,5258.02,1
44,not_specified,86189.82,7182.49,employed,10.3,564.86,3188.88,10394.92,15151.95,debt_consolidation,36,3,22.0,0,1,consistent,0.941,403.57,1
37,female,41948.02,3495.67,employed,9.0,18605.63,1817.35,8144.66,25967.35,medical,36,2,22.6,0,3,minor_delays,0.17,13057.27,1
27,male,105091.78,8757.65,retired,7.9,29713.86,8006.79,1288.82,12121.54,auto,12,0,2.4,0,0,minor_delays,0.622,23942.34,0
25,female,44201.54,3683.46,self_employed,9.2,13201.15,2621.23,15577.23,12537.45,auto,12,1,4.3,0,0,consistent,0.159,6392.91,1
38,female,44239.61,3686.63,employed,0.0,24949.19,2627.04,15433.28,37607.21,debt_consolidation,24,3,18.5,0,0,irregular,0.165,7522.9,0
24,male,101971.3,8497.61,retired,10.9,14845.57,3323.7,2364.71,500.0,debt_consolidation,12,4,0.9,0,0,consistent,0.395,4036.05,1
24,not_specified,67497.96,5624.83,self_employed,7.1,32049.15,5075.43,7359.98,31129.29,auto,36,0,8.0,0,0,irregular,0.345,14158.57,0
37,not_specified,47647.36,3970.61,contract,9.5,254.71,3410.3,8008.5,35199.76,education,36,3,16.7,0,1,irregular,0.263,192.33,1
30,male,57966.54,4830.54,employed,7.0,12901.42,3198.96,3910.29,25423.99,personal,36,2,8.0,0,0,irregular,0.592,7288.76,1
47,male,97179.91,8098.33,employed,5.7,21077.94,4262.57,818.9,13364.82,debt_consolidation,36,5,21.3,0,1,minor_delays,0.31,6730.29,1
21,female,100121.27,8343.44,employed,4.4,10715.06,6239.99,6668.83,32695.92,personal,12,2,0.0,0,0,minor_delays,0.663,3956.78,0
35,male,40763.38,3396.95,employed,7.0,26826.63,2802.56,5238.11,13460.63,home,12,1,16.5,1,0,consistent,0.547,11908.01,0
42,female,60896.72,5074.73,retired,4.3,7815.53,4050.08,5304.73,9236.36,personal,24,0,20.5,0,0,consistent,0.093,4190.69,0
67,female,64344.08,5362.01,employed,9.0,37832.45,4862.89,2257.12,12729.05,debt_consolidation,36,3,45.0,0,0,consistent,0.226,29797.25,1
51,not_specified,36357.76,3029.81,employed,0.0,38466.37,2160.28,21.14,10727.87,auto,24,3,26.6,0,0,consistent,0.447,34413.23,0
63,female,60552.19,5046.02,self_employed,3.3,16384.86,2690.02,12833.51,6587.15,education,36,2,45.0,1,0,consistent,0.654,10150.1,1
37,male,62138.39,5178.2,self_employed,13.7,19631.21,3282.04,14526.62,29210.09,home,60,2,17.0,1,0,consistent,0.544,9274.33,0
42,female,91645.45,7637.12,employed,3.0,27300.06,6226.55,9964.25,8492.07,personal,36,1,22.5,0,0,consistent,0.271,8964.39,1
41,male,93393.05,7782.75,employed,4.5,0.0,3901.07,5540.54,16673.88,personal,24,5,23.0,0,1,minor_delays,0.342,0.0,1
63,male,53440.56,4453.38,employed,2.0,0.0,2146.1,5498.44,1118.51,home,48,1,45.0,0,0,consistent,0.268,0.0,1
67,female,56437.22,4703.1,employed,6.8,28077.03,3589.2,3876.31,17338.92,debt_consolidation,36,1,45.0,0,2,consistent,0.766,12041.07,0
67,female,79271.6,6605.97,contract,2.6,16287.86,3985.54,979.7,4284.81,debt_consolidation,12,3,43.6,0,0,minor_delays,0.24,6950.79,0
57,male,46785.1,3898.76,employed,4.8,10281.94,3179.22,22710.52,4014.66,debt_consolidation,60,4,34.1,0,0,irregular,0.356,8019.4,1
45,female,77304.64,6442.05,student,8.9,13133.48,2782.32,1979.13,15797.83,business,48,1,29.8,0,0,consistent,0.304,8694.03,1
46,female,59714.43,4976.2,employed,2.7,0.0,2693.85,469.82,28626.69,debt_consolidation,72,1,24.1,0,3,irregular,0.273,0.0,1
68,female,36795.64,3066.3,student,8.7,10713.25,1541.79,2105.03,21844.55,auto,60,4,45.0,0,3,consistent,0.38,6325.12,1
34,female,37122.25,3093.52,unemployed,8.8,3963.44,2313.29,3231.04,22600.32,debt_consolidation,48,2,9.6,0,0,minor_delays,0.337,2193.07,1
37,female,99623.53,8301.96,employed,9.7,24016.86,6498.92,3852.86,15570.91,medical,48,3,20.6,0,0,irregular,0.272,7734.93,1
64,female,57933.04,4827.75,contract,6.1,24940.37,2944.55,4610.32,13307.96,home,36,2,45.0,1,1,consistent,0.177,20182.66,1
39,female,104649.21,8720.77,employed,18.5,19920.16,5428.47,12230.91,25702.55,business,60,0,16.3,1,3,poor,0.223,5252.94,1
32,not_specified,48645.46,4053.79,employed,9.7,17745.5,1723.91,27183.9,10805.05,auto,36,5,10.7,1,1,minor_delays,0.538,6195.28,1
47,female,69571.34,5797.61,self_employed,6.8,0.0,4348.45,8712.94,26178.78,home,36,2,26.1,0,1,poor,0.449,0.0,0
36,female,124209.59,10350.8,employed,2.0,20087.72,9477.41,25658.07,30595.42,education,12,3,13.0,0,2,consistent,0.185,10501.73,1
63,male,34507.94,2875.66,self_employed,5.1,20552.78,2281.59,1941.81,7744.75,debt_consolidation,48,4,39.6,0,1,consistent,0.439,12675.81,0
64,male,12656.82,1054.74,employed,11.2,27942.31,503.29,8859.75,9361.1,business,36,2,43.9,1,1,minor_delays,0.448,23577.41,0
35,male,95451.34,7954.28,employed,12.3,38418.52,5609.2,1651.59,10997.35,debt_consolidation,60,2,10.2,0,1,consistent,0.272,15375.03,1
46,female,40502.96,3375.25,employed,11.4,0.0,1748.8,9032.88,863.41,debt_consolidation,24,1,26.9,0,0,irregular,0.308,0.0,1
68,female,61461.63,5121.8,unemployed,8.6,8338.28,1880.73,1071.78,11836.57,personal,60,3,45.0,0,0,consistent,0.225,2375.59,1
56,not_specified,46766.13,3897.18,self_employed,0.5,4092.8,1763.47,1650.72,31315.95,debt_consolidation,12,1,35.8,0,0,consistent,0.465,987.77,1
31,male,68972.23,5747.69,contract,7.4,15070.09,2347.81,1512.36,5498.67,debt_consolidation,48,1,11.7,0,1,consistent,0.16,11355.73,1
49,female,37286.06,3107.17,contract,0.5,13160.82,1434.52,4604.1,31577.16,debt_consolidation,36,4,28.7,0,0,minor_delays,0.657,6846.64,0
50,male,57321.56,4776.8,contract,0.0,10191.02,3838.13,10474.21,12232.11,business,36,2,33.8,0,1,consistent,0.184,3863.01,0
52,male,73695.2,6141.27,employed,6.5,25331.25,3174.51,111.24,40254.39,education,36,1,35.9,1,1,consistent,0.263,17018.82,0
22,male,35783.97,2982.0,unemployed,7.6,0.0,2330.47,16736.56,9500.06,debt_consolidation,36,0,4.7,0,0,minor_delays,0.388,0.0,0
35,female,43797.82,3649.82,employed,9.1,506.54,3251.45,1041.82,15416.2,auto,24,1,16.4,0,0,minor_delays,0.282,433.6,1
62,not_specified,52968.05,4414.0,self_employed,7.5,709.3,2989.76,8113.6,6987.99,medical,60,6,37.2,0,0,consistent,0.224,340.18,1
32,male,24850.8,2070.9,contract,7.6,8676.07,1297.8,2999.93,9435.29,education,36,3,8.1,0,1,consistent,0.577,5922.24,1
35,male,51013.41,4251.12,student,1.6,0.0,3305.55,565.61,31719.97,education,48,2,14.4,0,0,minor_delays,0.127,0.0,1
36,male,65088.71,5424.06,employed,5.1,12417.14,2198.6,2440.57,22219.9,debt_consolidation,48,2,13.6,0,1,consistent,0.381,10006.19,1
29,male,51611.73,4300.98,employed,0.0,11014.12,2555.13,1098.01,28317.0,home,12,2,4.8,0,1,minor_delays,0.357,9208.75,0
28,male,54944.21,4578.68,employed,0.0,3561.82,2904.4,2322.48,2528.52,auto,60,3,6.1,0,1,consistent,0.406,2283.75,1
37,male,61482.56,5123.55,employed,8.5,23485.2,4220.26,45.29,24203.11,auto,60,3,16.6,1,1,minor_delays,0.436,15529.93,1
62,male,44950.67,3745.89,self_employed,2.5,12285.99,3049.54,11366.37,6314.12,education,60,1,40.5,0,0,consistent,0.14,8130.03,1
21,male,79967.63,6663.97,self_employed,9.0,25751.77,5554.49,11534.13,2289.5,personal,60,4,4.8,0,0,consistent,0.252,15814.01,1
34,male,99335.43,8277.95,employed,9.9,10659.4,6190.15,16694.74,19626.43,business,48,3,17.2,0,2,consistent,0.341,5405.89,1
23,female,49926.11,4160.51,employed,3.0,12709.66,2714.39,11475.6,19513.92,auto,72,2,5.3,0,1,consistent,0.353,9128.41,0
47,female,74615.15,6217.93,self_employed,7.9,6246.61,5110.46,33124.35,17586.8,auto,24,2,32.3,0,0,minor_delays,0.681,5519.73,0
33,female,55769.95,4647.5,employed,2.9,12915.44,3940.01,433.77,24893.14,debt_consolidation,12,3,17.2,0,1,consistent,0.485,9325.76,1
59,female,71502.67,5958.56,employed,0.0,21546.78,3717.4,395.62,26609.23,auto,48,3,38.5,0,1,consistent,0.372,8978.47,0
49,male,102710.27,8559.19,contract,6.0,8063.99,7804.5,953.81,33167.02,debt_consolidation,36,3,29.1,0,1,irregular,0.498,4437.66,1
58,male,75225.15,6268.76,employed,3.6,19220.94,5319.96,3557.81,3906.23,education,48,1,37.1,1,2,consistent,0.807,11877.45,1
51,female,15891.22,1324.27,unemployed,3.7,3247.04,848.81,8323.31,33522.18,education,36,1,35.1,0,0,minor_delays,0.382,836.27,1
42,male,73803.89,6150.32,self_employed,13.4,22108.61,2395.51,602.78,37705.43,personal,36,2,19.2,0,2,minor_delays,0.202,12035.8,1
62,female,94054.46,7837.87,employed,0.0,6041.13,3746.19,5926.95,12971.47,auto,60,1,44.9,0,1,irregular,0.746,1641.5,1
43,male,56238.5,4686.54,employed,7.0,23220.16,3714.31,13589.22,500.0,debt_consolidation,24,1,24.7,0,0,irregular,0.265,12942.01,1
66,male,87886.5,7323.88,employed,1.5,13731.72,3027.38,19702.14,1781.51,debt_consolidation,24,1,44.5,0,2,consistent,0.05,3582.44,1
68,female,44057.0,3671.42,student,9.1,31251.44,2268.15,2432.1,11919.63,personal,48,1,45.0,0,0,poor,0.62,14155.57,1
49,male,23375.98,1948.0,employed,6.7,0.0,1353.4,14119.57,39155.56,debt_consolidation,60,2,23.4,0,0,consistent,0.944,0.0,0
53,female,65670.39,5472.53,self_employed,7.0,0.0,4655.25,4726.64,17187.88,home,60,3,30.4,0,3,consistent,0.344,0.0,1
33,female,16331.61,1360.97,contract,1.7,5605.39,1133.49,881.56,10210.97,debt_consolidation,36,2,16.6,0,0,consistent,0.378,2197.25,0
60,female,55765.95,4647.16,employed,2.4,0.0,3650.99,978.87,9460.58,education,60,1,34.6,0,1,consistent,0.458,0.0,1
53,female,95457.9,7954.82,employed,9.2,0.0,4632.78,2817.6,2450.05,home,48,0,38.2,0,0,minor_delays,0.553,0.0,1
64,male,12346.16,1028.85,employed,12.6,20458.61,500.0,3428.51,26620.34,home,60,0,40.9,1,0,irregular,0.519,17917.85,0
33,not_specified,28733.08,2394.42,contract,7.4,12949.85,1752.0,1508.9,15987.24,education,12,3,7.9,0,1,consistent,0.252,8389.23,1
58,male,35167.16,2930.6,retired,1.9,7243.83,1328.54,5731.13,40098.12,auto,36,0,37.5,0,1,consistent,0.729,5980.84,0
43,female,60353.68,5029.47,retired,6.9,8356.45,3369.49,6733.08,23910.3,auto,36,3,23.4,0,1,minor_delays,0.316,2622.43,1
29,female,52491.36,4374.28,employed,15.2,5833.15,3976.16,12364.0,26129.3,debt_consolidation,36,1,8.4,0,0,minor_delays,0.083,2345.04,1
29,female,98377.55,8198.13,self_employed,5.9,32804.43,5440.91,1464.74,14336.85,debt_consolidation,24,1,11.3,0,1,irregular,0.779,26930.54,0
47,female,86813.06,7234.42,self_employed,11.3,4173.93,5194.08,10160.76,4998.67,debt_consolidation,36,1,28.2,0,0,consistent,0.258,849.91,1
36,male,74877.1,6239.76,unemployed,2.5,0.0,4593.82,5125.98,7390.61,personal,48,5,12.2,0,1,consistent,0.444,0.0,1
25,female,65786.39,5482.2,self_employed,5.3,22552.61,4513.61,7983.73,1938.28,debt_consolidation,36,4,1.1,0,2,consistent,0.794,11660.17,0
41,female,72223.97,6018.66,employed,8.0,10410.93,3598.79,6300.81,27014.34,home,36,5,20.7,0,1,consistent,0.267,8978.16,1
52,male,39588.46,3299.04,employed,7.1,37465.28,2090.21,7396.15,12765.93,debt_consolidation,36,2,35.5,0,1,irregular,0.654,19274.17,0
36,male,84287.47,7023.96,student,2.4,6685.53,3162.92,7051.08,27477.51,auto,60,3,12.1,0,3,consistent,0.55,5578.62,1
66,not_specified,33086.85,2757.24,self_employed,2.3,23151.81,1931.08,22957.0,18495.06,debt_consolidation,48,1,43.3,0,1,consistent,0.509,14116.23,0
58,not_specified,83719.8,6976.65,employed,9.5,25986.37,3617.97,3653.39,13779.0,education,36,0,40.1,0,0,consistent,0.233,10653.92,1
45,female,92839.71,7736.64,unemployed,10.3,6743.97,4946.39,1114.23,4134.37,medical,72,2,30.1,0,1,minor_delays,0.377,2048.73,1
65,male,67482.48,5623.54,self_employed,11.5,4084.95,4425.38,952.3,20317.96,auto,48,1,44.5,0,3,consistent,0.401,2218.7,1
41,not_specified,57418.46,4784.87,employed,12.7,21896.4,1722.62,5351.44,14595.04,medical,36,1,22.7,0,2,consistent,0.342,4649.71,1
27,male,72408.06,6034.0,employed,6.0,19898.7,4051.42,2434.47,26924.02,debt_consolidation,48,1,9.0,0,0,irregular,0.343,8648.9,1
22,male,12000.0,1000.0,employed,4.3,0.0,500.0,2902.38,9130.48,auto,72,8,3.1,0,1,minor_delays,0.452,0.0,0
66,male,69858.71,5821.56,self_employed,10.9,0.0,2964.62,249.21,23777.19,debt_consolidation,12,2,42.3,0,1,irregular,0.25,0.0,1
67,female,59052.8,4921.07,employed,8.4,0.0,1819.74,4715.98,35049.33,home,48,5,45.0,0,1,consistent,0.284,0.0,1
56,male,60683.67,5056.97,retired,1.6,20144.64,2258.41,12387.47,19998.12,auto,24,1,36.8,2,2,consistent,0.513,17622.11,0
25,female,80369.85,6697.49,employed,1.4,9858.07,6110.64,3463.89,25638.21,business,60,0,5.8,0,0,minor_delays,0.482,2994.58,1
35,male,60056.01,5004.67,employed,7.5,11054.19,4600.08,2691.49,23290.79,education,48,1,14.7,0,1,consistent,0.683,9929.38,0
22,male,32354.62,2696.22,employed,4.8,0.0,2049.97,2329.71,37879.01,personal,60,3,3.8,0,2,poor,0.08,0.0,1
23,male,58323.53,4860.29,employed,5.4,0.0,3396.17,3505.22,21087.16,home,48,4,0.0,0,0,poor,0.484,0.0,1
32,male,63756.44,5313.04,contract,9.8,7264.49,4212.67,24581.61,24699.55,business,12,3,16.6,0,2,consistent,0.405,4678.54,0
48,female,64988.28,5415.69,contract,8.5,4932.09,4663.1,2960.82,16600.96,medical,36,2,25.0,1,1,poor,0.519,1728.46,1
24,female,66209.9,5517.49,unemployed,10.8,14414.03,3564.32,46.52,8481.73,home,60,2,4.7,0,1,irregular,0.133,10456.76,1
68,male,89023.6,7418.63,self_employed,0.0,20001.62,2745.72,10656.27,3710.07,auto,36,3,45.0,0,0,minor_delays,0.751,15875.94,1
42,female,33763.1,2813.59,employed,6.5,40235.35,2122.45,89.15,30936.16,business,24,1,26.9,1,0,consistent,0.359,29225.09,0
33,male,66568.21,5547.35,employed,8.3,12759.8,5054.88,8519.11,5908.05,debt_consolidation,48,3,10.6,1,2,consistent,0.45,10357.91,0
45,male,95538.17,7961.51,self_employed,0.0,26384.83,3957.59,8151.94,25204.51,business,36,1,27.5,0,0,consistent,0.134,6450.28,1
58,female,16900.1,1408.34,self_employed,2.9,3040.33,864.97,15671.2,21576.18,auto,12,1,37.5,0,1,irregular,0.089,2655.32,1
36,male,66670.81,5555.9,employed,2.1,0.0,3088.67,1037.83,27095.64,home,36,4,15.2,0,1,consistent,0.402,0.0,1
23,female,46780.16,3898.35,unemployed,5.6,8772.38,2232.06,3815.75,11338.17,personal,36,2,4.5,0,2,irregular,0.485,7262.61,1
23,male,52361.53,4363.46,unemployed,12.0,0.0,3321.46,23418.93,8301.97,debt_consolidation,48,7,3.8,0,0,minor_delays,0.127,0.0,1
61,female,38475.0,3206.25,contract,13.6,13176.08,1813.75,3432.49,21162.09,personal,36,4,42.9,0,0,irregular,0.22,10444.4,1
26,female,57591.68,4799.31,employed,2.2,3634.55,4254.19,1333.83,13784.24,business,36,4,6.1,0,0,consistent,0.697,2265.9,1
51,male,109872.65,9156.05,employed,7.6,0.0,7325.81,18229.19,3458.69,debt_consolidation,60,2,27.1,0,0,minor_delays,0.315,0.0,1
39,female,29124.81,2427.07,self_employed,7.7,33832.3,887.72,3164.39,38323.78,debt_consolidation,36,3,20.9,0,1,consistent,0.346,28815.21,0
58,male,31590.14,2632.51,employed,7.1,6549.26,2149.64,315.2,8294.51,education,48,3,37.2,0,2,minor_delays,0.62,2261.33,0
23,female,28149.7,2345.81,employed,7.1,0.0,1854.43,5402.26,6070.04,debt_consolidation,36,2,4.5,0,2,consistent,0.558,0.0,0
64,not_specified,106912.88,8909.41,self_employed,6.7,23778.06,5741.23,7961.32,14336.51,debt_consolidation,36,2,40.2,0,0,consistent,0.367,12088.34,1
54,male,49979.17,4164.93,employed,12.3,4256.63,2637.18,2118.84,30781.44,auto,36,3,38.1,1,1,minor_delays,0.308,1721.2,1
42,male,61333.38,5111.12,employed,9.9,26081.99,4223.06,4273.71,500.0,personal,48,3,19.7,0,0,consistent,0.552,14458.2,1
30,female,51527.64,4293.97,employed,1.3,4199.27,2542.58,7345.72,29868.72,home,72,0,7.0,0,1,minor_delays,0.44,2713.19,1
67,male,37445.01,3120.42,employed,8.7,6509.23,1375.77,7646.41,6973.79,auto,36,4,42.4,0,0,consistent,0.293,2134.47,1
35,male,55886.08,4657.17,employed,9.1,17137.98,2460.63,6207.23,19909.78,education,24,0,17.4,0,1,consistent,0.57,12438.88,1
44,male,125914.33,10492.86,student,6.8,20118.63,5258.66,473.78,9563.92,auto,36,3,18.8,0,0,consistent,0.234,9581.32,1
39,male,98193.84,8182.82,employed,10.0,22221.8,6040.59,1398.88,38911.09,debt_consolidation,36,3,15.1,0,1,consistent,0.465,15390.76,1
32,male,39823.62,3318.63,employed,6.3,11923.11,1499.88,12881.39,18370.82,auto,36,2,8.6,1,2,minor_delays,0.323,3696.19,0
40,male,78836.93,6569.74,employed,6.3,19343.4,4713.92,7162.35,9210.99,auto,60,2,19.5,0,0,consistent,0.144,4626.63,1
28,male,40380.41,3365.03,employed,6.0,21947.54,2071.52,6190.68,13688.0,debt_consolidation,60,2,3.1,0,0,irregular,0.674,6871.57,1
21,male,15814.44,1317.87,employed,0.0,15406.83,1092.0,16356.1,17986.01,debt_consolidation,36,0,1.1,0,1,minor_delays,0.357,5028.43,0
34,male,88507.28,7375.61,employed,5.2,11288.1,4620.44,4314.06,18954.44,business,36,2,15.3,0,1,irregular,0.702,8275.01,1
26,male,92162.41,7680.2,contract,2.8,0.0,6758.49,4846.26,21826.39,debt_consolidation,12,2,6.5,0,0,minor_delays,0.088,0.0,1
40,female,89197.36,7433.11,unemployed,0.8,20190.09,6416.76,1704.16,16984.55,education,36,4,16.0,0,2,consistent,0.38,14836.02,1
62,male,49783.5,4148.63,employed,11.2,13506.08,1890.17,4435.19,1851.21,auto,48,0,44.4,0,1,consistent,0.48,9763.26,1
28,female,57663.83,4805.32,employed,7.5,8036.61,3561.29,4560.18,13257.06,debt_consolidation,60,0,4.5,0,1,minor_delays,0.391,2987.06,1
21,male,81493.9,6791.16,contract,5.4,28333.2,3207.71,647.56,23673.24,personal,36,2,0.0,0,1,minor_delays,0.495,23732.88,1
26,female,72178.9,6014.91,self_employed,3.2,0.0,4927.91,5960.12,9631.29,medical,24,6,3.8,0,1,minor_delays,0.354,0.0,1
45,male,51765.43,4313.79,employed,6.7,32728.44,3072.98,1547.93,24400.59,business,24,2,24.2,0,0,consistent,0.246,8501.55,0
34,female,19904.13,1658.68,student,9.5,12732.72,858.61,13156.89,17348.9,education,24,2,16.9,0,1,minor_delays,0.355,7647.81,0
44,male,64960.76,5413.4,employed,2.2,16810.22,2663.39,3116.51,14604.86,business,60,2,22.3,0,1,consistent,0.528,8218.53,1
22,female,90054.25,7504.52,unemployed,5.5,8259.47,4464.13,5049.51,30135.58,debt_consolidation,60,1,0.9,0,0,consistent,0.685,4308.42,1
36,female,30862.7,2571.89,student,9.0,0.0,2074.0,6383.82,500.0,business,60,2,12.9,0,1,minor_delays,0.53,0.0,1
40,male,78607.74,6550.65,unemployed,0.0,11324.68,5265.49,727.36,9571.47,debt_consolidation,60,3,23.3,0,1,consistent,0.254,6199.15,1
41,male,70620.08,5885.01,employed,5.3,17016.94,2171.71,9923.26,30556.72,personal,24,2,19.6,1,0,consistent,0.459,7639.27,0
47,male,81503.85,6791.99,employed,3.8,21114.71,3547.48,13421.94,37130.54,home,48,1,25.4,0,0,consistent,0.722,11063.9,1
58,male,84671.36,7055.95,employed,5.0,10623.6,4170.24,2668.91,42145.92,business,48,2,45.0,0,1,irregular,0.276,6175.55,1
43,female,43943.9,3661.99,contract,3.5,0.0,2504.0,5602.76,17553.91,debt_consolidation,36,1,21.4,0,1,irregular,0.586,0.0,0
61,male,19959.06,1663.25,employed,6.1,0.0,723.9,4526.27,22036.87,auto,36,2,39.0,0,1,consistent,0.345,0.0,1
46,female,48128.49,4010.71,employed,13.2,37624.24,2170.24,3221.83,25991.71,debt_consolidation,48,4,26.1,1,0,irregular,0.399,11041.25,1
33,female,85117.31,7093.11,employed,4.2,0.0,6063.12,5001.39,31025.83,home,60,0,13.3,0,1,irregular,0.457,0.0,0
31,male,47907.9,3992.32,employed,6.7,30124.59,2481.76,9267.1,20444.01,auto,24,3,12.7,0,2,minor_delays,0.221,16041.04,0
36,not_specified,43954.87,3662.91,contract,13.5,1790.96,2835.68,2930.61,27187.64,business,60,2,13.2,1,1,irregular,0.893,1065.09,0
49,female,14644.89,1220.41,retired,3.3,10810.53,764.37,2715.4,22057.51,home,60,3,27.0,0,2,minor_delays,0.558,6803.8,1
32,female,107568.84,8964.07,employed,12.8,20502.5,5513.26,15334.32,22744.46,debt_consolidation,60,5,13.8,1,0,consistent,0.466,8034.6,0
64,male,83468.55,6955.71,employed,5.5,3157.67,4900.28,695.62,6897.94,business,12,5,45.0,0,1,consistent,0.376,2063.26,1
44,not_specified,82017.3,6834.77,self_employed,12.6,32106.58,3402.61,5296.75,13378.65,debt_consolidation,36,1,32.2,0,0,consistent,0.627,17561.28,1
62,female,87160.86,7263.41,employed,8.5,13908.74,3576.41,7149.06,11249.54,education,48,2,42.1,0,1,consistent,0.336,7609.79,1
53,male,76994.42,6416.2,employed,6.7,18530.21,5863.97,13400.48,3922.15,business,36,1,37.8,1,0,consistent,0.431,11409.7,1
37,female,55647.45,4637.29,employed,5.2,9788.72,3920.02,14975.66,500.0,education,12,2,17.1,0,2,consistent,0.337,6152.06,0
31,female,57742.13,4811.84,employed,3.0,20904.64,3707.62,1719.69,12340.1,personal,60,1,11.2,0,0,consistent,0.127,13208.14,1
56,female,50883.33,4240.28,employed,5.8,31945.51,1815.57,15115.21,14097.29,home,12,4,39.9,0,1,consistent,0.43,24963.07,1
36,male,130503.26,10875.27,self_employed,9.1,11424.57,3993.71,12271.06,18155.41,auto,36,0,10.8,0,0,consistent,0.432,6279.52,1
32,male,76453.71,6371.14,unemployed,5.4,33756.55,2866.92,884.2,23113.12,business,72,2,10.9,0,0,minor_delays,0.505,28987.63,1
65,male,49941.19,4161.77,unemployed,4.2,5660.85,3681.11,8732.33,19069.34,auto,36,4,44.6,0,1,consistent,0.322,4882.43,1
44,female,74102.92,6175.24,self_employed,4.5,22169.15,5034.58,2909.1,14173.98,business,60,2,21.1,1,0,consistent,0.097,9638.14,1
23,female,35717.41,2976.45,employed,9.5,18869.37,1929.2,6228.35,6933.61,personal,36,4,4.0,0,1,consistent,0.217,15413.95,0
44,male,101117.17,8426.43,unemployed,10.4,177.02,7602.37,5344.87,26647.76,auto,36,0,20.1,0,0,minor_delays,0.478,87.56,0
43,male,44812.2,3734.35,self_employed,2.8,15565.72,1619.03,13712.83,15879.96,medical,24,1,19.7,0,1,consistent,0.35,13729.12,1
62,female,75028.22,6252.35,employed,2.8,13088.39,4181.05,2573.81,12228.31,business,36,2,44.8,0,0,consistent,0.408,11114.43,1
55,male,89715.42,7476.28,employed,7.0,2761.69,3397.5,4430.02,14949.0,education,36,2,31.9,0,0,consistent,0.609,1401.98,1
30,female,72003.98,6000.33,contract,11.6,17296.03,3148.16,2498.97,8939.81,home,60,3,10.4,0,2,minor_delays,0.567,7690.04,1
28,male,64456.22,5371.35,contract,10.1,14755.47,4758.36,25802.49,11162.59,home,60,2,6.5,0,0,consistent,0.148,10036.92,1
49,male,62280.85,5190.07,employed,0.5,12128.96,4385.19,159.5,10812.96,personal,12,0,29.9,1,0,poor,0.766,5546.46,0
23,female,60532.53,5044.38,employed,4.4,12177.07,2058.23,8778.53,13839.29,medical,24,5,0.5,0,1,consistent,0.82,8064.36,0
36,male,47005.84,3917.15,employed,1.8,11919.88,1928.18,58092.8,24213.3,auto,48,3,20.1,0,0,consistent,0.18,5899.58,1
27,male,50313.43,4192.79,self_employed,4.4,8587.6,2888.28,6166.02,21478.23,auto,36,2,9.0,0,1,minor_delays,0.104,4734.47,1
21,male,100469.35,8372.45,employed,11.9,14678.01,3223.15,9133.88,34014.11,debt_consolidation,36,2,3.9,0,0,consistent,0.731,6826.78,1
65,male,59178.05,4931.5,employed,0.0,5273.03,3272.29,18579.7,30329.02,debt_consolidation,36,2,43.2,0,0,irregular,0.5,3995.32,1
25,not_specified,41569.3,3464.11,employed,0.0,44881.71,2366.54,2352.4,38520.64,debt_consolidation,36,3,3.5,0,0,minor_delays,0.198,27869.83,0
21,female,48576.26,4048.02,contract,2.2,0.0,2088.18,742.13,23150.74,personal,36,2,0.0,1,1,minor_delays,0.458,0.0,0
65,female,90609.64,7550.8,employed,6.6,5983.17,3904.37,1726.52,22974.16,debt_consolidation,12,1,44.3,0,1,irregular,0.253,4634.85,0
30,male,79565.77,6630.48,employed,8.0,6931.09,3186.44,5720.23,11638.43,auto,48,2,10.8,0,0,consistent,0.121,5249.36,1
60,female,76568.56,6380.71,student,7.2,37485.92,5636.31,5247.53,26086.16,business,36,0,45.0,0,0,consistent,0.376,20867.23,1
22,male,55304.45,4608.7,employed,10.2,0.0,2634.6,9864.5,9782.71,business,36,2,2.6,0,0,consistent,0.914,0.0,1
28,female,76907.42,6408.95,employed,0.0,18111.07,4381.18,2625.12,824.99,education,36,1,7.5,0,0,minor_delays,0.585,8229.31,1
26,not_specified,45267.41,3772.28,employed,10.3,15980.73,1968.75,12643.97,33789.56,home,24,2,0.0,0,0,irregular,0.529,9371.48,0
54,female,55250.04,4604.17,contract,4.3,17003.23,3455.51,1230.03,3259.0,home,60,1,35.1,0,2,consistent,0.213,6242.45,1
50,not_specified,87214.92,7267.91,employed,8.4,27836.12,2964.01,2066.85,21827.37,auto,48,2,27.2,0,1,consistent,0.352,20781.79,1
43,male,84731.22,7060.93,employed,0.2,27589.95,2759.67,3934.79,7316.35,business,60,0,21.8,0,2,minor_delays,0.728,9947.63,1
32,not_specified,36470.34,3039.2,employed,5.5,7588.52,2353.07,7681.63,29393.34,personal,36,2,10.4,0,1,minor_delays,0.061,3298.28,0
25,female,39756.31,3313.03,self_employed,6.4,15328.21,2531.82,1358.53,30892.45,auto,36,1,2.8,0,0,consistent,0.474,9854.78,0
48,female,64826.26,5402.19,employed,10.1,0.0,2706.77,17613.2,22820.96,education,36,1,23.3,0,1,consistent,0.298,0.0,1
32,female,106879.44,8906.62,employed,0.0,14189.12,4919.81,8853.19,30710.01,personal,36,2,11.0,0,0,consistent,0.39,6757.56,0
49,male,12195.31,1016.28,self_employed,5.6,3472.13,910.22,5493.5,17080.71,debt_consolidation,48,3,29.4,2,0,consistent,0.394,2531.14,0
53,female,69236.66,5769.72,self_employed,1.2,10763.41,2362.52,4800.75,41575.92,debt_consolidation,36,2,29.8,0,0,consistent,0.664,8948.52,1
61,male,26222.87,2185.24,self_employed,7.5,0.0,992.96,1943.11,25207.82,debt_consolidation,24,0,40.0,0,0,minor_delays,0.083,0.0,1
44,female,45507.39,3792.28,employed,8.6,17858.47,2256.87,1334.03,7093.93,personal,36,2,25.9,0,0,consistent,0.131,15021.28,1
21,male,52524.86,4377.07,retired,10.6,0.0,2235.79,7383.85,17765.67,home,12,3,3.3,0,0,irregular,0.538,0.0,1
34,male,51066.78,4255.57,self_employed,3.4,14779.42,3063.73,1952.59,15322.48,auto,36,2,14.7,0,3,consistent,0.055,7599.32,0
61,female,48121.31,4010.11,contract,9.2,0.0,2982.09,2287.05,14245.34,auto,48,3,36.3,0,0,minor_delays,0.409,0.0,1
46,male,62187.38,5182.28,employed,10.9,2804.31,3368.7,19678.07,500.0,education,72,7,27.1,0,1,consistent,0.474,2100.01,1
50,female,48083.36,4006.95,employed,0.0,26856.79,2798.38,2741.84,21255.51,home,24,2,27.3,0,1,consistent,0.624,18202.79,0
42,not_specified,23976.11,1998.01,employed,7.9,20055.02,1192.91,1008.86,1756.72,debt_consolidation,12,0,22.8,0,1,consistent,0.197,9745.81,0
28,male,82276.61,6856.38,self_employed,9.3,26790.44,5371.43,1124.48,500.0,home,36,1,4.6,0,0,minor_delays,0.612,10370.25,1
64,female,81574.68,6797.89,employed,4.5,31716.73,2542.38,3886.19,13215.85,auto,24,2,40.8,0,1,minor_delays,0.491,14343.95,1
58,female,83922.53,6993.54,contract,0.7,3725.94,3695.03,4707.49,8685.17,home,48,3,41.2,0,0,minor_delays,0.27,2240.4,1
68,male,21940.9,1828.41,employed,9.3,30987.66,1353.25,1559.35,7523.09,debt_consolidation,12,2,45.0,0,2,consistent,0.376,18430.91,0
62,male,69771.87,5814.32,self_employed,0.7,0.0,3127.51,13699.61,500.0,debt_consolidation,72,3,43.0,0,0,consistent,0.814,0.0,1
34,not_specified,79575.45,6631.29,employed,4.8,21953.2,2617.8,7041.35,7640.73,debt_consolidation,60,2,12.0,0,0,poor,0.46,11408.38,1
33,female,35188.75,2932.4,employed,5.3,7079.95,1603.02,3770.74,15089.94,personal,36,4,9.6,0,2,consistent,0.45,4719.81,0
32,male,62238.5,5186.54,employed,8.4,1836.4,3918.7,6086.38,10024.31,debt_consolidation,60,2,10.6,1,1,consistent,0.501,1215.75,1
65,female,58977.07,4914.76,employed,3.0,20373.64,2061.89,1533.29,21260.78,home,48,1,44.9,0,1,consistent,0.272,14509.7,0
47,female,109895.92,9157.99,self_employed,2.8,24339.42,6987.91,10678.05,32319.27,debt_consolidation,72,2,23.8,0,2,minor_delays,0.355,21759.96,1
42,not_specified,112036.9,9336.41,employed,5.9,23983.22,7394.53,3403.47,22680.04,debt_consolidation,36,2,17.7,0,0,irregular,0.419,18261.3,1
67,male,18726.73,1560.56,employed,9.5,15578.32,1111.31,5307.81,28290.34,business,72,1,45.0,1,0,minor_delays,0.283,3548.05,0
49,female,126842.1,10570.18,employed,14.6,14583.49,5171.07,9276.83,29200.39,personal,24,3,25.3,0,0,consistent,0.239,11201.95,1
64,female,38204.13,3183.68,employed,0.0,19322.4,2575.65,1652.81,5792.53,home,36,2,43.1,0,0,minor_delays,0.427,17388.69,1
68,male,87497.51,7291.46,employed,6.8,16645.17,3443.26,163.47,21830.26,education,60,3,45.0,0,0,consistent,0.345,3770.84,1
24,female,87232.95,7269.41,contract,1.2,19496.27,6297.62,2538.56,27946.73,education,36,3,5.5,0,1,consistent,0.471,12049.28,1
38,male,36112.05,3009.34,employed,9.6,15447.99,2265.39,15135.5,12204.43,business,24,0,19.3,0,1,consistent,0.49,9571.35,0
56,male,74824.96,6235.41,self_employed,1.7,23113.41,2376.88,1801.7,8303.11,medical,12,4,31.1,1,0,poor,0.409,13115.45,0
60,male,59204.12,4933.68,employed,2.8,0.0,3974.54,6642.81,22834.47,debt_consolidation,24,2,42.0,0,0,minor_delays,0.483,0.0,1
28,female,76412.58,6367.72,employed,3.1,11424.72,4066.85,9349.83,702.08,debt_consolidation,36,3,9.0,0,1,consistent,0.464,8797.32,1
36,male,67997.48,5666.46,employed,5.2,0.0,3445.26,1911.3,5031.95,auto,36,2,15.9,0,0,consistent,0.29,0.0,1
47,male,93104.83,7758.74,employed,6.8,16320.42,4575.26,9875.18,9665.68,auto,36,1,25.4,0,0,irregular,0.202,4440.78,1
59,male,63960.39,5330.03,employed,7.4,32703.16,3708.53,19600.04,21955.66,home,60,3,35.9,0,0,minor_delays,0.603,10354.16,0
26,male,57635.27,4802.94,employed,5.5,7310.98,3664.69,571.9,19408.04,personal,12,2,2.6,1,2,consistent,0.522,6000.16,1
49,male,90497.67,7541.47,contract,0.2,14527.02,6491.0,3383.88,28356.08,debt_consolidation,60,2,32.2,0,0,poor,0.453,3906.12,1
35,female,77090.3,6424.19,employed,8.4,22077.84,3247.93,453.8,6859.43,personal,36,5,14.7,0,0,minor_delays,0.272,14401.84,1
31,female,81027.15,6752.26,self_employed,5.3,0.0,4791.02,13339.61,6269.8,auto,48,3,11.8,0,1,consistent,0.588,0.0,1
45,female,44720.75,3726.73,employed,10.1,6734.67,2762.31,9340.2,22763.03,medical,48,2,21.8,0,1,minor_delays,0.45,2375.21,0
40,male,34823.17,2901.93,student,2.7,17374.19,2131.86,1719.87,8214.66,home,60,3,19.1,1,0,minor_delays,0.396,6269.4,0
51,female,47239.22,3936.6,employed,0.0,0.0,2484.04,6484.77,10361.46,auto,24,3,26.1,0,1,consistent,0.12,0.0,1
36,male,45858.64,3821.55,employed,5.4,1278.3,2189.3,3490.94,500.0,business,36,0,16.4,0,1,consistent,0.253,631.55,1
60,female,82441.18,6870.1,employed,10.7,26210.3,5389.98,2153.39,20199.31,auto,60,0,39.2,0,2,minor_delays,0.414,14406.0,1
24,male,87375.59,7281.3,unemployed,6.1,25035.96,3793.6,7967.1,33954.2,medical,48,2,1.6,0,2,consistent,0.626,11967.39,1
62,male,57966.61,4830.55,self_employed,4.7,17491.82,2263.55,1987.4,5677.82,auto,24,2,36.1,0,1,irregular,0.507,5741.43,1
22,female,99203.89,8266.99,employed,2.0,23586.37,5465.5,3497.64,28238.74,debt_consolidation,48,0,4.7,0,1,irregular,0.404,11970.09,0
56,female,97580.2,8131.68,employed,12.5,15581.25,4086.48,1855.14,16346.62,education,60,2,37.7,0,1,minor_delays,0.26,6053.68,1
37,female,68328.37,5694.03,contract,1.4,19664.74,2100.77,7482.21,500.0,auto,36,2,14.8,1,1,minor_delays,0.228,8064.78,1
39,male,40630.81,3385.9,student,2.6,9212.16,1284.6,2160.8,7158.0,business,48,1,19.8,0,2,minor_delays,0.82,3143.21,0
21,male,102959.79,8579.98,employed,7.8,14389.75,6402.01,3118.22,6478.86,home,60,1,0.0,1,2,consistent,0.242,9188.97,0
54,male,60413.55,5034.46,employed,0.0,5411.56,4554.64,5123.81,13518.19,business,36,0,34.6,1,0,consistent,0.42,2168.95,1
28,female,65280.3,5440.02,employed,10.6,28161.8,3313.91,2478.49,21614.66,business,24,0,6.4,0,1,minor_delays,0.362,8898.05,1
52,not_specified,53170.27,4430.86,employed,8.0,31258.71,1922.22,3600.33,37338.15,personal,36,1,30.0,0,1,consistent,0.503,23940.95,1
55,female,38865.45,3238.79,employed,9.1,29558.95,2643.85,29970.35,1257.4,home,48,2,36.5,0,2,minor_delays,0.045,17827.02,1
61,male,23815.37,1984.61,employed,7.7,8102.69,990.36,4377.14,11667.45,debt_consolidation,36,1,32.9,1,1,consistent,0.616,6492.04,0
54,male,78454.58,6537.88,employed,4.9,1554.71,5998.55,3145.4,7144.21,auto,48,0,38.5,1,1,minor_delays,0.234,1161.38,1
35,female,41631.57,3469.3,self_employed,1.2,28323.68,2328.11,6440.63,3052.23,business,36,2,13.0,0,0,irregular,0.639,13036.64,0
56,female,141547.81,11795.65,employed,4.9,19526.89,5692.59,10993.84,18049.92,auto,60,6,38.5,0,1,minor_delays,0.368,11582.76,1
60,female,33762.09,2813.51,employed,1.6,16943.01,1780.17,7437.19,17016.28,medical,60,3,43.7,0,1,consistent,0.575,15094.47,1
36,male,29308.06,2442.34,unemployed,7.4,5396.41,1321.71,15418.55,500.0,personal,60,1,7.7,0,3,minor_delays,0.658,2431.72,0
26,male,75263.61,6271.97,employed,8.7,18107.97,4981.82,9770.59,17199.66,personal,36,0,9.6,0,2,irregular,0.238,6657.44,0
63,male,101762.15,8480.18,employed,11.4,0.0,3479.55,2318.64,3740.64,debt_consolidation,24,2,44.6,1,0,consistent,0.275,0.0,1
28,male,63679.33,5306.61,employed,7.0,20608.75,4449.55,3019.55,17130.1,debt_consolidation,48,2,8.6,0,2,minor_delays,0.804,17681.24,0
49,female,76878.3,6406.53,employed,9.2,29546.64,5044.38,861.15,30964.46,home,12,3,26.2,0,1,consistent,0.571,11071.29,1
32,female,14067.77,1172.31,employed,4.3,32572.55,985.89,10826.52,22093.75,personal,36,2,17.3,0,2,consistent,0.478,27665.01,0
27,male,44384.7,3698.72,employed,3.6,21502.29,3181.45,452.94,18952.69,education,12,1,2.5,1,0,consistent,0.223,13208.45,0
58,female,34085.99,2840.5,employed,7.4,0.0,1366.2,12052.37,11183.58,debt_consolidation,36,4,36.8,0,1,consistent,0.451,0.0,1
27,female,12728.81,1060.73,employed,4.0,15367.96,686.27,3285.89,17735.54,auto,48,3,7.0,0,1,consistent,0.645,7379.02,0
53,female,65041.49,5420.12,student,6.6,38676.18,4522.85,7863.94,23195.8,personal,36,2,29.8,0,1,minor_delays,0.507,18454.89,0
54,male,12000.0,1000.0,employed,1.3,2576.66,565.11,1288.76,22105.83,debt_consolidation,36,3,37.1,0,0,consistent,0.56,1093.88,0
23,male,27622.9,2301.91,employed,2.0,12289.82,884.93,1767.59,15908.59,auto,24,3,2.5,0,1,consistent,0.488,8733.1,0
29,female,48032.96,4002.75,student,8.0,29962.29,2066.34,20046.02,19391.14,business,36,4,8.9,1,3,minor_delays,0.789,21486.84,0
59,male,40386.57,3365.55,employed,9.0,20405.61,1642.03,9527.86,2517.82,debt_consolidation,36,1,39.6,0,0,consistent,0.414,11669.09,1
45,not_specified,72306.62,6025.55,employed,1.6,42761.88,5097.23,1415.61,8922.3,auto,60,0,25.8,0,0,minor_delays,0.297,21990.53,0
26,male,69945.08,5828.76,employed,8.2,4205.57,3581.14,1398.4,24783.16,personal,60,3,6.1,0,1,minor_delays,0.37,2712.33,1
68,female,85238.77,7103.23,employed,3.4,1122.93,5253.69,11091.58,26262.36,debt_consolidation,72,1,40.9,0,2,consistent,0.511,610.86,1
33,male,81561.98,6796.83,student,5.6,27689.51,6106.33,2843.4,18029.58,business,24,2,12.2,1,0,poor,0.18,21512.46,0
21,male,91661.13,7638.43,student,11.2,0.0,3976.08,31259.16,33268.62,medical,36,6,0.0,0,2,consistent,0.141,0.0,1
65,female,61950.12,5162.51,contract,8.7,10638.78,4046.81,4117.56,22588.21,auto,36,2,44.7,0,1,poor,0.305,8849.62,1
21,male,69890.14,5824.18,employed,8.7,12212.24,2114.03,24979.86,14435.6,debt_consolidation,48,2,0.0,0,2,consistent,0.568,6926.15,1
47,not_specified,75299.36,6274.95,employed,13.1,25431.87,2568.63,2685.55,3582.72,business,48,2,24.4,0,0,irregular,0.646,14151.58,0
68,female,65683.07,5473.59,employed,2.7,20371.22,2420.77,13798.24,32826.07,home,60,2,42.5,0,2,consistent,0.321,9649.51,0
48,female,51672.95,4306.08,employed,1.6,18484.78,2273.95,1473.87,25473.49,home,36,3,27.2,0,1,poor,0.63,10584.36,1
49,female,53356.49,4446.37,retired,2.6,8170.83,2577.58,9348.51,36781.43,debt_consolidation,36,3,27.3,0,2,minor_delays,0.473,2894.35,0
39,male,40743.48,3395.29,employed,4.5,27580.05,2111.53,20038.07,40835.32,personal,72,3,21.7,0,0,irregular,0.678,15117.27,0
27,male,72962.04,6080.17,employed,0.0,61309.89,2978.3,4908.86,2843.66,education,36,1,4.8,1,2,consistent,0.415,29352.59,0
48,female,59555.61,4962.97,employed,4.7,21295.39,1924.35,2278.96,2872.33,debt_consolidation,60,2,29.2,0,1,minor_delays,0.366,8641.51,1
64,female,44757.48,3729.79,contract,3.3,14196.07,2745.83,4853.02,500.0,home,48,3,45.0,0,0,consistent,0.404,4947.83,0
25,male,44781.63,3731.8,self_employed,8.6,0.0,1356.46,2131.6,27101.98,medical,24,0,4.4,0,2,minor_delays,0.595,0.0,0
63,male,30529.63,2544.14,employed,6.9,5350.22,2064.31,11415.9,24221.31,education,60,1,37.0,1,0,consistent,0.182,4254.08,0
40,male,87449.87,7287.49,self_employed,3.1,10435.48,6410.21,560.3,18075.57,home,60,2,21.3,0,0,irregular,0.229,5630.8,1
46,female,64044.06,5337.0,employed,7.9,6584.8,4028.96,1269.81,3512.53,business,60,1,23.8,1,0,consistent,0.34,2383.85,1
28,male,39567.2,3297.27,self_employed,8.4,12807.07,2274.12,1230.73,16020.63,debt_consolidation,24,3,6.1,0,1,consistent,0.421,6599.01,1
50,female,83022.24,6918.52,employed,2.4,34336.19,5012.47,4820.06,19031.76,debt_consolidation,24,2,26.8,0,0,poor,0.446,29115.32,1
29,male,47428.33,3952.36,employed,3.5,27966.0,2852.68,908.19,25609.98,personal,48,0,14.3,0,1,irregular,0.467,20850.85,1
34,female,25430.98,2119.25,employed,0.0,11094.01,1867.21,886.59,20002.86,auto,24,3,10.3,0,0,irregular,0.311,8490.16,0
55,not_specified,88551.78,7379.31,employed,1.1,0.0,6638.83,9986.25,24301.81,debt_consolidation,24,3,33.3,0,1,consistent,0.608,0.0,1
23,female,48035.48,4002.96,self_employed,2.5,29048.41,2374.66,820.69,15634.56,auto,36,2,0.0,0,0,irregular,0.178,20531.66,1
42,not_specified,51368.62,4280.72,student,5.8,12411.35,3003.93,7837.36,29996.3,auto,12,1,22.4,0,2,consistent,0.482,3782.23,0
49,not_specified,63070.68,5255.89,employed,1.7,0.0,4244.66,1718.02,23949.03,personal,48,2,25.1,1,0,irregular,0.435,0.0,1
27,male,91707.32,7642.28,employed,3.4,21549.16,2679.32,215.66,3943.74,debt_consolidation,36,1,5.4,0,1,consistent,0.209,16859.48,1
35,female,62520.97,5210.08,employed,0.6,25308.24,3388.63,2336.07,32281.42,education,12,3,12.9,0,0,minor_delays,0.545,8202.19,0
37,female,30822.95,2568.58,employed,6.2,0.0,1854.87,7363.91,30481.29,education,36,1,19.3,0,0,consistent,0.272,0.0,1
52,female,76140.8,6345.07,contract,7.2,3105.34,4814.68,2884.13,22120.22,education,12,2,30.9,0,1,consistent,0.405,2460.94,1
67,male,49390.27,4115.86,self_employed,7.1,11674.55,2305.74,800.07,20087.89,education,12,4,45.0,0,1,consistent,0.602,8715.38,1
61,female,111086.02,9257.17,employed,5.5,21814.13,4800.0,5104.77,35244.73,business,36,2,37.9,0,0,consistent,0.478,6777.47,1
30,male,61970.89,5164.24,unemployed,0.0,6811.04,2343.64,9581.76,500.0,auto,36,1,12.1,0,2,minor_delays,0.696,3880.14,1
21,male,12000.0,1000.0,employed,3.0,3014.3,667.95,4433.67,30653.47,debt_consolidation,36,1,0.0,0,2,consistent,0.17,690.85,0
23,not_specified,71291.49,5940.96,contract,3.9,21726.03,5192.41,30806.26,11761.73,personal,48,4,0.0,0,1,consistent,0.314,6603.93,1
49,female,112559.54,9379.96,contract,3.9,7380.13,8073.4,6796.26,29046.95,debt_consolidation,36,3,29.8,0,0,consistent,0.079,2805.08,1
28,female,102973.93,8581.16,employed,5.8,19504.66,4764.09,5243.07,18324.13,home,48,1,6.5,0,2,consistent,0.434,13512.91,1
32,male,109604.81,9133.73,employed,11.2,0.0,4539.26,2734.91,3327.81,debt_consolidation,36,5,16.3,0,0,consistent,0.641,0.0,1
61,male,35486.24,2957.19,retired,8.7,0.0,2364.6,4145.71,11538.28,home,48,3,43.0,0,1,minor_delays,0.408,0.0,1
62,female,85715.96,7143.0,employed,1.5,22063.23,5451.81,3602.47,28239.02,home,36,1,39.2,0,0,consistent,0.422,4776.27,1
61,female,43228.14,3602.35,self_employed,8.2,16030.24,2298.45,13218.21,14687.71,home,24,2,37.1,0,2,consistent,0.611,3254.57,1
33,female,67831.52,5652.63,employed,8.1,24069.47,3231.87,1742.55,10163.66,home,48,2,8.0,0,0,consistent,0.386,9865.05,1
50,male,28903.24,2408.6,contract,2.3,6608.88,1012.97,16614.04,10090.11,business,60,2,32.4,0,2,minor_delays,0.375,4703.31,1
50,female,45244.15,3770.35,employed,8.9,3458.74,3006.96,6004.94,24064.72,personal,12,0,32.7,0,0,consistent,0.399,2995.54,1
29,not_specified,44417.59,3701.47,self_employed,4.9,29328.63,2598.26,9253.57,36256.99,auto,48,3,8.4,0,0,minor_delays,0.386,12341.76,0
47,not_specified,85362.44,7113.54,employed,0.0,0.0,4017.89,12491.94,500.0,personal,60,4,25.7,0,1,minor_delays,0.42,0.0,1
46,male,82818.7,6901.56,employed,7.3,28017.53,6029.95,9263.88,47807.53,debt_consolidation,24,5,25.7,0,1,consistent,0.037,6414.46,1
40,male,69197.31,5766.44,contract,6.4,28846.06,4186.51,4026.45,19241.21,home,60,4,21.9,0,3,irregular,0.086,5794.69,0
57,male,26889.04,2240.75,employed,4.6,23321.07,1971.12,46.24,23382.47,debt_consolidation,36,3,36.3,0,1,consistent,0.156,4921.47,0
53,female,53897.37,4491.45,contract,5.4,4746.31,2786.56,30939.84,12201.12,auto,48,1,32.8,0,0,irregular,0.433,1272.62,1
46,female,42600.97,3550.08,employed,2.6,3201.71,2162.47,1582.5,16961.33,personal,60,2,26.8,0,3,consistent,0.258,2599.93,0
55,male,84611.57,7050.96,employed,7.9,10479.33,6234.65,1055.69,19117.64,debt_consolidation,72,1,31.5,0,1,minor_delays,0.632,6800.82,1
57,male,92632.81,7719.4,student,5.3,0.0,6924.93,8390.81,5459.94,business,48,0,32.6,0,1,minor_delays,0.419,0.0,0
48,female,89466.03,7455.5,self_employed,6.2,1459.67,6692.34,7832.39,8137.5,education,48,4,24.6,0,2,consistent,0.405,1145.01,1
33,male,42364.3,3530.36,self_employed,6.9,20736.81,2883.5,1253.54,30030.24,debt_consolidation,36,4,13.8,1,2,irregular,0.195,15253.27,0
57,not_specified,12000.0,1000.0,employed,0.9,20792.19,613.57,24054.31,500.0,auto,36,1,37.2,0,1,irregular,0.49,9306.44,0
55,female,16058.99,1338.25,employed,1.9,405.1,628.8,10139.61,21851.43,debt_consolidation,60,3,36.1,1,0,minor_delays,0.722,119.02,1
68,female,98962.3,8246.86,self_employed,0.0,21113.46,4688.84,13165.68,12924.31,home,36,2,45.0,0,0,irregular,0.24,5750.35,1
28,not_specified,51567.37,4297.28,employed,7.8,18451.64,3802.36,1253.91,6432.22,education,60,2,5.4,0,1,consistent,0.617,4013.39,1
41,male,42481.16,3540.1,employed,0.7,31118.64,1972.63,823.53,38691.25,home,12,1,18.2,0,0,minor_delays,0.425,10096.21,1
65,female,104709.17,8725.76,employed,6.0,19829.64,6817.69,7860.3,6500.47,personal,24,3,45.0,1,2,consistent,0.787,4231.59,1
45,female,94894.16,7907.85,unemployed,7.0,25702.97,6928.16,1482.25,4568.88,education,24,2,24.1,1,1,irregular,0.156,17515.62,1
66,female,62635.67,5219.64,student,7.9,18724.93,4713.98,2471.65,14943.3,debt_consolidation,36,1,45.0,1,1,consistent,0.739,8841.76,1
21,female,54371.52,4530.96,employed,0.7,24759.15,4033.34,16893.19,8545.86,auto,24,3,0.0,0,0,irregular,0.329,14105.52,1
22,female,58565.37,4880.45,contract,5.2,0.0,3252.25,201.42,17070.19,business,36,2,0.0,0,1,consistent,0.641,0.0,0
59,female,67906.23,5658.85,employed,12.2,11539.07,3567.18,13441.19,18709.39,business,72,1,41.3,0,0,consistent,0.501,4597.19,1
38,male,103601.23,8633.44,unemployed,12.4,12532.21,7881.94,3038.51,19581.24,auto,60,4,19.4,1,0,minor_delays,0.361,3511.17,1
45,female,72984.15,6082.01,employed,9.4,10075.0,2885.08,4903.25,15637.2,home,60,4,29.6,0,0,consistent,0.544,5839.53,1
41,female,80876.75,6739.73,employed,6.8,18326.64,3079.33,12854.94,9276.22,personal,24,3,19.0,1,1,consistent,0.346,14746.0,1
40,female,92401.02,7700.09,student,1.5,20612.56,6922.48,10903.19,24077.43,debt_consolidation,36,0,18.9,1,0,minor_delays,0.4,14939.82,1
66,female,31588.42,2632.37,unemployed,8.4,17707.08,1955.43,28908.4,15771.38,business,48,2,45.0,0,1,consistent,0.612,15086.97,0
25,male,81626.41,6802.2,employed,4.9,10876.67,4460.16,30522.19,11548.21,debt_consolidation,12,1,0.0,0,0,consistent,0.438,4885.63,1
58,male,54341.21,4528.43,employed,7.7,4171.24,1925.8,4149.93,33279.93,auto,36,2,38.4,0,0,irregular,0.511,3303.59,0
63,not_specified,12000.0,1000.0,contract,3.0,26166.23,642.55,2191.94,15665.57,debt_consolidation,60,5,39.6,0,1,minor_delays,0.666,18468.02,0
52,female,12000.0,1000.0,employed,4.8,17196.79,888.21,2047.82,29011.85,debt_consolidation,24,4,34.0,0,1,consistent,0.83,14791.02,0
39,female,35528.94,2960.75,student,6.2,776.63,2053.72,9514.08,30495.22,debt_consolidation,60,2,16.9,0,1,consistent,0.356,311.77,0
28,male,75811.8,6317.65,student,6.5,10675.75,3668.27,3704.17,31164.4,personal,24,4,6.4,1,2,consistent,0.235,8140.7,0
53,female,64958.79,5413.23,employed,7.5,0.0,3595.08,4329.42,24602.74,debt_consolidation,24,1,31.8,0,0,consistent,0.289,0.0,1
43,male,66793.53,5566.13,employed,3.2,13424.45,4759.61,8807.24,16993.03,home,24,3,17.0,0,0,minor_delays,0.655,6788.99,1
28,male,112724.53,9393.71,employed,0.1,10619.44,8175.57,9732.34,16295.54,auto,60,5,7.1,2,1,consistent,0.178,5586.13,0
38,female,29003.67,2416.97,retired,12.0,6106.4,1397.13,4631.5,14314.68,debt_consolidation,48,1,9.1,0,0,irregular,0.323,3070.35,1
67,female,61286.73,5107.23,contract,15.5,32015.2,3557.67,10011.13,500.0,personal,48,0,45.0,2,0,consistent,0.281,26058.66,1
33,female,69915.32,5826.28,employed,7.3,0.0,2966.42,5814.53,24906.87,debt_consolidation,36,2,15.4,0,0,irregular,0.767,0.0,1
29,female,42856.9,3571.41,student,0.2,21476.72,2168.27,2193.88,19689.12,personal,60,1,11.0,0,1,consistent,0.33,14262.56,0
53,female,62736.5,5228.04,student,2.4,39240.5,2485.06,2865.83,26080.77,debt_consolidation,48,6,34.0,0,1,irregular,0.567,13143.4,1
30,female,20401.32,1700.11,student,7.5,25927.21,1110.07,10586.69,15712.98,home,48,3,10.2,0,1,irregular,0.105,12817.32,0
65,male,98657.56,8221.46,employed,10.9,12621.53,5587.28,814.41,24313.08,education,48,2,45.0,0,0,consistent,0.249,5665.99,1
62,female,44278.02,3689.84,contract,0.6,0.0,2001.98,11938.77,1847.42,debt_consolidation,60,5,36.8,0,0,poor,0.679,0.0,1
68,female,114816.4,9568.03,employed,5.0,0.0,4832.88,2803.82,4138.08,education,48,0,42.1,1,0,consistent,0.502,0.0,1
64,female,61155.67,5096.31,employed,6.3,8061.38,2222.42,781.76,500.0,auto,24,4,41.9,1,0,consistent,0.305,5303.5,0
32,female,88729.39,7394.12,self_employed,9.0,4755.99,3176.07,24559.23,15522.16,auto,60,4,7.9,1,2,poor,0.388,2505.29,0
31,female,60614.13,5051.18,employed,4.1,4365.44,3816.33,7843.27,8502.22,debt_consolidation,36,2,7.5,0,1,consistent,0.44,1670.79,1
37,male,61200.66,5100.06,employed,0.0,9084.24,2429.33,40.61,7062.8,debt_consolidation,72,0,15.3,0,0,consistent,0.562,2220.8,0
43,female,46815.24,3901.27,employed,8.0,11773.03,1627.79,1034.92,20681.18,education,36,1,26.1,0,1,consistent,0.337,2791.2,1
63,male,65097.22,5424.77,employed,10.0,18822.54,4987.3,6057.07,12319.42,debt_consolidation,24,3,45.0,0,0,poor,0.396,15519.66,1
56,not_specified,70267.97,5855.66,employed,5.2,0.0,2917.01,347.69,1236.0,home,36,1,37.9,0,1,irregular,0.39,0.0,1
51,female,41609.28,3467.44,unemployed,7.1,4813.07,2984.59,2660.3,44992.43,home,36,6,32.1,0,0,consistent,0.743,2820.97,1
63,female,58748.85,4895.74,employed,3.6,11083.94,3413.48,4399.24,16592.88,debt_consolidation,36,0,41.0,0,2,consistent,0.537,2352.58,1
52,female,46137.43,3844.79,employed,2.1,10654.18,2912.77,13664.46,5085.21,home,60,2,31.7,0,0,consistent,0.398,7880.85,0
39,male,121791.27,10149.27,contract,9.6,35037.08,6797.21,2865.66,9631.81,debt_consolidation,48,2,22.9,0,2,minor_delays,0.28,12173.24,1
40,not_specified,59667.0,4972.25,contract,7.0,15786.96,2252.74,6294.19,15095.43,debt_consolidation,24,3,20.2,0,1,consistent,0.494,7394.34,1
45,male,102176.04,8514.67,employed,7.5,0.0,7091.18,8710.77,15072.29,auto,36,3,24.3,0,1,consistent,0.669,0.0,1
25,not_specified,56913.82,4742.82,self_employed,11.5,18018.18,3898.33,1267.74,31323.81,auto,60,1,0.5,0,1,minor_delays,0.333,5300.41,0
56,male,68741.48,5728.46,student,1.3,19547.96,3146.76,6401.16,16126.27,personal,60,6,34.4,0,0,consistent,0.421,14811.22,1
52,male,27644.53,2303.71,contract,3.3,11498.46,1809.32,5164.98,37407.29,auto,36,4,30.6,0,0,consistent,0.151,9022.86,1
56,male,50376.11,4198.01,employed,6.1,0.0,2768.73,5583.01,12243.35,auto,60,0,31.6,0,0,minor_delays,0.624,0.0,1
46,male,67473.9,5622.83,self_employed,3.2,34096.66,4881.5,1271.25,21690.8,debt_consolidation,12,1,23.4,0,1,minor_delays,0.588,15540.97,0
58,female,103236.1,8603.01,self_employed,8.6,161.39,6947.87,5575.61,28241.78,education,48,0,39.5,0,0,consistent,0.697,60.74,1
66,male,67771.55,5647.63,employed,4.8,20929.27,2108.64,1070.06,30146.68,auto,60,2,45.0,0,1,minor_delays,0.627,14792.25,1
48,male,97976.73,8164.73,self_employed,1.5,15400.61,6949.71,4829.78,31430.59,education,36,2,32.9,0,1,minor_delays,0.378,6751.54,1
42,female,78658.96,6554.91,employed,5.8,20209.73,5913.07,26377.21,14007.87,debt_consolidation,12,4,18.8,1,1,irregular,0.732,15494.13,0
26,male,104312.43,8692.7,employed,6.2,33482.3,6719.71,1868.24,16939.62,business,48,2,9.5,1,0,minor_delays,0.519,23863.19,0
58,female,60464.9,5038.74,employed,9.2,19739.67,2107.96,12573.87,500.0,business,36,2,34.3,1,1,consistent,0.815,8824.62,1
64,female,124145.79,10345.48,employed,7.1,6296.03,8381.95,2201.78,14843.89,home,24,4,41.4,0,0,minor_delays,0.44,2267.95,1
54,female,49379.7,4114.97,employed,7.3,26271.91,2958.95,7672.33,29003.8,auto,24,3,30.3,0,0,consistent,0.388,11833.35,1
62,male,42071.99,3506.0,unemployed,6.8,5426.81,1904.22,4885.15,26865.2,debt_consolidation,60,1,41.2,1,1,consistent,0.687,2385.66,1
62,female,30538.63,2544.89,employed,4.7,14962.7,2173.07,17584.65,16048.64,debt_consolidation,24,0,39.9,0,0,consistent,0.636,13012.45,0
59,female,122606.64,10217.22,employed,2.6,0.0,6869.78,2599.66,35690.53,debt_consolidation,36,3,34.1,0,1,poor,0.131,0.0,1
45,female,83305.64,6942.14,contract,6.7,600.63,5804.8,23645.0,12775.94,home,72,2,27.8,0,1,minor_delays,0.557,396.59,0
25,male,53312.86,4442.74,self_employed,4.2,13616.64,3251.93,2415.55,9122.46,debt_consolidation,48,0,0.0,0,0,minor_delays,0.336,5426.13,1
21,male,94474.59,7872.88,self_employed,12.3,17417.04,4050.24,11971.39,11850.22,education,36,0,0.6,0,1,minor_delays,0.515,7924.78,1
30,female,79880.0,6656.67,student,10.9,0.0,6029.35,6965.05,4652.88,education,36,5,9.9,0,1,consistent,0.54,0.0,1
41,male,113119.31,9426.61,self_employed,8.0,18967.45,6367.42,2609.72,23846.35,medical,24,2,14.9,0,3,consistent,0.179,16761.52,1
56,male,21756.35,1813.03,self_employed,7.0,3166.85,1168.59,10930.48,20173.3,personal,36,3,43.4,0,0,consistent,0.747,2113.26,1
42,male,55100.64,4591.72,employed,5.1,28356.26,2663.2,53940.45,23709.77,auto,24,3,19.0,0,1,consistent,0.484,8729.11,0
22,male,49974.44,4164.54,self_employed,0.5,8776.43,1781.24,6317.44,12441.92,education,24,4,3.6,0,1,irregular,0.447,7843.17,0
31,male,12000.0,1000.0,contract,4.6,0.0,741.14,12824.93,16361.2,auto,24,9,9.5,0,1,consistent,0.232,0.0,0
68,female,89568.51,7464.04,employed,5.9,13909.65,4445.25,1790.2,500.0,education,48,3,45.0,0,2,minor_delays,0.368,8835.55,1
68,male,54969.69,4580.81,employed,6.4,2005.18,4043.61,6765.03,21138.48,auto,24,3,45.0,0,1,consistent,0.68,1629.44,1
39,female,81230.41,6769.2,employed,7.4,28227.34,6092.99,15000.35,18087.26,education,24,1,17.3,0,1,consistent,0.401,17812.36,1
59,male,123354.07,10279.51,employed,9.2,13006.36,8095.68,33082.91,4894.2,debt_consolidation,60,2,41.1,1,1,consistent,0.759,11031.28,1
55,not_specified,52815.66,4401.31,employed,2.7,11179.88,2148.81,1858.94,15848.77,business,24,2,36.4,0,1,poor,0.376,8873.1,1
65,female,51050.02,4254.17,self_employed,2.8,20101.61,3225.12,9839.99,14163.66,auto,48,4,40.2,1,2,consistent,0.153,4512.91,0
63,male,65085.27,5423.77,contract,11.3,940.63,1961.46,2080.89,36407.43,debt_consolidation,36,1,44.1,0,1,consistent,0.506,640.35,1
51,male,87668.43,7305.7,employed,8.6,0.0,5998.33,153.66,5327.6,business,36,1,27.4,0,0,consistent,0.43,0.0,1
39,male,47265.46,3938.79,employed,3.9,17900.22,2486.8,3300.61,20645.69,home,12,2,20.8,0,0,consistent,0.181,8238.77,1
51,female,45595.0,3799.58,employed,5.1,0.0,3358.61,18073.04,5001.55,business,12,4,30.4,0,0,minor_delays,0.115,0.0,1
36,female,89486.92,7457.24,self_employed,5.1,0.0,4215.75,2252.12,10863.39,business,60,1,14.0,0,0,irregular,0.141,0.0,1
37,male,71844.62,5987.05,employed,5.6,23041.07,2993.58,1816.74,20045.01,business,36,0,16.7,0,1,consistent,0.374,10528.62,1
50,male,12000.0,1000.0,unemployed,7.4,19300.77,917.18,6289.57,14675.01,business,12,1,30.7,0,1,consistent,0.408,6874.13,0
48,female,30139.81,2511.65,employed,15.6,0.0,1638.82,5330.94,16934.1,home,36,0,30.3,0,0,minor_delays,0.468,0.0,1
48,female,101032.13,8419.34,contract,6.3,5570.37,7089.21,2775.72,20659.94,business,36,2,22.8,0,0,consistent,0.16,1974.01,1
39,female,72450.14,6037.51,employed,8.2,2155.22,5248.42,113.73,11569.41,personal,24,3,20.2,0,0,consistent,0.464,1319.98,1
40,female,42182.91,3515.24,contract,0.0,34315.83,2269.18,3145.76,26725.61,debt_consolidation,36,2,15.6,0,2,consistent,0.105,22303.13,0
21,female,57569.35,4797.45,employed,3.6,23872.13,2925.28,5440.8,13639.72,education,36,3,0.0,0,1,minor_delays,0.268,7262.2,1
49,female,62344.15,5195.35,contract,10.4,7949.86,3455.66,3925.74,15926.89,debt_consolidation,48,3,29.3,0,0,poor,0.463,4642.49,0
48,female,81129.07,6760.76,unemployed,7.1,19914.34,5633.14,869.78,20974.42,auto,60,2,25.6,1,0,consistent,0.542,7471.83,0
65,male,26685.15,2223.76,unemployed,0.0,0.0,2001.07,903.17,19497.0,debt_consolidation,36,1,38.2,2,0,consistent,0.13,0.0,0
45,female,40135.32,3344.61,student,8.2,4928.25,1796.54,602.65,24086.51,education,60,0,23.1,0,2,minor_delays,0.412,3939.71,0
43,female,69096.85,5758.07,employed,13.2,14258.36,4439.58,1113.62,20486.61,debt_consolidation,36,2,23.1,0,0,consistent,0.293,4005.71,1
24,female,59404.3,4950.36,employed,0.0,18426.77,2537.87,3059.51,22159.34,business,36,1,5.1,0,0,consistent,0.241,6939.53,0
30,female,76868.34,6405.69,unemployed,11.6,11830.49,4472.73,927.26,13420.9,home,48,0,5.8,0,0,consistent,0.215,10187.97,0
37,female,30032.81,2502.73,student,0.0,15976.16,2024.04,12345.5,5243.52,debt_consolidation,48,2,14.8,0,0,consistent,0.471,6538.86,1
39,male,71285.35,5940.45,employed,9.3,13940.04,5080.85,1873.02,1295.97,personal,12,3,20.0,0,1,consistent,0.335,10748.86,1
38,male,90381.17,7531.76,employed,5.5,11037.07,4562.5,979.11,500.0,home,72,2,20.3,1,0,consistent,0.491,2597.3,1
39,female,74657.28,6221.44,employed,0.0,9446.25,3488.74,11979.94,36389.99,debt_consolidation,72,0,16.2,0,1,irregular,0.466,4453.51,1
57,not_specified,65616.91,5468.08,employed,7.3,7884.82,2703.79,2529.32,500.0,auto,36,0,31.6,2,2,consistent,0.509,4970.25,0
27,male,59507.03,4958.92,employed,10.1,15783.25,2112.74,3070.03,30130.96,home,36,7,7.4,0,2,minor_delays,0.364,7570.93,1
36,male,40293.87,3357.82,contract,7.0,17929.79,1873.68,1153.27,7970.44,business,60,1,17.9,0,2,minor_delays,0.439,13509.3,1
28,male,60128.04,5010.67,employed,7.8,15380.31,4244.17,4207.27,30050.85,debt_consolidation,60,5,11.2,0,0,poor,0.495,13626.1,1
35,male,94752.35,7896.03,employed,3.9,0.0,4648.56,7656.36,500.0,business,48,1,5.5,0,0,consistent,0.457,0.0,1
53,male,58905.26,4908.77,employed,0.0,1012.87,2605.86,2030.13,14413.97,auto,12,3,30.0,0,1,minor_delays,0.545,531.29,1
23,male,38865.1,3238.76,employed,8.3,17786.58,2498.07,880.9,32994.27,education,48,1,5.8,1,2,consistent,0.339,12328.9,1
37,male,49201.58,4100.13,contract,12.5,30660.08,1938.88,1309.08,24845.31,home,24,3,18.8,0,1,consistent,0.419,22308.07,1
22,female,67222.11,5601.84,employed,10.0,14828.99,2778.98,30363.07,13290.08,debt_consolidation,48,0,1.4,0,2,consistent,0.032,3586.52,1
66,female,52288.64,4357.39,unemployed,0.0,8059.98,3849.61,2500.09,500.0,education,48,3,44.8,0,3,minor_delays,0.219,4080.87,1
55,male,74617.89,6218.16,employed,0.0,15692.09,2465.54,18319.38,2452.63,debt_consolidation,48,1,37.3,1,0,consistent,0.205,8627.83,1
32,female,75593.94,6299.49,contract,2.1,0.0,3693.64,1828.65,32280.62,auto,24,0,12.4,0,1,consistent,0.494,0.0,1
30,male,85113.56,7092.8,employed,0.0,28707.32,4814.22,33241.71,13169.35,medical,36,2,7.3,0,0,consistent,0.457,20995.41,1
25,female,99012.55,8251.05,self_employed,5.7,15239.13,3970.8,3883.41,16209.93,personal,48,2,4.2,1,1,consistent,0.609,12509.58,1
43,male,87892.33,7324.36,contract,7.1,4966.51,3736.72,6852.25,20118.89,debt_consolidation,36,3,26.8,0,1,consistent,0.49,3932.16,1
57,male,37709.78,3142.48,employed,0.0,10998.45,1497.24,666.18,2668.77,medical,24,1,38.2,0,0,minor_delays,0.412,7079.12,1
49,male,38508.1,3209.01,self_employed,8.6,6675.57,1754.54,4393.21,21480.19,education,36,3,27.8,0,2,minor_delays,0.446,5046.33,0
63,female,60029.94,5002.5,contract,7.9,28740.04,4312.89,4870.99,12384.23,personal,60,1,39.0,1,0,irregular,0.379,10428.01,1
37,female,50269.44,4189.12,employed,3.3,10573.12,2496.74,30902.73,20230.73,education,36,2,17.2,0,0,poor,0.248,2304.68,1
34,female,32403.51,2700.29,employed,4.8,14864.39,1588.21,15955.72,10641.44,debt_consolidation,48,3,16.9,1,0,consistent,0.129,8315.41,0
43,male,50516.01,4209.67,employed,0.0,19884.72,2400.99,5863.07,500.0,personal,36,1,20.9,0,1,consistent,0.386,9683.69,1
30,female,49662.66,4138.56,contract,4.2,4110.8,3722.82,15534.98,12298.9,debt_consolidation,60,1,6.9,0,0,consistent,0.668,3359.34,1
67,female,44531.96,3711.0,employed,5.5,15324.51,1546.97,347.64,24048.55,home,36,1,45.0,2,0,irregular,0.523,11529.76,0
29,female,53789.47,4482.46,self_employed,6.2,16293.23,3796.5,28405.7,21334.66,home,24,2,5.8,0,2,consistent,0.444,7613.77,1
43,male,92639.72,7719.98,unemployed,7.0,0.0,4141.63,7105.49,17340.24,auto,24,1,23.5,0,0,consistent,0.728,0.0,1
46,female,67180.19,5598.35,self_employed,6.5,16032.36,5011.71,16290.68,26879.45,debt_consolidation,12,2,24.7,0,0,consistent,0.456,6291.3,1
23,female,126267.04,10522.25,employed,4.4,12450.86,5573.42,5935.13,14760.47,debt_consolidation,60,2,5.0,0,2,consistent,0.349,5631.62,0
43,female,66433.21,5536.1,employed,6.6,14559.6,2199.15,22646.05,17619.04,medical,48,2,27.7,1,0,consistent,0.595,9799.85,0
42,female,54458.29,4538.19,employed,9.5,13427.56,2933.59,11994.75,11722.56,business,48,3,16.0,0,0,minor_delays,0.338,11175.68,1
33,female,62107.45,5175.62,employed,5.1,16110.04,2483.69,21451.77,27522.8,auto,48,1,9.3,0,0,consistent,0.237,5713.71,0
27,male,68668.79,5722.4,employed,6.8,29048.12,4458.92,10896.18,20206.81,education,60,2,5.8,0,0,poor,0.326,21790.09,1
23,female,73316.6,6109.72,employed,4.8,0.0,4427.49,7383.8,10873.46,personal,72,2,0.0,0,0,poor,0.214,0.0,1
21,male,115994.49,9666.21,unemployed,2.9,8894.17,7165.44,10824.11,620.67,debt_consolidation,48,3,0.1,0,1,minor_delays,0.504,3977.54,1
44,female,40021.67,3335.14,contract,7.6,20999.42,1535.13,11702.18,29154.57,home,36,1,26.0,0,1,consistent,0.145,4437.55,1
25,male,84335.2,7027.93,employed,3.3,18771.11,5298.49,11154.48,8815.28,personal,24,5,5.9,1,0,consistent,0.505,4183.95,1
67,female,67401.52,5616.79,employed,7.0,18512.87,2962.63,20119.38,17792.71,auto,48,3,45.0,0,0,consistent,0.537,11727.37,1
32,not_specified,21151.46,1762.62,self_employed,5.6,46042.93,1620.28,16093.13,42878.6,home,60,6,10.9,0,0,minor_delays,0.485,36511.37,0
52,female,82038.17,6836.51,employed,4.3,20369.63,5244.34,20358.66,25816.6,debt_consolidation,36,6,34.3,0,1,consistent,0.603,13084.92,1
53,female,94958.21,7913.18,employed,4.2,26571.25,5432.67,3045.0,34722.65,personal,36,0,30.1,0,2,consistent,0.501,19704.56,0
44,female,39713.41,3309.45,unemployed,3.5,9315.14,2794.03,27124.94,11080.63,auto,48,2,19.9,0,0,consistent,0.156,5142.01,1
63,male,61767.72,5147.31,contract,0.0,1085.05,3530.58,5269.5,28780.74,medical,36,1,37.8,0,0,consistent,0.658,416.66,1
26,female,17140.79,1428.4,student,7.0,9228.19,949.98,1890.8,17293.36,business,36,2,3.7,0,0,consistent,0.318,2102.48,0
32,male,29271.03,2439.25,contract,6.4,21543.52,1183.7,1687.27,21026.19,auto,60,1,14.5,1,0,consistent,0.644,16634.65,0
33,female,89248.77,7437.4,self_employed,8.9,17881.93,5477.82,4924.46,39229.26,medical,36,5,16.6,0,2,consistent,0.423,9512.51,1
27,male,49873.17,4156.1,contract,3.4,17839.02,2342.16,1691.87,13934.9,home,36,1,8.3,0,0,irregular,0.765,14512.53,0
35,female,33171.12,2764.26,employed,13.1,10427.87,1035.37,3753.13,17211.8,education,36,3,14.9,0,2,minor_delays,0.479,4787.77,0
36,male,67965.97,5663.83,employed,4.0,8514.37,4616.9,18560.16,7064.64,auto,36,3,16.2,2,0,consistent,0.378,3347.72,0
57,male,48417.28,4034.77,employed,2.0,10841.71,1531.47,1515.37,26773.15,medical,36,2,33.5,0,0,irregular,0.179,7230.7,1
35,female,49758.64,4146.55,self_employed,1.5,21693.71,3040.3,7707.76,10833.1,auto,24,3,11.3,0,1,consistent,0.155,13516.1,1
63,female,81222.48,6768.54,employed,0.0,23088.73,2973.63,6282.85,28249.81,home,48,2,44.0,1,1,consistent,0.699,15999.77,0
58,female,31794.93,2649.58,contract,11.6,925.1,1580.64,640.37,500.0,business,48,2,34.6,0,1,minor_delays,0.47,244.0,1
64,female,38460.5,3205.04,employed,11.0,22148.11,2691.22,3481.58,23035.02,medical,12,2,42.4,0,0,consistent,0.32,5721.9,1
26,male,66006.08,5500.51,retired,7.9,5191.35,2221.21,9581.83,9919.37,medical,36,6,3.9,0,0,minor_delays,0.277,3112.98,1
68,female,87204.65,7267.05,employed,1.9,18627.06,5306.95,13151.56,25035.69,auto,36,0,45.0,0,0,consistent,0.737,10874.31,0
50,male,94192.17,7849.35,employed,12.7,10696.41,5488.21,6249.46,16850.85,auto,36,1,29.9,0,2,consistent,0.566,2835.03,1
68,female,44708.4,3725.7,employed,4.1,31789.46,3146.32,6834.32,11111.27,debt_consolidation,36,4,45.0,0,0,consistent,0.596,15930.74,1
38,not_specified,86371.8,7197.65,employed,4.4,7983.1,3227.85,17940.8,12747.84,debt_consolidation,36,2,18.2,0,3,irregular,0.166,5137.32,1
66,male,41612.3,3467.69,employed,11.2,15143.34,2794.54,15312.95,7645.73,personal,36,0,42.2,0,0,minor_delays,0.184,8774.34,1
49,female,109481.44,9123.45,employed,8.1,20279.12,5534.0,1804.61,26215.67,business,60,2,29.4,0,1,irregular,0.097,6703.32,1
24,male,32521.95,2710.16,contract,14.3,2512.49,1610.72,3189.59,5464.99,auto,36,5,0.6,0,0,consistent,0.584,2134.28,1
40,female,96540.45,8045.04,employed,6.5,12125.72,4474.79,8438.17,14062.13,auto,72,3,18.3,0,2,irregular,0.637,2716.81,1
27,male,44931.36,3744.28,student,3.9,9800.98,2133.41,5853.19,20797.64,debt_consolidation,36,4,4.4,0,2,consistent,0.486,3830.25,0
66,male,114344.41,9528.7,employed,3.1,6834.24,6159.13,8449.17,34748.44,auto,48,1,41.8,0,0,consistent,0.277,1689.98,1
35,female,77374.34,6447.86,employed,0.0,7723.32,2649.27,5730.03,16897.72,personal,36,2,14.3,0,1,consistent,0.627,3076.66,1
31,male,35583.57,2965.3,unemployed,4.4,26344.18,1756.31,8313.06,14332.38,auto,60,1,5.9,0,0,consistent,0.189,17906.38,0
47,female,48421.8,4035.15,self_employed,10.1,5817.39,2911.88,5969.61,20009.98,auto,60,0,27.6,0,1,consistent,0.356,1260.43,1
41,male,82310.71,6859.23,employed,7.9,19796.89,4348.54,2699.21,500.0,home,36,3,19.6,0,0,minor_delays,0.584,4496.57,1
25,female,89368.75,7447.4,employed,5.6,16775.14,3310.54,20755.53,3814.9,debt_consolidation,36,3,5.2,1,1,consistent,0.561,5772.33,1
60,female,60161.39,5013.45,employed,1.5,0.0,2792.19,766.53,12870.97,home,72,2,41.5,0,1,irregular,0.291,0.0,1
61,female,63161.12,5263.43,self_employed,6.4,19230.03,3171.15,4056.97,9157.34,debt_consolidation,60,4,41.7,1,0,poor,0.133,9096.56,1
56,male,81717.18,6809.76,self_employed,9.6,0.0,4979.7,7007.8,500.0,auto,72,1,36.4,0,0,irregular,0.461,0.0,1
50,male,65426.76,5452.23,student,7.2,20537.1,4707.66,16776.5,26435.57,personal,24,2,27.7,1,1,consistent,0.433,8738.65,0
40,male,28368.87,2364.07,employed,6.2,6913.7,1569.07,5667.0,19857.32,home,12,3,11.5,1,0,consistent,0.341,5434.51,0
47,male,40862.68,3405.22,employed,2.3,13100.41,2504.64,148.6,18542.92,medical,36,0,28.1,0,0,poor,0.195,6583.48,1
46,female,68113.12,5676.09,employed,9.0,0.0,2236.37,15722.2,9366.1,debt_consolidation,48,3,28.5,1,1,consistent,0.315,0.0,0
28,male,93602.54,7800.21,unemployed,0.0,14468.59,6973.75,11455.29,17873.32,auto,12,1,2.9,0,0,consistent,0.378,8431.87,1
24,female,104015.54,8667.96,retired,7.0,24123.41,4591.15,5517.6,22658.94,business,36,1,1.0,0,1,minor_delays,0.417,6671.78,1
33,female,82267.76,6855.65,employed,15.8,3316.41,3783.95,6033.1,14086.14,home,48,1,15.1,0,2,minor_delays,0.717,801.04,1
42,female,69469.56,5789.13,employed,0.0,5713.99,2761.53,3488.67,21890.29,debt_consolidation,24,4,19.0,0,0,consistent,0.476,2451.99,1
28,male,81469.16,6789.1,student,4.5,18455.45,2703.84,20824.36,8243.33,debt_consolidation,48,1,2.1,0,0,consistent,0.099,7206.37,1
26,female,44664.48,3722.04,employed,5.5,18755.42,2978.85,1142.19,18072.34,debt_consolidation,36,2,0.6,0,2,consistent,0.509,5217.45,0
61,female,58016.0,4834.67,unemployed,3.6,0.0,2354.87,9083.5,29567.48,medical,60,2,34.9,1,1,consistent,0.463,0.0,0
38,male,40572.6,3381.05,contract,9.6,37184.88,1728.16,6183.02,30552.22,debt_consolidation,36,1,16.7,0,0,consistent,0.131,20036.85,0
49,female,29532.69,2461.06,contract,7.4,19342.64,1116.39,7713.85,31603.48,debt_consolidation,48,2,27.1,0,0,poor,0.366,7268.94,1
46,female,70672.27,5889.36,self_employed,6.1,21363.02,5333.9,8628.77,20141.25,education,36,1,28.5,0,0,minor_delays,0.218,4755.61,1
56,female,66823.35,5568.61,employed,8.7,11277.51,4428.1,15258.29,17347.75,home,36,3,38.7,0,0,consistent,0.484,9301.92,1
56,not_specified,79878.96,6656.58,employed,5.6,0.0,5858.08,535.76,12063.32,home,36,4,35.2,0,0,consistent,0.53,0.0,1
35,male,76198.91,6349.91,student,18.2,21096.66,5341.43,15144.79,500.0,home,60,0,8.9,0,0,poor,0.201,14654.94,1
61,male,68308.75,5692.4,employed,6.1,6217.74,4932.97,3868.77,2206.1,medical,36,3,37.6,1,4,minor_delays,0.701,3019.73,0
38,male,76472.03,6372.67,employed,6.3,19527.18,3970.49,14789.1,15151.4,personal,12,3,14.1,0,0,consistent,0.382,11742.43,1
61,male,60890.24,5074.19,student,0.0,10374.39,2269.22,3772.76,15808.83,personal,48,0,40.7,0,0,poor,0.34,7179.99,1
40,male,72735.18,6061.26,employed,3.3,15856.47,3250.79,9629.22,32534.45,home,24,4,20.1,1,0,poor,0.152,7130.42,0
26,male,43120.25,3593.35,self_employed,10.1,3700.04,1856.68,1993.44,31462.79,debt_consolidation,36,5,2.8,0,1,consistent,0.227,2893.05,1
57,female,71612.35,5967.7,self_employed,0.2,23372.67,4528.09,21976.1,9448.65,education,36,4,33.9,0,2,minor_delays,0.264,17311.09,1
22,female,79378.86,6614.9,employed,0.0,0.0,2412.02,10252.08,26001.58,medical,36,5,0.0,0,2,minor_delays,0.012,0.0,1
58,female,44588.28,3715.69,employed,5.6,39946.83,1601.33,121.67,11752.24,home,12,3,34.6,0,0,irregular,0.519,17295.28,1
23,male,63347.63,5278.97,employed,11.0,39855.38,3902.45,573.58,24508.78,auto,36,1,2.1,0,0,consistent,0.133,13102.24,1
30,female,45786.33,3815.53,employed,5.7,32592.4,1603.9,2395.12,25866.2,home,12,0,9.8,1,1,minor_delays,0.205,17985.6,0
49,male,48310.83,4025.9,employed,4.2,28305.75,1519.88,6860.75,30663.02,debt_consolidation,36,3,26.6,2,0,consistent,0.613,21736.67,0
66,not_specified,32751.84,2729.32,student,0.0,11985.42,1125.17,3518.5,11580.92,home,48,2,45.0,0,1,consistent,0.566,7129.05,0
40,male,94910.15,7909.18,unemployed,7.3,26998.56,5881.93,1316.13,28157.34,medical,48,3,11.9,0,1,consistent,0.055,12102.89,1
26,female,89707.81,7475.65,employed,8.1,11845.88,3210.16,8179.31,500.0,medical,12,2,6.0,0,1,consistent,0.549,5770.9,1
32,female,75973.28,6331.11,self_employed,0.0,0.0,2743.86,6813.55,31258.37,debt_consolidation,24,0,16.3,0,2,minor_delays,0.189,0.0,0
64,not_specified,113277.09,9439.76,employed,10.0,31038.42,4543.08,14998.6,16724.82,home,48,5,37.8,0,0,consistent,0.506,17381.11,1
55,male,57079.61,4756.63,employed,8.6,26545.89,3700.75,2934.24,16958.99,debt_consolidation,36,3,35.6,0,3,irregular,0.213,15579.87,1
25,male,140825.82,11735.49,unemployed,10.0,12623.93,5447.63,7429.89,500.0,home,60,2,2.1,1,0,minor_delays,0.238,7912.34,1
39,female,56084.24,4673.69,employed,7.8,0.0,1730.03,19400.39,12724.68,home,24,4,18.1,0,0,consistent,0.372,0.0,1
33,male,68635.03,5719.59,retired,8.1,5965.59,4955.12,18475.39,31910.27,debt_consolidation,24,1,10.0,0,1,minor_delays,0.357,3805.81,1
29,male,51657.77,4304.81,employed,7.6,0.0,3656.95,959.54,12306.28,medical,36,3,12.0,0,0,irregular,0.243,0.0,1
61,male,71680.46,5973.37,self_employed,9.0,24340.97,2719.96,13923.95,24848.09,medical,48,3,39.6,1,2,consistent,0.471,16218.13,1
50,male,83725.99,6977.17,unemployed,0.0,0.0,3497.27,1562.33,17380.11,personal,36,0,28.6,0,1,minor_delays,0.382,0.0,1
29,female,59038.17,4919.85,self_employed,0.0,16441.97,2250.72,1439.63,28689.36,education,24,1,8.1,0,0,irregular,0.613,11764.46,1
52,male,108194.72,9016.23,contract,2.6,2875.68,6853.55,79.89,19106.51,education,12,2,30.0,1,2,consistent,0.568,1675.35,1
40,male,68217.88,5684.82,employed,5.0,0.0,2799.8,20489.92,6750.07,education,48,3,17.9,1,0,consistent,0.068,0.0,1
23,female,69032.62,5752.72,self_employed,7.1,15860.26,5067.72,2980.48,17620.96,business,36,4,3.9,0,0,consistent,0.582,13168.43,1
42,male,38366.06,3197.17,employed,6.8,8994.41,2627.29,5174.34,34613.39,debt_consolidation,48,2,19.7,0,0,consistent,0.033,4012.05,0
29,female,72880.98,6073.41,employed,10.0,23058.27,4162.65,8939.66,22474.1,debt_consolidation,36,2,5.0,0,0,irregular,0.441,17609.88,1
32,male,58515.29,4876.27,employed,10.1,0.0,1731.54,111.87,15719.09,auto,36,1,11.1,0,0,consistent,0.725,0.0,0
63,female,46185.77,3848.81,self_employed,2.0,3912.22,3285.7,6081.08,41813.18,business,24,4,44.2,0,1,consistent,0.982,1348.9,0
55,male,41811.67,3484.31,employed,6.5,0.0,2664.88,1859.19,29751.37,debt_consolidation,72,3,32.3,0,2,consistent,0.341,0.0,1
27,female,131465.85,10955.49,employed,2.1,0.0,8754.61,4542.58,25984.07,auto,12,1,3.9,0,2,minor_delays,0.296,0.0,1
61,male,55149.59,4595.8,self_employed,4.7,34578.31,1796.68,5443.38,20490.77,medical,24,7,40.4,1,3,consistent,0.709,21694.51,0
48,male,24118.38,2009.86,employed,6.8,38003.18,1515.2,810.65,25033.01,debt_consolidation,60,1,25.0,0,0,minor_delays,0.093,33209.81,0
62,female,43846.24,3653.85,self_employed,0.0,14112.71,2954.56,15575.68,25390.05,home,24,2,44.4,0,1,minor_delays,0.433,5841.62,0
56,female,60659.24,5054.94,student,15.1,3114.05,4525.59,25012.97,500.0,personal,36,3,40.3,0,1,consistent,0.524,2265.84,1
37,male,76213.34,6351.11,employed,7.8,9418.61,4324.27,1806.6,21344.3,home,36,1,9.4,0,0,irregular,0.659,7016.81,1
46,male,76424.71,6368.73,self_employed,3.1,23482.89,4073.33,11243.92,15231.14,debt_consolidation,48,3,27.2,0,0,minor_delays,0.543,16140.13,0
46,male,79591.98,6632.66,student,13.2,6827.33,3929.7,4081.14,11502.46,business,36,3,27.7,0,0,consistent,0.41,4176.9,1
55,female,45233.63,3769.47,self_employed,4.1,15851.61,2826.1,1306.39,14850.19,personal,60,3,34.6,0,0,irregular,0.455,9514.2,1
32,male,70851.45,5904.29,retired,6.0,12846.93,5165.47,12663.72,500.0,debt_consolidation,48,4,10.1,0,2,consistent,0.417,5105.84,1
36,male,39222.45,3268.54,employed,3.6,6174.25,2261.37,9695.92,500.0,debt_consolidation,36,0,12.8,1,2,poor,0.48,1828.04,1
32,female,45889.28,3824.11,employed,12.1,6685.69,1833.86,28750.41,30711.53,auto,36,1,11.8,0,0,poor,0.506,2900.53,1
35,female,38139.57,3178.3,self_employed,5.1,16519.85,1144.24,985.44,22083.74,auto,60,0,15.3,0,2,consistent,0.248,5958.92,0
28,not_specified,31101.89,2591.82,employed,6.1,1277.34,1821.78,2954.58,500.0,education,60,1,2.2,0,1,consistent,0.17,839.01,1
22,female,89669.45,7472.45,employed,10.3,18420.75,6297.94,9284.93,10659.77,personal,60,1,0.0,0,1,minor_delays,0.566,14684.95,0
66,female,79903.9,6658.66,employed,7.8,7341.05,2580.94,3293.56,26686.07,education,12,3,45.0,0,0,consistent,0.408,2283.69,1
24,not_specified,87393.3,7282.77,self_employed,5.3,14528.41,4199.36,10526.78,13919.84,home,48,4,1.1,0,0,consistent,0.527,9612.4,1
63,male,63022.14,5251.84,contract,9.9,29607.55,4652.22,2238.97,30695.05,education,48,1,45.0,1,1,poor,0.419,8447.31,0
21,male,82197.0,6849.75,self_employed,15.7,10981.7,4356.14,2389.73,28547.27,business,72,2,0.0,0,2,consistent,0.423,5118.22,0
58,male,16206.48,1350.54,student,6.8,24037.65,642.55,10235.08,2076.18,auto,36,1,37.4,0,2,consistent,0.25,7721.59,0
36,female,84440.28,7036.69,employed,6.0,0.0,3881.33,2810.37,15423.43,business,60,1,13.5,0,0,consistent,0.258,0.0,1
45,male,66605.12,5550.43,contract,6.2,7355.64,3233.9,5682.15,12071.02,auto,48,3,24.2,1,1,minor_delays,0.744,5891.89,0
34,female,78304.85,6525.4,employed,10.7,13332.26,2720.15,1537.3,1718.38,business,60,3,10.9,0,1,irregular,0.548,6583.71,1
44,male,71880.61,5990.05,retired,3.1,36079.97,4352.68,2981.88,1002.98,education,48,0,27.8,0,0,irregular,0.698,9958.78,0
42,female,36336.57,3028.05,student,4.4,0.0,2081.88,1707.66,8133.76,debt_consolidation,60,3,19.9,0,2,consistent,0.247,0.0,1
46,female,23050.97,1920.91,student,0.0,11845.48,1381.53,9374.72,9949.82,business,36,4,27.4,0,0,consistent,0.228,9364.46,0
39,female,43486.59,3623.88,student,0.8,30480.27,2530.02,14350.49,20115.53,debt_consolidation,24,2,19.3,0,1,poor,0.363,14847.3,0
46,female,76687.85,6390.65,student,3.4,3579.76,2297.46,2324.96,28486.35,home,36,1,25.8,0,2,poor,0.287,3061.35,1
60,female,79942.38,6661.86,employed,5.3,10445.93,2994.13,2571.04,22650.09,auto,60,0,34.7,0,0,consistent,0.388,6192.95,1
41,male,26433.5,2202.79,unemployed,12.6,16980.87,978.87,10610.98,25254.09,personal,24,7,23.8,0,1,consistent,0.702,9423.63,0
38,male,36491.42,3040.95,employed,7.6,15214.1,1234.12,14803.82,14067.2,home,48,2,17.2,0,0,minor_delays,0.283,7901.04,0
27,female,43195.87,3599.66,student,1.9,31789.25,2768.93,5842.4,23633.0,education,72,3,2.6,0,1,consistent,0.361,23569.16,1
38,male,52710.07,4392.51,employed,2.6,18381.69,1838.17,3077.86,15367.88,home,60,4,18.4,0,0,minor_delays,0.552,14429.51,0
27,male,26586.68,2215.56,employed,11.0,28933.27,1619.29,3585.63,12143.8,debt_consolidation,48,0,8.1,0,1,consistent,0.533,8359.82,0
29,female,25026.65,2085.55,employed,10.0,8679.9,942.01,20749.12,37868.11,auto,60,1,12.5,0,0,minor_delays,0.724,4217.48,0
66,female,40632.28,3386.02,employed,5.6,4113.7,1413.45,2081.19,500.0,debt_consolidation,24,1,45.0,2,0,consistent,0.515,1637.0,1
25,male,64242.6,5353.55,self_employed,3.7,10291.32,2369.71,1984.1,500.0,education,36,2,3.8,0,1,consistent,0.289,8537.35,1
44,female,31304.55,2608.71,self_employed,10.0,0.0,1669.03,14179.42,21209.7,auto,36,2,20.6,0,1,consistent,0.395,0.0,1
61,male,58989.11,4915.76,employed,1.5,18802.14,3529.15,3850.7,14085.19,business,60,2,39.5,0,0,consistent,0.266,7607.88,1
66,male,89522.37,7460.2,employed,7.1,8369.46,6063.63,23070.31,1193.17,education,36,5,45.0,2,0,minor_delays,0.413,4066.4,1
28,male,28153.73,2346.14,employed,14.6,4938.53,993.08,25873.78,5399.28,home,24,2,12.5,0,0,consistent,0.395,2436.89,0
28,male,56632.41,4719.37,employed,6.3,18983.9,3309.35,1861.48,6831.54,auto,48,1,8.4,0,1,consistent,0.237,16179.4,1
38,male,88643.68,7386.97,self_employed,2.4,0.0,5843.75,11190.8,26815.7,debt_consolidation,36,2,18.7,0,1,minor_delays,0.323,0.0,0
47,male,51125.02,4260.42,self_employed,7.1,22246.03,2249.8,1069.0,30336.51,business,60,1,27.0,0,3,consistent,0.201,4736.17,0
67,female,47084.59,3923.72,employed,3.6,7259.95,1551.59,9271.18,35035.19,medical,36,2,45.0,0,0,minor_delays,0.394,5162.26,1
30,female,92250.89,7687.57,self_employed,0.0,26909.16,3373.99,15530.23,500.0,auto,60,1,4.7,0,1,consistent,0.691,7200.36,0
28,male,54038.75,4503.23,retired,8.3,8287.15,1811.15,5444.01,1961.64,debt_consolidation,36,3,5.1,0,1,poor,0.415,5316.35,0
33,male,90716.87,7559.74,contract,10.0,20582.92,6468.95,2229.35,1208.11,business,60,1,7.5,0,1,poor,0.614,11515.11,0
62,male,73153.1,6096.09,employed,4.3,15154.75,3442.58,1264.84,31177.43,business,48,1,39.0,1,1,consistent,0.642,11122.01,1
22,male,53086.04,4423.84,contract,4.0,21926.82,2868.01,4790.46,21589.47,home,36,2,0.6,0,1,minor_delays,0.365,12829.41,0
39,male,74471.95,6206.0,employed,1.7,14319.36,4891.27,1710.27,17882.19,home,36,3,21.8,0,1,minor_delays,0.37,4620.34,1
26,not_specified,70331.69,5860.97,employed,4.9,0.0,3292.43,7037.05,19525.92,auto,60,1,6.7,0,0,irregular,0.36,0.0,1
28,female,88542.95,7378.58,employed,3.3,25105.52,5312.49,5160.85,16375.44,education,36,3,8.8,1,1,irregular,0.134,20896.07,0
65,female,47743.02,3978.58,employed,1.5,11947.8,1566.4,12558.64,4667.44,business,48,2,45.0,0,1,consistent,0.237,5907.93,1
21,not_specified,63071.36,5255.95,student,13.1,22474.19,3280.32,10054.51,22644.9,auto,24,1,0.8,0,2,consistent,0.512,14082.17,0
36,male,60400.59,5033.38,contract,7.4,21282.96,2038.6,7585.7,14952.48,education,48,3,15.0,0,0,irregular,0.228,12486.61,1
64,female,80307.85,6692.32,employed,7.8,3720.44,3289.42,3416.19,3796.46,medical,36,2,44.0,0,0,consistent,0.385,2135.41,1
50,female,35345.34,2945.45,employed,9.0,2022.46,1523.4,20934.45,23317.14,debt_consolidation,48,2,30.3,0,0,consistent,0.47,532.19,1
24,male,88441.4,7370.12,employed,8.6,20864.26,5594.09,15190.3,12316.34,debt_consolidation,36,2,1.0,0,0,consistent,0.511,11387.43,0
43,female,74124.55,6177.05,unemployed,3.8,9361.01,4535.43,16361.36,19502.32,auto,24,3,23.6,0,1,consistent,0.565,3347.53,0
67,female,27759.95,2313.33,employed,6.6,24237.15,1794.76,1179.66,15625.23,education,36,3,45.0,0,0,consistent,0.385,18383.72,0
40,female,93414.83,7784.57,employed,4.4,10861.59,2998.62,225.51,26805.17,debt_consolidation,60,2,20.2,0,1,consistent,0.536,8625.84,1
46,male,120086.42,10007.2,retired,7.3,25280.92,9171.91,10777.32,19421.79,medical,48,2,26.9,1,0,consistent,0.193,5386.87,1
46,female,88047.68,7337.31,employed,6.9,18079.65,2795.66,3351.09,7279.3,debt_consolidation,72,2,30.7,0,1,consistent,0.173,12939.87,1
52,female,99101.6,8258.47,employed,4.0,16455.7,6777.53,3449.59,20542.04,business,60,1,26.8,0,1,minor_delays,0.289,4614.06,1
29,female,64219.66,5351.64,retired,0.2,8511.87,4131.21,1014.56,20901.58,education,48,2,2.9,0,2,minor_delays,0.514,1761.07,0
61,male,18800.87,1566.74,employed,6.1,15789.13,1076.83,9941.81,22624.66,debt_consolidation,36,5,37.3,0,1,irregular,0.502,3309.02,0
68,male,14052.87,1171.07,employed,4.7,27314.23,702.82,18519.72,28394.62,medical,60,2,45.0,0,2,consistent,0.303,14372.89,0
27,male,68632.13,5719.34,employed,0.0,12349.41,4470.04,38310.1,10224.19,medical,36,0,12.1,1,1,minor_delays,0.49,9507.55,0
60,female,46608.55,3884.05,employed,7.5,19374.09,2997.39,33569.6,24347.29,debt_consolidation,36,3,33.9,0,1,consistent,0.484,8098.04,1
60,not_specified,38221.02,3185.08,student,9.4,13556.32,1363.83,17933.49,500.0,debt_consolidation,60,2,43.5,1,0,consistent,0.566,11485.46,0
56,not_specified,60368.59,5030.72,self_employed,15.6,14495.25,4033.63,1788.6,15680.17,medical,72,2,37.8,0,2,consistent,0.194,7172.16,1
38,female,78005.22,6500.43,employed,3.9,33680.93,2566.23,2794.39,13978.74,personal,36,3,16.6,0,1,poor,0.18,11184.03,0
43,not_specified,24228.3,2019.03,employed,3.3,27420.76,1282.71,693.02,32926.3,auto,24,2,25.9,0,4,consistent,0.226,14295.95,0
61,female,50329.18,4194.1,employed,1.1,13952.85,3010.09,5449.19,15280.31,debt_consolidation,48,4,39.7,0,0,consistent,0.18,8914.08,0
28,female,101256.64,8438.05,student,6.3,15573.45,6905.39,14282.21,23687.88,debt_consolidation,48,2,10.7,1,1,consistent,0.303,8627.6,1
60,male,34042.5,2836.88,employed,6.3,4577.55,1741.76,377.01,500.0,home,36,2,40.5,0,1,consistent,0.162,2327.53,1
65,male,84613.79,7051.15,employed,2.3,10924.34,3419.87,35319.7,13130.66,business,48,1,45.0,1,1,consistent,0.615,3625.99,1
53,male,49397.0,4116.42,employed,4.8,16712.77,2592.01,1249.18,7690.04,business,36,4,28.7,0,0,consistent,0.365,11524.1,1
37,female,76190.64,6349.22,contract,0.0,23207.36,3127.74,2106.43,44230.62,business,36,1,9.3,1,1,consistent,0.657,10333.73,0
47,male,90530.52,7544.21,student,9.2,21990.65,4914.1,9096.12,9665.24,medical,48,2,28.5,0,0,consistent,0.288,19338.68,1
23,male,81273.33,6772.78,employed,2.4,0.0,4155.98,5979.0,17806.07,debt_consolidation,36,0,3.7,0,0,minor_delays,0.697,0.0,1
65,female,85638.15,7136.51,employed,5.4,24723.79,5672.72,17455.5,18392.33,home,60,1,44.7,0,0,irregular,0.61,8779.2,1
37,male,32058.57,2671.55,contract,0.0,11934.72,1300.65,10400.97,500.0,home,12,0,16.7,1,0,poor,0.154,9568.7,1
23,male,90955.15,7579.6,employed,3.2,1156.1,3516.87,425.24,11213.61,education,60,1,6.3,1,0,consistent,0.555,400.11,1
59,female,39829.98,3319.16,employed,4.4,29036.62,2058.83,16616.71,21452.43,business,36,0,39.5,0,0,consistent,0.686,9224.37,0
52,female,68748.09,5729.01,employed,5.5,30559.35,2170.08,11609.57,17942.95,medical,72,3,30.4,2,0,poor,0.84,21481.97,0
50,male,68714.4,5726.2,employed,7.4,16164.96,2752.72,8164.87,500.0,home,48,3,26.4,0,0,consistent,0.189,6606.7,1
23,male,74613.19,6217.77,employed,11.3,21505.52,3429.79,356.53,10763.09,medical,36,2,0.9,0,1,consistent,0.184,10583.82,1
57,male,70760.87,5896.74,student,8.4,22209.39,3702.85,11081.53,28229.04,auto,72,1,36.5,0,0,consistent,0.427,11454.19,1
51,female,40060.94,3338.41,employed,9.3,29749.27,1681.15,5833.92,23470.45,debt_consolidation,36,1,33.8,0,0,irregular,0.544,22266.88,1
59,male,26903.45,2241.95,employed,11.3,21736.82,1501.13,9246.14,30398.37,education,36,7,43.8,2,0,irregular,0.567,13085.69,0
60,male,84681.07,7056.76,self_employed,7.8,0.0,6003.16,15467.98,6157.88,debt_consolidation,60,4,35.8,0,0,consistent,0.133,0.0,1
31,not_specified,66831.7,5569.31,contract,5.4,37117.69,3675.32,12939.43,31090.22,education,60,4,12.0,1,1,consistent,0.148,33080.98,1
31,male,91883.8,7656.98,self_employed,9.5,25787.88,3931.85,11058.43,16511.53,auto,48,2,8.3,0,3,minor_delays,0.196,17991.55,1
65,female,60836.94,5069.75,employed,9.8,6885.71,1953.52,8244.71,34514.45,auto,72,1,45.0,0,0,consistent,0.089,2721.22,1
46,not_specified,25465.73,2122.14,employed,8.1,644.5,908.06,4338.03,17036.35,auto,36,1,21.3,0,1,irregular,0.09,474.91,0
42,male,87119.37,7259.95,employed,0.0,19057.76,4863.39,12081.4,500.0,personal,36,4,17.8,1,1,consistent,0.275,15149.88,1
34,female,52370.36,4364.2,self_employed,2.1,9660.88,3228.26,4917.95,26341.8,auto,12,2,13.7,0,2,consistent,0.45,4845.48,0
51,male,70892.09,5907.67,employed,4.4,16959.94,2234.94,11532.35,12121.35,debt_consolidation,36,3,28.5,0,1,minor_delays,0.376,11221.98,1
57,female,45166.05,3763.84,self_employed,8.6,21920.88,1715.42,13136.9,12861.47,personal,48,2,37.7,0,0,irregular,0.281,11909.12,1
21,male,104751.84,8729.32,contract,5.4,6202.7,4642.92,3808.06,1015.94,home,36,1,0.3,1,0,minor_delays,0.084,1794.35,0
47,female,39209.31,3267.44,employed,10.0,0.0,1739.16,7311.46,34844.19,auto,36,1,26.8,0,0,consistent,0.623,0.0,1
68,male,53226.83,4435.57,contract,10.8,17629.82,3975.56,5125.75,11267.89,education,12,4,45.0,1,2,minor_delays,0.638,9000.96,0
34,female,64793.67,5399.47,self_employed,10.3,6599.35,2516.96,6042.62,34325.39,debt_consolidation,36,3,12.0,0,0,irregular,0.226,2920.13,1
34,male,33603.26,2800.27,employed,10.3,14753.15,1079.89,1202.74,12256.33,debt_consolidation,48,5,19.6,0,1,consistent,0.62,7781.04,1
63,female,70593.51,5882.79,self_employed,1.4,0.0,3242.7,21882.23,6794.8,medical,24,1,45.0,0,1,minor_delays,0.71,0.0,1
23,female,103909.67,8659.14,self_employed,7.4,9973.81,3694.27,10636.23,31514.82,debt_consolidation,48,2,5.4,0,0,minor_delays,0.556,7278.96,1
40,female,49247.98,4104.0,contract,3.1,21579.42,1732.51,485.49,16193.32,auto,60,1,15.0,1,0,irregular,0.43,18042.22,1
42,female,72273.71,6022.81,employed,0.0,20271.19,3506.76,4781.7,16300.71,debt_consolidation,36,2,18.7,0,0,consistent,0.497,13763.67,1
59,male,12000.0,1000.0,self_employed,4.4,3539.7,524.64,7159.16,2902.11,home,60,3,41.5,1,0,irregular,0.184,3171.59,1
27,male,60987.84,5082.32,employed,10.8,0.0,2044.54,6569.37,11966.14,education,72,2,7.5,0,0,minor_delays,0.249,0.0,1
41,male,53860.9,4488.41,employed,7.3,13189.16,3116.99,19237.07,21715.65,personal,12,5,19.8,0,0,consistent,0.233,4062.73,1
28,male,40719.06,3393.26,employed,13.6,19732.39,2158.0,20177.84,2709.02,auto,48,1,13.9,0,1,poor,0.766,14864.47,0
58,male,90117.71,7509.81,unemployed,6.2,17862.1,2958.47,19809.86,11070.04,home,36,1,40.4,0,1,consistent,0.227,11493.54,1
51,male,53517.66,4459.81,employed,15.3,6854.08,3754.11,22186.53,12375.09,debt_consolidation,36,1,33.6,0,1,irregular,0.831,5507.12,1
44,female,57385.59,4782.13,self_employed,6.2,16573.89,2449.82,6857.89,17730.85,home,48,1,18.7,1,1,consistent,0.709,11191.7,0
39,not_specified,52192.99,4349.42,employed,5.6,31028.27,3905.72,2858.21,33275.16,education,48,2,16.9,0,0,minor_delays,0.621,6479.23,1
28,female,12162.79,1013.57,contract,0.4,15461.74,892.93,2659.37,13700.52,education,60,1,9.6,0,1,irregular,0.696,10373.08,0
65,female,32568.35,2714.03,employed,9.9,0.0,1621.46,13873.6,9404.49,home,48,4,39.0,0,2,irregular,0.507,0.0,1
52,male,86988.43,7249.04,employed,3.5,15438.4,3481.59,2225.99,47210.08,debt_consolidation,60,4,34.6,0,0,irregular,0.24,7917.7,1
36,male,12000.0,1000.0,employed,2.9,37527.48,825.87,5943.97,12234.96,auto,48,2,15.1,0,2,consistent,0.119,25671.0,0
40,female,42075.8,3506.32,employed,10.6,0.0,1949.28,5244.89,14902.76,medical,24,4,24.4,0,2,minor_delays,0.276,0.0,1
55,male,51607.28,4300.61,employed,10.1,13356.7,1906.13,22173.05,13063.69,auto,12,3,34.8,0,1,minor_delays,0.158,6247.96,0
55,female,107334.17,8944.51,self_employed,10.0,10283.97,5942.88,2618.7,13955.54,auto,36,1,27.2,0,0,consistent,0.698,7190.01,1
43,male,81983.7,6831.97,student,4.1,14150.6,4297.03,8862.11,17855.3,business,48,2,24.0,0,2,consistent,0.324,12182.38,1
35,female,47513.57,3959.46,employed,5.3,15331.03,3304.21,4379.54,27128.76,debt_consolidation,24,1,14.5,0,1,irregular,0.277,5542.79,0
52,male,95917.36,7993.11,contract,5.3,26679.66,6120.25,6535.79,21443.86,business,36,2,29.5,0,0,consistent,0.292,7566.49,1
52,female,42746.59,3562.22,employed,8.6,14017.4,3025.74,6548.53,28848.05,debt_consolidation,36,1,34.4,0,0,consistent,0.678,4128.31,0
49,female,88236.59,7353.05,student,11.7,28327.11,5652.88,7513.13,28484.32,debt_consolidation,36,1,25.0,0,0,irregular,0.058,14739.38,1
24,female,26669.19,2222.43,employed,7.0,11588.13,1591.35,5118.98,19294.07,debt_consolidation,36,4,3.7,1,1,consistent,0.472,4736.85,0
43,female,89904.7,7492.06,contract,13.4,8798.36,4758.21,9235.81,21139.43,business,24,0,24.0,0,2,irregular,0.515,4638.78,1
50,female,51440.53,4286.71,employed,9.1,4969.8,3913.36,3974.95,29196.1,personal,12,1,32.8,0,0,consistent,0.143,1287.38,1
66,female,35258.89,2938.24,self_employed,4.6,0.0,2634.79,738.81,4776.69,debt_consolidation,36,0,39.5,0,1,irregular,0.35,0.0,1
46,male,56354.27,4696.19,employed,8.8,16309.38,3915.9,13533.16,44480.32,auto,36,1,24.0,0,1,consistent,0.195,7225.3,1
37,female,69210.95,5767.58,self_employed,12.3,37648.0,4567.53,1853.19,11361.56,medical,60,3,11.8,0,1,consistent,0.348,32139.71,0
47,male,49136.54,4094.71,retired,13.5,18498.83,2781.16,4944.97,13139.39,medical,36,2,29.7,0,5,consistent,0.63,7546.16,0
29,female,76402.79,6366.9,self_employed,10.2,21240.97,3171.09,1804.92,3669.09,auto,36,1,10.7,0,0,minor_delays,0.325,4964.88,1
25,female,46842.16,3903.51,employed,5.6,8043.62,3314.08,25057.29,3996.34,education,36,3,0.0,0,1,consistent,0.404,3360.0,0
53,not_specified,78129.68,6510.81,employed,4.6,10068.0,2318.92,40283.33,27714.37,debt_consolidation,48,0,29.9,1,0,minor_delays,0.062,8616.38,0
68,female,73497.77,6124.81,employed,7.8,24815.7,2937.71,21417.37,41972.13,education,36,2,45.0,0,0,consistent,0.142,12384.67,1
61,male,60416.0,5034.67,employed,12.2,37104.32,2920.75,9216.05,10760.36,business,24,1,40.5,0,1,minor_delays,0.299,28681.58,0
49,female,50524.06,4210.34,employed,7.2,30855.38,2880.33,1544.26,20820.48,auto,60,2,32.1,0,1,consistent,0.111,11943.6,1
22,female,65940.06,5495.01,self_employed,7.3,22662.94,3680.01,26014.44,19421.83,debt_consolidation,72,5,0.0,0,1,consistent,0.367,6686.59,0
68,not_specified,76306.6,6358.88,unemployed,5.7,13421.81,2862.86,2086.22,28002.69,home,36,4,45.0,0,1,minor_delays,0.322,7350.58,1
42,male,115606.78,9633.9,employed,4.2,15516.63,3947.35,10917.89,41405.86,debt_consolidation,48,4,20.7,0,2,consistent,0.814,10725.59,1
34,male,86424.93,7202.08,student,4.9,3957.91,3433.43,4249.44,33730.71,debt_consolidation,12,4,13.7,0,0,consistent,0.166,3133.25,1
63,female,87375.74,7281.31,student,6.0,0.0,3995.72,750.5,14374.75,medical,12,1,41.1,0,1,minor_delays,0.353,0.0,1
56,male,142301.32,11858.44,self_employed,12.4,0.0,4245.45,6466.07,22816.44,debt_consolidation,12,0,34.1,1,2,consistent,0.022,0.0,1
56,male,75414.92,6284.58,self_employed,4.5,13597.6,4680.12,4511.46,23908.64,debt_consolidation,48,1,34.0,0,1,consistent,0.256,7376.27,0
34,female,74600.73,6216.73,contract,5.7,9496.09,3053.69,8.75,16779.0,business,36,3,12.1,0,1,irregular,0.637,5238.05,1
68,female,80304.39,6692.03,employed,2.0,0.0,3682.63,5584.41,4944.7,home,24,3,45.0,0,1,consistent,0.052,0.0,1
42,male,35766.88,2980.57,retired,8.4,12552.12,1612.17,9634.22,8213.46,home,12,2,18.5,0,1,consistent,0.529,6089.21,1
46,female,50458.56,4204.88,employed,11.0,9178.84,2698.45,5947.0,29629.68,debt_consolidation,12,2,22.9,0,3,consistent,0.354,6702.08,0
57,female,48839.6,4069.97,employed,12.0,0.0,3419.12,2004.45,30764.39,personal,36,1,41.1,0,0,consistent,0.57,0.0,1
52,female,78837.96,6569.83,self_employed,6.3,8557.85,2858.88,7226.65,14716.76,personal,36,1,33.7,0,1,irregular,0.618,2522.72,1
29,female,57471.46,4789.29,employed,7.8,9148.56,2606.4,4752.78,19871.61,home,36,0,7.0,0,1,consistent,0.722,2040.62,0
35,female,65593.81,5466.15,employed,4.9,5600.35,4069.31,4974.71,30169.9,debt_consolidation,36,4,15.8,0,1,irregular,0.514,4782.38,0
38,female,90273.82,7522.82,employed,7.6,24120.04,2822.65,12635.06,500.0,business,36,4,13.8,0,0,consistent,0.659,19453.89,1
66,female,84441.92,7036.83,employed,6.8,0.0,5791.93,3690.67,12090.12,education,48,6,45.0,0,0,consistent,0.451,0.0,1
55,female,57795.25,4816.27,employed,5.7,0.0,4326.17,2750.02,39196.59,debt_consolidation,36,8,36.9,0,1,consistent,0.254,0.0,1
38,male,44580.13,3715.01,employed,6.1,13039.43,2586.96,5782.61,20292.38,auto,36,5,17.6,1,3,consistent,0.148,8501.83,0
56,male,91517.14,7626.43,employed,7.3,14153.53,6827.25,4303.23,4578.62,debt_consolidation,60,5,31.3,0,1,consistent,0.312,4896.74,1
56,male,82121.17,6843.43,self_employed,4.3,17850.58,4006.45,547.6,18290.11,debt_consolidation,48,1,30.4,0,1,consistent,0.425,11595.91,1
39,female,20237.32,1686.44,employed,4.5,6532.32,989.21,3885.81,28235.79,auto,36,5,21.5,0,0,consistent,0.221,3539.76,0
40,female,53858.0,4488.17,contract,12.3,1984.91,1842.67,21482.48,500.0,home,36,1,23.0,0,0,consistent,0.684,921.27,1
63,male,66303.4,5525.28,student,16.3,12912.21,2045.49,16659.04,18939.14,auto,24,1,44.8,0,1,consistent,0.157,8750.82,1
47,male,82249.57,6854.13,self_employed,0.7,7701.06,3354.19,30120.07,12903.44,home,12,2,20.4,0,0,irregular,0.351,1998.4,1
28,male,85662.64,7138.55,employed,0.5,31612.86,4443.99,9324.33,500.0,debt_consolidation,60,3,4.9,0,1,minor_delays,0.632,17473.13,1
55,not_specified,69381.56,5781.8,self_employed,1.7,9109.27,3696.76,28066.27,17901.2,debt_consolidation,48,4,30.8,0,0,consistent,0.161,6655.96,1
49,female,77216.44,6434.7,employed,5.1,12361.78,3050.16,4328.37,15498.72,debt_consolidation,12,2,30.5,0,3,minor_delays,0.712,9654.38,1
45,female,63667.56,5305.63,unemployed,9.1,42705.02,3710.22,7882.28,16735.01,auto,24,2,30.5,1,1,consistent,0.432,23189.28,0
55,female,44479.86,3706.65,employed,7.9,10662.88,1680.18,20066.91,13169.13,debt_consolidation,36,2,36.8,0,1,consistent,0.419,4764.28,0
64,female,55207.13,4600.59,employed,6.2,19673.88,2465.64,11459.51,5765.29,business,36,0,36.8,0,0,minor_delays,0.098,11817.3,1
36,male,62493.77,5207.81,employed,7.6,20755.71,2403.69,4346.11,997.17,education,36,1,18.1,0,0,consistent,0.398,6014.48,1
41,female,61098.34,5091.53,retired,2.7,21776.82,3803.87,9474.02,9402.41,medical,36,6,26.0,0,2,consistent,0.22,5749.85,0
30,not_specified,12975.1,1081.26,employed,4.5,16473.85,696.81,2290.28,26451.77,personal,60,0,7.5,1,0,consistent,0.702,12740.81,0
52,male,51665.43,4305.45,employed,5.4,15326.09,3313.38,5321.47,19563.77,home,48,1,25.8,0,1,consistent,0.667,4422.35,1
40,not_specified,63461.35,5288.45,employed,0.0,14204.01,2023.53,2819.79,16239.09,personal,60,3,21.7,0,1,minor_delays,0.485,6989.62,1
37,male,54684.38,4557.03,student,0.9,6088.07,2699.84,7901.84,5562.55,medical,60,2,16.9,0,1,minor_delays,0.348,2972.33,0
54,female,55582.58,4631.88,employed,1.0,16906.23,4174.1,2656.63,12886.94,home,60,5,33.0,0,0,consistent,0.038,15015.17,1
40,female,74687.78,6223.98,unemployed,8.6,37343.75,2368.62,9579.54,25108.73,home,72,1,12.5,1,0,consistent,0.098,25902.58,1
43,male,33947.11,2828.93,unemployed,6.5,27528.18,1664.75,14096.79,22552.62,debt_consolidation,36,2,19.5,0,0,consistent,0.635,20276.68,0
42,female,19670.9,1639.24,self_employed,7.9,16647.02,611.48,2968.63,11750.81,medical,24,4,24.2,1,0,irregular,0.532,11135.86,0
33,male,52947.59,4412.3,employed,0.0,23269.96,1913.14,14030.31,500.0,auto,24,4,12.0,0,1,minor_delays,0.52,9092.99,1
27,female,81866.97,6822.25,retired,0.0,2569.89,4186.4,8942.3,9576.68,debt_consolidation,48,1,7.9,1,1,consistent,0.623,1163.61,1
60,male,105876.38,8823.03,employed,8.2,9873.85,3880.22,11802.89,11690.36,education,48,3,40.3,0,0,consistent,0.268,3241.29,1
25,female,82335.33,6861.28,employed,0.0,24374.2,4430.26,30306.75,7021.83,medical,24,0,2.9,0,1,consistent,0.621,14124.75,1
36,male,23825.14,1985.43,self_employed,10.4,30846.01,1739.15,13198.4,12455.07,business,60,1,16.9,1,0,irregular,0.432,7851.48,0
53,male,55958.45,4663.2,self_employed,0.0,3749.61,2164.81,6606.45,25982.05,home,60,8,31.3,1,2,poor,0.741,3122.32,0
27,female,68672.49,5722.71,unemployed,8.9,7196.94,2352.58,9296.28,16589.74,debt_consolidation,48,1,5.0,0,0,consistent,0.421,2429.07,1
52,not_specified,66617.37,5551.45,retired,1.9,39176.51,4554.45,4244.95,27886.66,education,36,4,27.6,0,0,consistent,0.536,13690.23,1
56,male,76021.92,6335.16,employed,9.7,14155.13,3879.36,18085.92,500.0,education,24,3,37.4,0,1,consistent,0.279,7632.51,1
52,female,38156.73,3179.73,employed,18.3,34880.34,2712.59,7333.66,13644.3,auto,36,2,27.5,0,0,consistent,0.192,14783.84,0
35,not_specified,63688.52,5307.38,unemployed,0.0,15482.29,2783.67,11430.07,500.0,education,24,3,16.4,0,2,consistent,0.325,4901.38,0
21,male,72928.39,6077.37,employed,8.3,15954.16,4300.91,56157.92,12307.65,debt_consolidation,48,4,0.0,1,0,minor_delays,0.24,14198.59,1
63,female,83467.44,6955.62,employed,0.0,9334.11,6095.13,3863.07,5497.77,auto,36,1,45.0,0,1,minor_delays,0.189,3694.0,1
36,female,41051.33,3420.94,employed,7.2,24310.66,1532.13,10964.73,31093.78,home,36,4,16.1,0,0,consistent,0.524,17446.95,0
59,male,53025.92,4418.83,employed,4.7,29293.33,3563.41,12263.45,21506.83,personal,36,2,37.0,0,0,minor_delays,0.374,20747.19,1
30,male,12000.0,1000.0,employed,6.0,579.97,709.96,7641.34,28163.12,auto,48,0,12.7,0,2,consistent,0.71,215.29,0
28,male,45841.99,3820.17,self_employed,1.9,8770.59,3107.25,10483.79,12277.17,debt_consolidation,36,3,6.5,1,3,minor_delays,0.708,3458.96,0
58,female,48365.21,4030.43,retired,8.6,23980.94,1802.79,16160.37,5783.1,debt_consolidation,72,3,41.2,0,0,consistent,0.107,13771.71,1
66,male,35490.8,2957.57,unemployed,0.0,11445.42,1766.94,27818.37,5432.81,personal,12,2,42.7,0,1,consistent,0.668,9187.47,1
62,female,66305.92,5525.49,employed,10.5,7079.37,2339.7,2431.01,19919.83,personal,60,3,40.0,0,0,consistent,0.691,5080.69,1
57,female,60545.42,5045.45,employed,3.9,25114.51,4527.02,4767.22,36911.78,education,12,3,31.0,0,1,irregular,0.333,10350.6,0
32,female,12000.0,1000.0,employed,0.0,26241.44,500.0,391.04,21536.21,auto,24,6,6.9,0,0,consistent,0.512,6041.65,0
64,female,67603.21,5633.6,employed,11.9,7604.29,2182.04,2669.84,12877.55,business,72,1,45.0,0,0,minor_delays,0.523,4754.07,1
53,male,37863.57,3155.3,employed,5.2,15548.4,2719.71,6782.91,14923.52,business,48,2,35.7,0,1,consistent,0.454,8287.5,1
29,male,74627.91,6218.99,unemployed,13.1,0.0,3242.8,10972.76,16655.7,debt_consolidation,48,2,3.0,0,0,minor_delays,0.055,0.0,1
27,male,28671.87,2389.32,employed,10.4,2254.23,1649.35,8842.05,39293.07,debt_consolidation,48,1,9.4,0,0,consistent,0.438,1470.54,1
62,female,62780.17,5231.68,employed,2.3,14489.98,2688.36,922.12,30569.69,home,36,0,41.6,0,0,minor_delays,0.141,12550.93,0
34,female,54637.75,4553.15,self_employed,5.2,13376.88,3277.32,258.38,19859.55,home,60,1,12.7,0,2,consistent,0.67,11135.51,0
57,male,69880.65,5823.39,employed,6.0,1397.49,2677.06,19231.27,18207.05,auto,24,6,33.9,1,1,consistent,0.567,930.68,0
27,male,65242.13,5436.84,employed,11.6,4408.31,3324.93,4697.5,20292.89,home,60,0,0.0,0,0,consistent,0.642,3841.84,1
34,female,55365.73,4613.81,contract,7.3,219.47,3017.85,3859.43,22437.03,business,60,0,14.8,0,0,consistent,0.434,104.67,1
34,male,22056.92,1838.08,employed,6.2,18460.72,992.89,2867.39,12454.82,education,60,2,16.0,0,0,consistent,0.593,4998.04,0
34,female,23592.59,1966.05,self_employed,4.7,0.0,970.19,3345.52,7715.13,medical,48,1,11.0,0,0,irregular,0.371,0.0,1
53,female,46818.94,3901.58,contract,5.3,861.07,1677.36,3140.54,28354.42,home,48,2,30.9,0,0,minor_delays,0.282,570.27,1
64,male,61784.72,5148.73,employed,10.7,0.0,3874.43,10532.77,17241.81,home,36,4,41.1,0,2,consistent,0.245,0.0,1
64,female,46185.55,3848.8,employed,5.5,18028.25,1716.26,3456.32,27436.01,debt_consolidation,36,6,41.5,1,2,consistent,0.272,15442.9,1
56,female,78255.51,6521.29,self_employed,3.9,0.0,3368.33,9324.52,35107.75,auto,60,0,33.2,0,0,consistent,0.178,0.0,1
30,male,54740.26,4561.69,self_employed,3.2,13380.75,2472.61,4444.89,22726.76,debt_consolidation,48,3,8.0,0,1,minor_delays,0.676,6170.46,0
67,female,36909.67,3075.81,retired,3.3,32674.29,1873.13,9025.87,20944.03,medical,36,1,43.4,0,0,consistent,0.288,12977.11,0
47,male,54769.5,4564.12,student,0.0,33081.21,3425.21,11292.69,52202.67,auto,60,2,26.0,0,1,consistent,0.303,20668.95,0
47,female,67872.36,5656.03,employed,2.5,0.0,3359.28,15086.57,19277.22,business,12,1,24.6,0,0,consistent,0.388,0.0,1
54,not_specified,70447.0,5870.58,employed,11.5,16580.92,4969.59,24649.65,5003.99,home,60,6,34.0,1,2,consistent,0.19,10656.22,1
57,female,110837.86,9236.49,employed,4.7,1132.34,6811.71,12980.83,13906.52,debt_consolidation,60,2,33.4,0,0,consistent,0.817,381.14,1
66,male,44608.36,3717.36,employed,8.3,0.0,3077.74,18327.76,34068.53,education,36,1,44.7,0,2,consistent,0.413,0.0,1
48,female,60089.55,5007.46,employed,0.0,11638.36,3797.27,1760.57,2764.16,auto,12,0,26.0,0,0,irregular,0.668,2932.78,1
50,male,73079.22,6089.94,employed,7.8,27739.49,2647.42,3171.45,8722.94,home,48,2,31.4,0,1,poor,0.62,15652.55,1
56,male,61391.0,5115.92,self_employed,4.9,20195.91,4642.28,785.17,29170.69,education,24,3,39.9,0,1,minor_delays,0.288,7067.35,1
33,female,48983.93,4081.99,self_employed,3.6,4418.31,3258.88,861.05,14012.17,home,72,6,14.2,1,0,consistent,0.18,3633.71,0
35,male,21719.31,1809.94,employed,6.2,21460.41,1224.34,7995.68,15787.3,business,12,3,15.1,2,1,irregular,0.392,16433.39,0
51,female,48718.3,4059.86,student,3.5,0.0,1803.31,1483.04,28807.1,business,36,3,28.6,0,1,consistent,0.591,0.0,1
24,female,34083.74,2840.31,student,0.0,3964.65,1273.68,4710.16,9114.97,personal,12,2,3.5,0,0,consistent,0.088,1104.9,1
36,female,17108.23,1425.69,self_employed,9.2,3113.3,998.22,9167.97,845.37,education,60,7,11.4,0,1,minor_delays,0.261,1596.37,1
55,male,41312.35,3442.7,employed,6.5,13939.85,2021.66,8695.62,1722.25,debt_consolidation,36,2,34.8,0,1,consistent,0.483,4546.4,1
67,female,34775.62,2897.97,employed,4.2,10566.06,2130.7,584.4,23399.58,business,60,1,43.8,0,2,consistent,0.649,2436.98,0
45,male,77178.45,6431.54,employed,1.6,11302.35,3616.35,173.66,19850.45,business,72,1,24.2,0,0,minor_delays,0.241,5444.66,0
40,male,77628.39,6469.03,employed,0.0,10903.37,4155.2,2807.28,9381.77,debt_consolidation,48,2,23.0,1,1,consistent,0.63,4575.19,1
42,female,38499.14,3208.26,unemployed,6.4,13268.89,1466.61,23161.61,4253.29,education,36,4,15.9,1,0,consistent,0.332,11182.35,1
53,female,55234.06,4602.84,employed,12.0,19481.57,2018.18,280.38,14023.7,home,24,2,27.6,0,1,consistent,0.603,16525.23,1
47,male,13685.69,1140.47,employed,6.3,14791.97,500.0,814.81,29281.69,business,60,3,27.9,0,0,poor,0.042,12637.94,0
22,female,49147.16,4095.6,employed,0.0,9587.78,3346.9,4244.21,7806.0,debt_consolidation,36,2,3.2,0,1,consistent,0.598,2013.75,0
46,female,72373.53,6031.13,self_employed,6.4,17820.98,4020.17,1870.55,9710.48,debt_consolidation,60,3,27.8,1,1,consistent,0.323,10037.15,0
40,female,83448.39,6954.03,unemployed,5.3,22913.48,6188.19,2355.54,3904.26,home,60,3,16.7,0,2,consistent,0.51,4875.24,1
54,female,43460.78,3621.73,employed,9.0,6327.69,2814.84,4608.92,12958.46,debt_consolidation,48,1,29.7,0,2,consistent,0.582,3942.98,1
63,male,89348.23,7445.69,contract,7.9,12287.17,5868.65,28567.15,20718.87,personal,48,3,37.0,0,0,consistent,0.33,6830.36,1
67,female,22592.01,1882.67,employed,0.0,26942.88,1205.21,10149.85,40266.86,business,72,2,45.0,0,0,irregular,0.293,13505.54,0
50,male,29561.68,2463.47,employed,7.7,0.0,2007.26,41.01,19395.6,debt_consolidation,48,6,30.9,0,1,minor_delays,0.302,0.0,1
38,male,80451.21,6704.27,employed,1.5,34656.43,5946.53,4047.79,16409.54,home,48,4,19.2,0,0,irregular,0.421,9475.37,1
42,not_specified,105449.15,8787.43,employed,0.0,0.0,6690.68,7321.67,26492.3,personal,36,1,24.5,1,2,consistent,0.776,0.0,0
29,male,74829.23,6235.77,employed,4.7,8855.62,2557.82,2677.5,24658.37,auto,36,3,8.9,0,1,minor_delays,0.409,3271.32,0
65,female,60951.1,5079.26,employed,7.1,1597.72,3662.56,23197.87,10645.73,auto,36,1,44.2,0,1,poor,0.618,519.55,0
61,female,12000.0,1000.0,self_employed,0.0,39255.12,500.0,9546.88,42322.66,auto,72,2,41.9,0,0,consistent,0.482,31243.14,0
61,female,12000.0,1000.0,self_employed,8.3,6959.8,500.0,1473.55,16731.78,home,48,3,34.3,0,0,consistent,0.187,1530.74,0
36,male,65364.65,5447.05,self_employed,8.6,6989.91,4057.8,319.25,19600.13,home,60,3,8.5,0,0,minor_delays,0.117,2464.03,1
36,male,52690.37,4390.86,employed,5.7,8551.02,3626.1,3691.99,23064.83,debt_consolidation,12,4,11.3,0,0,minor_delays,0.762,7199.3,1
62,female,33248.29,2770.69,employed,2.0,14147.23,1220.6,13348.22,20804.6,business,60,2,40.2,0,1,consistent,0.874,11462.02,1
47,male,63703.85,5308.65,student,1.6,9058.7,2082.4,7369.89,33779.37,debt_consolidation,36,2,27.8,0,2,irregular,0.166,4064.36,1
54,female,64993.42,5416.12,unemployed,9.6,11405.36,4632.5,1137.32,10511.0,auto,48,2,30.7,1,1,consistent,0.276,8703.3,0
44,male,86554.81,7212.9,employed,0.0,0.0,3068.07,22969.41,25617.2,personal,12,1,22.3,0,2,poor,0.375,0.0,1
42,female,65551.66,5462.64,employed,9.8,13685.92,2021.17,547.27,18810.25,home,60,3,20.2,0,0,minor_delays,0.271,8872.56,0
51,female,93938.25,7828.19,self_employed,4.8,13213.68,5957.26,6264.14,27809.96,home,48,4,33.8,0,1,consistent,0.682,10811.82,1
60,male,62207.84,5183.99,employed,5.1,25462.83,4319.29,7164.0,14635.16,auto,36,4,38.9,0,1,consistent,0.341,13504.91,0
37,not_specified,59001.29,4916.77,contract,0.0,28708.73,3162.71,23438.87,13145.43,debt_consolidation,36,3,15.7,1,1,minor_delays,0.355,9095.39,1
59,male,89672.12,7472.68,employed,4.9,10747.5,4915.21,2496.79,25052.81,education,36,3,41.0,0,0,consistent,0.19,6503.97,1
32,female,36560.54,3046.71,employed,8.0,22794.75,1651.35,8136.49,20937.93,business,36,2,9.9,0,1,consistent,0.031,16497.05,1
40,male,135175.63,11264.64,contract,0.2,0.0,5473.76,2898.19,7976.76,debt_consolidation,24,1,21.3,1,0,minor_delays,0.77,0.0,1
64,female,71756.69,5979.72,employed,7.5,22208.11,4667.07,6713.74,31801.74,auto,36,1,41.6,0,0,poor,0.284,10335.5,1
66,female,71901.56,5991.8,employed,5.9,6130.29,4997.71,375.12,25057.6,auto,36,2,39.3,0,0,consistent,0.754,2445.1,1
65,male,75652.5,6304.37,contract,2.9,0.0,3360.92,8370.0,16183.75,medical,36,3,41.7,0,0,minor_delays,0.243,0.0,1
36,female,110805.55,9233.8,employed,8.9,10772.94,4673.01,340.78,11849.46,home,48,1,17.1,0,0,poor,0.192,4038.81,1
61,male,82605.19,6883.77,employed,0.0,29805.67,3460.06,4369.4,21005.44,auto,36,4,39.8,1,0,consistent,0.564,11026.42,1
65,female,20268.54,1689.05,employed,6.9,15172.07,639.88,1650.57,24265.34,personal,24,2,43.0,0,2,consistent,0.383,4971.21,0
67,male,98490.23,8207.52,employed,12.0,30957.86,4187.58,14394.77,500.0,debt_consolidation,60,0,45.0,0,3,consistent,0.534,14155.28,1
22,female,53136.69,4428.06,employed,11.3,4015.21,1614.56,1600.63,21132.49,business,36,3,0.0,1,0,consistent,0.102,2037.62,1
56,female,64786.03,5398.84,employed,7.1,25574.21,4315.79,2522.45,24178.1,business,48,0,34.0,0,0,consistent,0.529,18091.25,0
68,female,28739.4,2394.95,employed,4.3,5174.08,1187.6,6824.14,500.0,debt_consolidation,60,2,45.0,0,2,consistent,0.434,1425.05,0
57,male,75681.25,6306.77,unemployed,3.0,15703.94,4688.38,6247.8,19158.09,personal,60,2,39.5,0,0,consistent,0.657,7823.17,1
32,not_specified,45064.27,3755.36,self_employed,4.3,15600.19,2477.1,7386.64,24640.7,education,36,3,10.8,0,0,consistent,0.762,10303.72,1
57,female,64604.41,5383.7,self_employed,7.7,20937.9,4454.23,2036.18,23389.66,auto,36,0,34.6,0,1,consistent,0.741,12174.68,1
26,female,54613.43,4551.12,self_employed,2.3,16008.89,4084.25,12188.77,25826.93,auto,60,2,3.7,0,0,consistent,0.67,12031.88,0
44,male,112050.33,9337.53,contract,8.5,4129.79,5223.0,13363.04,13396.77,home,60,0,26.6,0,2,minor_delays,0.191,3405.51,1
51,female,113538.77,9461.56,employed,14.0,23563.68,3787.98,4428.48,5561.03,debt_consolidation,24,2,30.0,0,1,consistent,0.089,8221.83,1
42,female,63209.34,5267.45,retired,5.3,33779.88,4094.38,6795.6,500.0,medical,48,4,20.0,0,0,minor_delays,0.418,28241.73,0
54,female,63663.42,5305.29,self_employed,0.1,5994.36,1921.27,21276.92,29014.46,auto,60,2,32.8,0,1,consistent,0.331,4913.91,1
32,female,52290.48,4357.54,self_employed,0.1,0.0,2078.93,8114.16,24733.72,home,60,3,7.6,0,1,consistent,0.546,0.0,1
50,male,90756.16,7563.01,employed,8.6,18991.83,2876.61,5307.7,29853.38,medical,24,0,35.1,2,1,consistent,0.503,14610.88,1
51,female,53448.08,4454.01,contract,5.3,9025.84,3839.11,3369.84,9023.45,auto,36,1,33.1,0,3,irregular,0.602,5060.43,1
51,female,51045.23,4253.77,employed,9.0,11426.77,1501.66,8068.4,25842.2,debt_consolidation,36,3,30.1,0,0,minor_delays,0.68,8771.03,1
34,female,87443.41,7286.95,contract,3.4,19674.13,4597.07,7627.32,500.0,debt_consolidation,36,2,15.0,0,2,consistent,0.385,14236.44,1
35,female,48004.22,4000.35,student,8.8,7523.29,2366.93,20631.33,7435.57,personal,48,3,19.3,0,0,consistent,0.495,6572.96,1
33,male,61018.37,5084.86,employed,4.9,9773.78,3671.6,1290.27,18385.75,home,36,2,15.7,2,0,consistent,0.229,3467.47,0
43,male,20885.92,1740.49,employed,2.6,11798.57,896.62,2356.67,24295.28,home,36,1,17.9,0,0,poor,0.243,8438.88,0
49,male,80308.95,6692.41,student,3.9,30637.05,5675.21,3102.89,35469.14,auto,36,2,31.9,0,0,minor_delays,0.386,6425.42,1
38,not_specified,112462.54,9371.88,employed,0.7,13360.84,7203.01,587.95,14359.3,auto,60,1,13.2,0,1,consistent,0.66,11292.86,1
40,male,80751.86,6729.32,contract,13.5,0.0,4013.42,25426.22,7476.75,auto,60,5,17.6,0,1,consistent,0.263,0.0,1
34,male,100006.78,8333.9,employed,5.1,0.0,4617.6,16008.95,6911.36,personal,60,4,6.4,2,1,consistent,0.785,0.0,1
31,female,40001.34,3333.45,employed,8.1,14670.76,2716.95,17624.23,9433.69,home,60,2,9.3,0,0,minor_delays,0.492,11592.2,1
52,female,68144.43,5678.7,student,3.4,0.0,4438.04,8679.54,41431.29,debt_consolidation,72,3,31.4,0,2,consistent,0.339,0.0,1
60,male,37477.84,3123.15,self_employed,1.3,0.0,1803.4,8196.76,25325.61,personal,36,3,36.1,0,0,consistent,0.379,0.0,1
34,female,56078.1,4673.17,employed,4.6,20626.43,2544.93,10799.05,29237.85,debt_consolidation,24,0,15.7,0,0,consistent,0.226,9343.96,1
62,male,82077.5,6839.79,self_employed,9.9,21213.98,2545.54,4030.81,14371.16,personal,60,1,37.8,0,1,irregular,0.396,12490.48,1
48,male,64647.34,5387.28,employed,3.4,8582.36,2136.45,2085.19,16981.86,medical,48,4,29.1,0,1,consistent,0.19,6795.68,1
29,not_specified,25271.33,2105.94,employed,2.0,16523.91,801.8,8567.5,24691.91,education,36,3,9.6,0,1,consistent,0.698,13628.41,0
38,male,27809.24,2317.44,self_employed,6.1,15257.46,843.35,7059.44,11436.21,debt_consolidation,72,0,13.9,0,1,consistent,0.119,7924.84,1
21,male,26089.74,2174.14,student,7.5,20229.03,950.4,19411.77,13795.61,debt_consolidation,36,3,3.7,1,0,minor_delays,0.707,14243.34,0
22,male,74777.77,6231.48,self_employed,12.1,20257.0,5225.54,2826.14,9578.25,debt_consolidation,60,1,1.4,0,0,consistent,0.659,10676.53,0
37,female,115661.26,9638.44,employed,6.9,0.0,7758.47,994.87,12077.58,home,48,4,16.7,0,0,minor_delays,0.354,0.0,1
42,female,97423.91,8118.66,employed,8.1,10114.01,6754.54,19570.01,17538.76,education,12,1,18.9,0,0,minor_delays,0.632,7173.79,1
59,male,12704.38,1058.7,employed,8.4,19214.85,746.98,3890.48,7961.19,home,60,2,36.6,0,0,consistent,0.229,9643.87,0
27,female,98947.97,8245.66,employed,0.9,8074.52,5819.1,12994.42,20145.77,debt_consolidation,60,5,9.9,0,3,irregular,0.17,4430.33,1
61,male,86346.41,7195.53,unemployed,1.6,13434.43,3026.74,7208.01,20130.4,debt_consolidation,48,2,44.0,0,1,consistent,0.598,4409.06,1
32,female,21822.2,1818.52,employed,1.2,22008.4,1361.0,5127.21,15028.26,auto,48,3,8.4,1,1,minor_delays,0.29,18898.67,0
27,male,54116.76,4509.73,contract,0.2,13971.1,2298.23,4425.97,7897.94,debt_consolidation,24,3,0.3,0,1,consistent,0.154,5288.6,0
54,male,90483.58,7540.3,employed,8.7,31095.03,4870.84,30685.92,18154.59,education,24,2,33.2,1,0,consistent,0.507,10166.42,1
58,female,76311.27,6359.27,employed,6.7,26523.84,5686.41,14012.11,11446.05,debt_consolidation,12,5,41.5,1,0,consistent,0.737,13699.08,1
50,male,27963.53,2330.29,employed,5.8,11577.23,1972.01,10784.96,17512.54,auto,24,0,33.0,0,0,minor_delays,0.4,8200.3,0
26,male,77879.3,6489.94,unemployed,0.0,10623.45,3134.12,3203.0,29079.4,education,36,4,4.4,0,4,consistent,0.309,7201.57,1
26,male,12000.0,1000.0,employed,13.7,0.0,769.89,5166.14,3217.66,auto,36,1,4.7,0,2,minor_delays,0.37,0.0,1
39,female,56206.62,4683.89,employed,1.9,9081.97,1917.26,3962.61,40908.35,medical,24,1,20.5,0,0,consistent,0.374,3500.79,1
42,female,91586.88,7632.24,employed,13.7,0.0,2787.62,29180.04,16202.24,medical,36,4,23.0,0,0,minor_delays,0.204,0.0,1
68,male,62478.25,5206.52,employed,0.0,15654.75,1905.9,25578.74,21530.23,debt_consolidation,36,3,42.5,0,1,consistent,0.127,9741.32,1
34,male,49027.62,4085.64,employed,2.3,14834.45,1826.44,8476.14,8719.75,debt_consolidation,36,0,10.6,0,0,consistent,0.439,12905.54,1
30,female,85123.0,7093.58,retired,0.0,21350.27,5292.67,23405.07,29564.33,medical,72,3,9.9,1,2,consistent,0.03,17562.48,0
66,male,87343.55,7278.63,unemployed,6.9,29760.05,4054.81,2842.49,15618.11,business,72,4,43.5,0,2,minor_delays,0.379,16461.92,1
28,female,96061.03,8005.09,self_employed,1.1,12684.77,2874.52,9963.96,12664.7,personal,60,3,4.2,0,0,consistent,0.607,5891.88,0
22,not_specified,84732.9,7061.08,contract,1.2,40365.0,6447.98,9691.26,10669.33,debt_consolidation,12,1,0.0,0,1,consistent,0.334,19254.62,0
41,female,90115.74,7509.65,employed,0.0,15789.42,4911.5,5863.11,14046.59,personal,48,5,15.7,0,0,irregular,0.378,12068.65,1
40,male,81055.62,6754.64,student,8.6,0.0,3880.62,3216.86,21601.82,personal,24,4,21.6,0,1,consistent,0.537,0.0,1
50,female,68903.74,5741.98,employed,8.3,6255.14,3707.85,16389.15,18900.92,debt_consolidation,36,0,30.3,0,0,minor_delays,0.1,1431.71,1
63,female,64327.23,5360.6,employed,12.7,8527.04,3465.0,14428.13,16561.54,debt_consolidation,60,1,41.6,0,2,minor_delays,0.725,2156.93,1
65,male,55831.25,4652.6,employed,2.8,20105.53,2875.47,4534.28,9174.36,home,36,2,45.0,0,0,consistent,0.325,10795.63,1
34,female,30478.42,2539.87,unemployed,6.4,1633.0,1776.34,1740.64,8539.09,auto,60,0,11.1,0,0,consistent,0.341,935.1,1
68,female,37161.9,3096.83,employed,0.3,9424.29,2647.19,3494.38,11930.38,debt_consolidation,48,4,45.0,0,0,consistent,0.463,8221.99,1
51,male,54667.62,4555.64,employed,4.2,11067.52,2377.94,16543.86,22063.03,debt_consolidation,36,2,28.5,0,1,minor_delays,0.506,3306.43,0
24,female,68277.76,5689.81,employed,3.4,7622.55,3570.77,11192.95,24284.86,medical,24,3,5.0,0,0,irregular,0.668,5834.15,0
66,male,99461.13,8288.43,employed,7.4,22736.98,2918.17,2914.82,25767.49,debt_consolidation,60,3,43.5,0,2,consistent,0.306,18800.0,1
27,male,60913.27,5076.11,employed,9.6,20695.86,4264.41,9058.66,16983.86,medical,36,1,9.3,0,0,consistent,0.184,9609.88,1
49,female,88090.38,7340.87,self_employed,9.5,26998.81,3849.29,884.86,21219.18,debt_consolidation,12,0,29.0,0,0,consistent,0.439,8457.66,1
58,female,90062.21,7505.18,contract,2.1,9027.7,3787.41,9882.87,15147.04,medical,24,2,34.0,0,3,consistent,0.692,3362.09,0
32,male,55982.38,4665.2,self_employed,9.5,27430.33,4285.43,3845.45,500.0,home,72,2,10.4,0,2,consistent,0.53,18212.33,0
33,female,77461.95,6455.16,employed,5.3,0.0,4409.55,9861.45,14624.81,debt_consolidation,36,3,9.6,0,0,irregular,0.103,0.0,1
43,female,55668.27,4639.02,employed,4.2,0.0,1949.01,9337.79,12871.41,education,72,8,21.6,1,0,consistent,0.099,0.0,1
63,not_specified,96375.53,8031.29,retired,2.7,0.0,4026.48,1220.43,5570.5,debt_consolidation,48,3,44.4,0,1,consistent,0.686,0.0,1
31,male,78531.93,6544.33,employed,3.3,13110.54,3608.14,11566.97,10758.66,home,36,5,11.9,0,0,consistent,0.558,9913.07,0
52,female,31047.42,2587.29,employed,12.5,27428.54,2359.74,5537.13,18486.01,home,36,1,30.8,0,1,poor,0.619,19699.9,0
42,female,66199.64,5516.64,self_employed,6.7,5774.3,3284.91,33891.17,4534.29,business,60,1,22.5,1,0,consistent,0.598,1675.06,1
26,male,104850.92,8737.58,self_employed,6.2,7279.68,4204.32,8621.11,9181.36,business,36,3,6.6,1,1,minor_delays,0.368,5180.4,1
55,male,57287.99,4774.0,unemployed,4.5,10407.78,3221.24,5908.67,34026.92,debt_consolidation,12,3,34.4,0,1,minor_delays,0.264,6446.93,1
60,female,73640.59,6136.72,employed,15.3,19873.94,3563.67,2638.12,500.0,personal,36,4,37.8,0,1,minor_delays,0.306,4683.81,1
48,male,76192.85,6349.4,employed,10.7,7268.5,2421.2,6592.91,14985.0,debt_consolidation,60,2,29.1,0,2,consistent,0.588,2901.92,1
29,male,35047.8,2920.65,self_employed,2.6,6599.0,2455.46,2176.22,4170.6,medical,48,1,8.1,1,2,minor_delays,0.171,3274.23,0
28,female,75278.41,6273.2,self_employed,4.4,0.0,2251.71,8671.96,8732.0,business,36,0,3.8,0,1,consistent,0.543,0.0,1
41,male,25760.29,2146.69,employed,4.6,6139.35,1850.74,12272.37,14824.89,home,36,6,23.1,0,1,consistent,0.799,2003.69,0
45,male,45733.77,3811.15,student,6.1,27129.54,3054.1,8608.26,6136.66,auto,36,3,24.1,0,0,irregular,0.406,15438.29,1
47,male,89968.8,7497.4,employed,2.7,14091.11,2948.12,17552.02,23313.24,auto,60,1,32.8,0,2,minor_delays,0.357,12263.77,0
32,not_specified,71275.66,5939.64,employed,7.3,4121.75,4528.73,923.43,31862.66,business,24,4,11.0,0,1,consistent,0.27,1847.52,1
45,female,54083.58,4506.96,self_employed,11.3,27833.73,3557.96,1416.85,26258.46,education,72,4,22.0,0,1,minor_delays,0.585,8518.05,0
35,male,73607.99,6134.0,employed,0.2,5977.44,4252.79,18357.75,28270.74,auto,60,2,14.0,2,1,minor_delays,0.495,3156.7,0
53,female,60437.6,5036.47,employed,1.0,30039.47,3421.13,194.49,1822.91,business,36,3,33.5,0,1,irregular,0.175,15482.54,0
59,female,62327.04,5193.92,unemployed,3.6,29843.28,1964.97,1541.88,14326.22,debt_consolidation,60,0,35.0,0,2,minor_delays,0.397,25129.1,0
52,male,79077.28,6589.77,self_employed,3.8,13672.14,2529.9,10850.02,22141.63,business,48,4,29.8,0,0,consistent,0.42,7159.41,1
21,male,43088.44,3590.7,unemployed,13.5,0.0,2745.29,6743.0,26583.1,auto,48,5,0.7,0,1,consistent,0.19,0.0,1
68,female,63048.75,5254.06,employed,9.5,40474.01,2155.07,913.16,36286.88,personal,24,1,45.0,1,0,consistent,0.271,14454.78,0
22,female,53881.03,4490.09,employed,9.3,17647.31,2190.49,584.18,28759.44,medical,60,3,1.7,0,0,consistent,0.182,3956.28,1
68,male,20774.31,1731.19,employed,4.4,9113.36,1098.16,1813.08,26861.37,debt_consolidation,36,1,45.0,0,0,minor_delays,0.157,6552.26,1
22,not_specified,38068.15,3172.35,employed,4.4,24473.53,1407.17,2577.04,45969.55,education,60,4,3.4,0,3,minor_delays,0.464,9482.79,0
45,male,102773.37,8564.45,employed,0.0,21427.63,6853.34,14507.44,18059.4,business,36,3,26.9,1,0,consistent,0.407,16104.24,0
26,female,72002.81,6000.23,unemployed,8.6,28731.26,4861.42,8326.35,13820.36,business,36,4,7.7,0,0,minor_delays,0.039,16814.29,1
25,female,27586.7,2298.89,employed,7.5,5051.83,1908.13,6528.17,18950.94,debt_consolidation,72,2,0.9,0,1,consistent,0.455,3526.95,1
53,male,21950.79,1829.23,self_employed,10.6,16821.68,691.91,353.37,6934.42,education,36,2,31.1,1,1,minor_delays,0.517,5756.83,0
55,male,59083.74,4923.64,self_employed,4.7,0.0,2924.09,3797.53,17743.97,debt_consolidation,12,3,28.9,0,0,consistent,0.128,0.0,1
26,male,102590.85,8549.24,employed,4.9,20996.01,7119.32,8880.77,500.0,medical,60,4,3.2,0,1,minor_delays,0.441,10344.88,1
67,male,57144.29,4762.02,employed,6.2,12724.66,2652.61,13094.06,11175.29,auto,36,1,45.0,0,0,consistent,0.908,5722.89,1
36,female,95981.99,7998.5,self_employed,9.1,16372.11,5971.82,7656.33,15731.33,debt_consolidation,60,2,16.9,0,0,consistent,0.708,9075.1,1
36,female,71150.2,5929.18,employed,0.0,11243.8,4066.65,4500.81,27445.99,business,60,5,14.9,0,0,consistent,0.394,8138.36,0
35,female,74252.51,6187.71,employed,8.4,9988.13,3390.3,19211.36,29222.0,home,12,4,13.2,0,0,irregular,0.237,8352.02,1
43,male,27271.27,2272.61,self_employed,5.4,2581.23,1153.46,366.88,6400.21,debt_consolidation,48,3,17.6,0,0,consistent,0.371,1590.08,1
29,male,86375.6,7197.97,employed,1.3,22485.16,5197.39,8322.15,39836.37,business,72,2,5.4,0,2,consistent,0.163,8052.0,1
41,male,53291.77,4440.98,employed,0.0,30876.45,1892.59,7217.74,18632.11,home,60,0,19.8,0,0,irregular,0.721,12560.2,0
31,male,84440.4,7036.7,self_employed,5.0,6319.98,5912.73,6083.74,19640.49,debt_consolidation,36,1,3.2,0,3,minor_delays,0.277,5270.59,1
23,female,40831.58,3402.63,employed,11.3,19642.49,2308.93,3937.43,500.0,business,48,2,0.0,0,2,irregular,0.496,6810.95,0
38,male,66603.28,5550.27,employed,12.2,18186.2,2295.35,5104.26,10179.37,home,48,3,19.6,0,0,poor,0.292,4845.68,1
53,not_specified,71152.08,5929.34,employed,6.9,13097.17,4453.0,4088.17,28548.06,debt_consolidation,24,1,30.3,0,2,consistent,0.516,11064.66,1
57,female,57995.13,4832.93,contract,13.3,0.0,2879.14,3055.31,18867.56,debt_consolidation,48,2,37.6,1,1,minor_delays,0.611,0.0,1
37,female,72518.18,6043.18,self_employed,5.3,0.0,2818.09,4489.83,18185.96,auto,36,1,18.9,2,1,consistent,0.424,0.0,1
36,male,55073.68,4589.47,retired,9.3,3628.22,4120.47,14563.71,19498.89,auto,36,2,15.7,0,0,irregular,0.526,1095.45,1
58,female,45124.45,3760.37,contract,3.7,0.0,2858.63,3945.2,1124.75,auto,36,0,37.8,0,0,minor_delays,0.399,0.0,1
53,male,103742.57,8645.21,self_employed,3.4,29896.37,5947.96,7194.9,15937.31,personal,60,3,32.4,0,0,irregular,0.638,9880.93,1
60,female,89272.77,7439.4,self_employed,2.8,17412.44,6203.37,3144.36,32491.63,home,36,3,43.8,0,2,consistent,0.416,14417.58,1
64,female,42217.52,3518.13,employed,0.0,12640.47,2321.98,195.12,28953.78,medical,36,1,41.5,0,0,minor_delays,0.276,2969.33,1
60,not_specified,76779.55,6398.3,employed,10.6,0.0,3849.46,2236.88,15622.81,auto,12,2,38.4,0,0,irregular,0.323,0.0,1
65,female,42690.35,3557.53,self_employed,2.9,0.0,1629.29,901.15,34200.36,business,24,2,44.9,0,0,consistent,0.724,0.0,0
40,female,31198.2,2599.85,employed,2.3,12971.9,1137.26,3504.25,3149.92,auto,72,2,15.3,0,1,consistent,0.677,7745.8,0
39,female,88879.05,7406.59,unemployed,0.8,36645.88,4415.97,645.56,6311.33,debt_consolidation,36,3,18.8,0,0,irregular,0.484,18151.14,0
36,female,17693.41,1474.45,employed,4.7,4616.27,899.28,7553.71,37499.85,auto,24,1,13.9,0,2,poor,0.142,2330.65,0
32,female,86098.25,7174.85,employed,12.6,23365.58,5510.2,7554.16,23357.7,business,72,1,9.0,0,1,minor_delays,0.386,12888.97,1
56,male,55429.22,4619.1,employed,13.9,7241.17,2780.65,3986.39,13822.24,debt_consolidation,12,2,39.4,0,1,consistent,0.337,6491.07,1
55,female,56499.79,4708.32,employed,0.0,13662.87,3239.8,209.71,16391.5,home,36,4,30.9,0,0,consistent,0.357,9175.37,1
59,female,72653.53,6054.46,student,4.1,27576.21,4992.12,13593.36,8127.06,business,60,4,37.9,0,0,minor_delays,0.317,14917.13,0
29,female,77111.17,6425.93,employed,1.4,8848.58,5887.44,9873.54,20042.52,education,60,3,7.6,0,2,irregular,0.348,3763.26,1
44,male,40515.08,3376.26,contract,9.5,4718.74,1802.38,3589.38,19171.27,auto,24,0,26.3,0,3,consistent,0.562,2607.87,1
31,female,80660.87,6721.74,employed,6.6,30016.85,5808.35,20005.82,17218.73,education,48,1,13.6,0,0,consistent,0.374,25389.18,1
63,male,64947.63,5412.3,unemployed,3.0,13546.69,4380.98,208.62,4242.68,medical,48,1,41.4,0,2,consistent,0.184,4785.78,1
33,not_specified,29342.58,2445.21,employed,5.8,26094.46,950.61,3605.79,19912.32,auto,48,0,11.1,0,2,consistent,0.724,11529.46,0
27,female,57583.26,4798.61,student,3.6,4777.01,2593.51,3158.04,11175.37,business,36,3,9.7,0,2,consistent,0.216,1172.74,1
48,female,97913.25,8159.44,self_employed,12.0,29880.09,3874.55,25.08,6154.25,debt_consolidation,60,2,30.9,0,1,consistent,0.281,19137.05,1
63,male,105591.46,8799.29,employed,7.7,16283.53,6412.03,6117.74,30934.17,debt_consolidation,36,2,45.0,0,1,consistent,0.367,11999.53,1
64,female,80651.06,6720.92,self_employed,8.2,18217.45,4479.63,8831.21,40866.93,business,48,1,44.1,0,1,consistent,0.302,11703.22,1
25,male,31051.07,2587.59,employed,0.0,14579.55,1635.52,14645.06,38368.82,business,60,1,6.9,0,0,irregular,0.371,11201.25,0
36,not_specified,74755.78,6229.65,employed,5.2,6934.3,4891.72,11448.03,24151.35,home,60,2,11.3,0,0,minor_delays,0.204,5128.08,1
28,male,84122.38,7010.2,employed,13.8,12979.81,3785.41,5641.41,14078.56,business,60,0,6.9,0,0,minor_delays,0.165,11431.65,1
35,female,80868.41,6739.03,employed,10.8,7688.92,3828.91,1729.34,16226.09,debt_consolidation,36,5,14.0,0,1,irregular,0.09,3972.93,1
46,female,82408.81,6867.4,employed,0.0,24514.55,5792.04,826.23,21461.62,education,12,3,25.8,0,1,consistent,0.142,6345.57,1
34,female,71444.84,5953.74,self_employed,4.2,10563.31,5383.12,13261.13,12377.27,home,36,4,14.4,0,0,poor,0.206,6071.56,1
24,female,60117.28,5009.77,unemployed,0.7,0.0,3970.36,15014.88,31506.91,auto,12,2,4.0,0,2,consistent,0.31,0.0,0
45,male,46182.45,3848.54,employed,12.3,0.0,1823.17,11205.81,500.0,personal,48,0,26.5,0,0,consistent,0.118,0.0,1
23,male,12653.68,1054.47,contract,6.5,0.0,500.0,21786.61,13747.02,auto,48,1,0.3,0,1,consistent,0.602,0.0,0
31,male,70830.69,5902.56,employed,2.4,20415.65,2769.76,20617.44,25811.79,auto,36,1,11.2,0,1,irregular,0.493,14620.68,0
21,male,66837.37,5569.78,employed,5.6,0.0,3291.6,13501.84,7703.24,debt_consolidation,24,1,0.0,0,4,consistent,0.137,0.0,1
25,female,76496.97,6374.75,employed,0.0,16601.03,3091.23,11441.64,14358.36,debt_consolidation,60,2,5.8,0,1,consistent,0.878,10958.29,0
41,male,27223.86,2268.66,student,1.2,14638.89,1959.2,18104.86,23530.08,personal,48,1,24.5,0,1,consistent,0.578,10174.72,0
61,male,78770.43,6564.2,employed,5.6,12223.5,4807.04,5877.07,33700.96,medical,36,2,39.3,1,3,poor,0.231,10750.19,1
58,male,115418.17,9618.18,employed,8.9,18260.86,5651.02,2660.9,2766.68,education,36,1,33.4,0,3,consistent,0.645,12982.81,1
25,male,64039.7,5336.64,self_employed,0.0,14899.64,2700.73,2657.14,1951.18,personal,24,2,2.4,0,0,consistent,0.437,4345.05,1
22,female,60396.7,5033.06,employed,4.0,0.0,2853.63,11833.17,6593.67,debt_consolidation,48,2,2.3,0,0,consistent,0.128,0.0,1
37,male,70034.06,5836.17,employed,9.5,9116.5,3626.3,12222.21,500.0,education,12,2,13.2,0,0,consistent,0.608,4413.86,1
52,male,114840.76,9570.06,employed,0.0,18101.24,7243.38,3964.22,869.84,debt_consolidation,36,3,35.0,0,0,irregular,0.673,8700.4,1
56,male,35385.16,2948.76,employed,6.4,32683.39,1182.23,1851.07,6300.73,business,24,0,34.0,0,0,consistent,0.088,24498.27,1
60,female,67283.38,5606.95,employed,5.8,33237.49,4675.27,18176.94,30568.43,business,24,3,39.4,0,1,consistent,0.306,20167.61,0
37,female,41208.91,3434.08,employed,12.4,0.0,1451.62,20147.76,13567.16,business,36,2,12.6,0,0,irregular,0.449,0.0,1
29,not_specified,47777.88,3981.49,unemployed,4.6,8803.3,1989.14,4591.2,17345.13,debt_consolidation,12,2,7.4,1,1,irregular,0.505,6356.49,0
22,male,60710.65,5059.22,contract,4.8,0.0,4636.0,3825.06,6489.89,medical,60,1,0.0,0,0,poor,0.021,0.0,1
28,female,97030.4,8085.87,employed,8.9,31238.62,3706.71,5138.51,23968.91,auto,60,1,2.9,0,1,consistent,0.641,22817.92,1
24,male,108825.76,9068.81,employed,0.2,25154.27,3696.91,604.92,37633.4,personal,12,4,0.3,0,0,consistent,0.134,8879.27,1
62,female,73651.7,6137.64,retired,4.6,17207.05,4381.61,12163.67,7236.07,auto,12,4,40.8,0,1,irregular,0.269,4630.39,1
33,male,52208.54,4350.71,self_employed,3.7,14993.14,2497.67,2183.4,35972.23,home,60,4,9.7,0,0,consistent,0.691,4691.07,0
60,female,126811.21,10567.6,self_employed,4.9,29567.57,4251.83,10523.07,21008.67,medical,12,3,41.1,0,0,consistent,0.578,22652.48,1
47,female,50883.58,4240.3,self_employed,8.9,27535.9,1493.15,4530.08,17185.5,education,36,4,24.9,1,0,irregular,0.262,23935.43,1
46,female,47150.47,3929.21,employed,7.7,26896.54,1552.52,11815.73,21401.36,debt_consolidation,24,3,27.4,0,2,consistent,0.258,23017.5,0
42,female,15851.48,1320.96,employed,2.5,18480.16,855.93,3473.84,21295.79,auto,48,7,20.5,0,2,minor_delays,0.261,3862.08,0
60,male,98298.38,8191.53,employed,6.0,8809.26,3945.12,4757.0,37428.15,debt_consolidation,72,3,36.5,0,1,poor,0.521,7897.94,1
23,male,87174.39,7264.53,employed,11.5,22205.5,5762.26,8614.86,22722.43,medical,24,1,1.5,0,0,minor_delays,0.479,18221.19,1
25,male,124862.94,10405.25,retired,2.2,22792.5,8727.71,738.75,22952.18,auto,72,4,5.8,0,2,irregular,0.101,7731.09,1
41,female,25872.39,2156.03,employed,6.1,10712.35,932.6,8597.79,12363.5,debt_consolidation,60,1,20.3,1,0,minor_delays,0.583,6322.23,0
39,male,99912.44,8326.04,employed,4.7,8785.01,4513.56,956.68,26229.85,debt_consolidation,72,4,17.0,0,1,minor_delays,0.457,7811.88,1
47,male,63823.52,5318.63,unemployed,5.2,26599.76,2305.88,4502.36,6474.68,home,60,5,25.0,0,0,minor_delays,0.772,14089.77,1
56,male,82958.61,6913.22,student,0.0,32969.39,3549.35,10521.91,18199.04,home,60,3,34.3,0,1,consistent,0.312,28597.96,1
49,male,19157.79,1596.48,employed,11.1,4007.25,776.44,6634.76,48716.12,personal,48,4,26.2,0,2,consistent,0.495,2326.88,0
33,female,100170.13,8347.51,employed,2.4,9839.48,6665.6,5132.26,500.0,personal,60,4,10.6,0,1,irregular,0.679,4339.74,1
36,male,82449.44,6870.79,self_employed,9.6,17211.2,3757.79,4946.42,19564.62,auto,24,3,16.5,0,1,consistent,0.311,5376.27,1
57,female,60988.34,5082.36,employed,3.0,18839.19,3214.45,6275.74,19987.85,personal,48,2,33.0,0,1,consistent,0.616,5140.33,1
30,male,78772.93,6564.41,student,3.0,6731.6,4819.07,8024.72,14491.02,education,48,2,6.3,0,0,consistent,0.552,4676.31,0
45,female,42097.12,3508.09,employed,10.4,35602.25,2872.03,1541.8,14750.29,education,12,4,24.2,2,0,consistent,0.439,15284.2,0
46,female,46934.56,3911.21,employed,9.5,18065.14,2040.44,13598.2,18005.51,debt_consolidation,36,0,28.8,0,0,irregular,0.492,8769.05,0
57,female,49950.44,4162.54,employed,6.3,19376.6,1953.29,10057.92,14227.96,education,24,2,28.5,0,1,poor,0.435,16587.26,0
55,not_specified,13829.08,1152.42,self_employed,8.5,34106.61,1046.08,5793.64,19441.78,personal,36,2,37.2,1,1,consistent,0.233,11592.59,0
43,male,84405.72,7033.81,unemployed,4.3,7611.26,3745.39,573.7,11636.28,medical,24,2,19.7,0,1,consistent,0.276,3511.02,1
35,female,92981.43,7748.45,self_employed,5.5,11938.82,5675.81,2491.34,39246.32,auto,36,2,10.7,0,1,minor_delays,0.523,9989.16,1
38,male,43765.05,3647.09,employed,2.9,0.0,2685.6,23895.1,14227.85,debt_consolidation,36,4,19.3,2,0,consistent,0.357,0.0,1
40,male,71053.28,5921.11,self_employed,9.1,10931.79,3807.25,5393.15,23265.73,home,48,1,19.9,0,1,consistent,0.111,8329.22,1
31,male,55095.95,4591.33,employed,2.7,0.0,2204.83,16610.61,9640.6,business,24,3,9.1,0,2,consistent,0.279,0.0,1
51,male,70535.12,5877.93,employed,11.4,21974.19,2531.22,2632.71,27264.57,debt_consolidation,36,1,33.0,0,0,consistent,0.161,6324.63,1
31,male,45682.99,3806.92,employed,4.2,18039.96,2389.22,8107.97,25068.15,home,36,3,15.6,0,0,minor_delays,0.535,13576.64,1
52,female,39030.95,3252.58,employed,5.6,9675.17,2085.65,4221.77,21611.86,business,36,3,30.1,0,1,consistent,0.064,7617.52,1
57,not_specified,89353.95,7446.16,employed,8.5,11794.92,5888.57,5678.37,5699.31,medical,12,2,35.3,0,0,minor_delays,0.27,8261.05,1
67,male,60339.36,5028.28,contract,5.6,22137.6,3794.37,13049.32,8723.57,business,72,1,44.8,0,0,minor_delays,0.531,9655.84,1
26,female,114574.83,9547.9,employed,4.3,0.0,8305.37,9841.66,35547.9,business,36,2,9.1,0,1,consistent,0.393,0.0,1
57,male,63204.06,5267.0,employed,5.4,15450.01,4758.16,5416.92,8601.79,debt_consolidation,36,1,30.7,1,0,consistent,0.663,10685.08,0
25,female,37921.97,3160.16,employed,9.1,21394.12,2417.13,37865.44,24049.92,business,36,2,3.5,0,0,consistent,0.357,17568.88,0
37,female,93900.46,7825.04,self_employed,2.8,0.0,3080.02,7235.34,6608.62,medical,60,1,15.5,1,2,minor_delays,0.361,0.0,1
29,male,78400.8,6533.4,employed,5.0,21219.26,3795.37,4360.92,28092.22,auto,36,3,7.2,0,1,consistent,0.238,8162.57,1
28,male,80898.69,6741.56,employed,5.5,0.0,4698.98,21708.64,9449.63,medical,36,5,2.6,0,1,irregular,0.033,0.0,1
29,male,92955.62,7746.3,student,9.0,11588.87,5317.15,6705.55,6404.93,home,36,1,6.7,0,0,irregular,0.142,8902.05,1
23,male,45027.3,3752.27,employed,5.1,0.0,1701.37,3132.9,9164.23,business,36,1,3.5,1,1,consistent,0.221,0.0,1
60,not_specified,58691.41,4890.95,retired,12.7,30174.96,3336.99,24456.08,10908.17,medical,36,2,37.3,0,1,poor,0.245,11915.78,1
23,female,57542.3,4795.19,retired,4.9,0.0,2634.08,2602.12,21451.41,medical,72,0,5.3,0,0,consistent,0.382,0.0,1
40,female,28440.59,2370.05,employed,4.5,0.0,1287.38,2794.09,17763.22,auto,72,2,21.3,0,1,consistent,0.766,0.0,1
54,female,55146.66,4595.55,student,4.8,14600.23,3793.1,2706.48,4953.28,auto,36,0,28.7,0,0,consistent,0.114,4611.15,1
68,male,96745.87,8062.16,self_employed,0.2,8035.56,4760.72,534.83,16692.58,personal,12,1,45.0,0,0,minor_delays,0.397,6064.14,1
61,female,68170.79,5680.9,employed,1.4,0.0,3696.08,1029.4,4421.48,auto,36,2,40.6,1,0,consistent,0.435,0.0,1
27,female,27002.41,2250.2,contract,3.4,19309.78,1509.52,1293.23,24079.13,debt_consolidation,72,1,7.2,0,4,poor,0.697,15955.2,0
68,male,21548.18,1795.68,employed,10.0,0.0,1204.74,667.3,26095.93,auto,60,3,45.0,0,2,irregular,0.243,0.0,1
52,male,105284.18,8773.68,employed,5.4,565.11,4136.61,4717.49,16736.58,business,24,1,32.7,0,1,consistent,0.71,442.56,1
29,female,59651.71,4970.98,employed,3.6,6097.38,3438.37,11587.38,19988.19,education,24,3,9.9,0,0,consistent,0.162,1429.0,1
42,not_specified,45167.33,3763.94,student,10.4,22626.67,2035.3,1175.14,36273.37,debt_consolidation,24,3,14.5,0,0,consistent,0.278,11476.3,0
65,female,54876.21,4573.02,student,11.7,28545.62,3307.95,2236.18,15266.37,auto,60,2,42.1,0,0,consistent,0.441,14084.36,1
39,male,23590.0,1965.83,employed,10.5,26233.39,851.3,19611.65,6613.16,business,36,2,16.6,0,0,consistent,0.651,8808.03,0
29,female,99000.47,8250.04,self_employed,2.1,11160.71,7562.36,4284.73,23371.15,business,36,2,11.3,2,1,consistent,0.182,6619.94,0
63,male,51780.62,4315.05,employed,3.5,0.0,3409.17,877.73,4540.81,debt_consolidation,36,5,40.1,0,0,consistent,0.639,0.0,1
66,female,97552.44,8129.37,student,12.8,17690.24,4778.71,3901.48,14683.74,education,36,1,40.4,0,0,irregular,0.58,9646.87,1
67,male,63342.94,5278.58,employed,6.5,30646.88,2754.21,23787.21,10411.11,education,60,5,45.0,0,2,poor,0.311,23977.16,0
66,male,99167.83,8263.99,employed,4.4,27805.48,4719.13,6906.69,9279.98,debt_consolidation,36,4,45.0,0,3,consistent,0.516,11263.61,1
62,female,68674.06,5722.84,contract,8.4,18555.39,4355.59,22.56,14249.04,education,36,1,35.8,0,0,minor_delays,0.555,7586.31,1
42,male,84184.05,7015.34,self_employed,9.5,0.0,5076.18,36737.19,26898.8,business,48,5,16.7,0,0,consistent,0.652,0.0,1
30,male,80696.42,6724.7,employed,3.2,6696.32,5044.82,23031.88,29162.36,auto,48,2,10.3,0,2,consistent,0.195,5014.84,0
50,male,78205.57,6517.13,self_employed,6.4,36205.77,5583.42,14153.23,27188.26,education,48,1,30.1,0,1,minor_delays,0.385,10991.97,1
31,male,71046.3,5920.52,contract,9.2,0.0,3612.04,43.64,20699.89,debt_consolidation,60,2,9.3,0,0,minor_delays,0.333,0.0,1
43,male,55945.88,4662.16,employed,0.9,0.0,3410.96,8117.84,14165.12,home,24,2,22.0,0,1,minor_delays,0.126,0.0,1
52,male,111801.3,9316.78,employed,5.5,24310.62,5605.53,39874.56,500.0,medical,12,3,28.1,0,0,consistent,0.494,11469.45,1
66,male,38419.64,3201.64,employed,1.0,7826.09,2285.06,483.88,21044.27,debt_consolidation,12,0,45.0,1,0,consistent,0.488,3958.69,0
34,female,62112.0,5176.0,self_employed,1.6,0.0,3212.48,23395.65,500.0,personal,48,2,13.7,0,0,irregular,0.5,0.0,1
33,female,62387.03,5198.92,self_employed,3.2,31335.65,4121.17,12462.58,500.0,business,60,2,9.9,0,1,poor,0.723,23073.04,0
56,male,72463.46,6038.62,employed,7.4,18532.67,2131.62,3051.96,15221.66,debt_consolidation,36,3,36.5,0,0,consistent,0.718,9086.34,0
21,not_specified,50833.71,4236.14,self_employed,4.2,8418.39,2003.51,13976.1,19910.35,debt_consolidation,60,1,0.5,0,0,consistent,0.029,1708.79,1
48,female,70183.4,5848.62,employed,2.9,0.0,3035.25,488.04,12038.07,debt_consolidation,48,2,30.4,1,1,consistent,0.457,0.0,0
56,female,57610.09,4800.84,employed,5.7,37568.88,4267.35,2786.9,33890.84,education,72,1,34.8,1,0,consistent,0.353,12016.8,0
47,male,20869.23,1739.1,self_employed,0.9,12706.58,1111.32,391.5,22083.12,debt_consolidation,36,3,30.2,0,1,minor_delays,0.423,2764.0,0
39,not_specified,62248.36,5187.36,employed,7.2,29767.94,2892.89,3479.32,14256.51,auto,24,1,20.4,0,1,consistent,0.194,22152.16,1
60,male,33385.3,2782.11,unemployed,10.0,23723.6,1614.9,9133.92,32249.41,medical,60,1,34.8,1,0,irregular,0.475,8827.18,0
38,male,16905.97,1408.83,unemployed,5.2,6749.18,855.92,15929.88,34216.25,personal,60,2,11.4,0,0,poor,0.679,4918.15,0
55,female,65558.71,5463.23,employed,4.7,6844.71,4614.59,19447.97,22638.15,medical,48,3,33.7,1,0,irregular,0.337,4443.63,1
43,not_specified,74684.97,6223.75,employed,7.0,30355.78,5592.23,12916.93,8472.17,auto,60,4,23.9,0,1,poor,0.457,24840.67,0
22,male,75694.15,6307.85,employed,0.0,30550.21,5242.92,21252.36,10947.03,debt_consolidation,36,1,0.0,0,2,consistent,0.258,13769.32,0
46,male,76746.44,6395.54,employed,7.6,0.0,5306.66,21158.2,1085.87,home,48,3,21.6,0,2,consistent,0.216,0.0,1
23,male,12000.0,1000.0,unemployed,17.9,19597.36,500.0,6792.91,16533.41,home,36,2,0.0,0,1,minor_delays,0.258,11714.46,0
65,male,26613.56,2217.8,employed,5.0,11545.42,1115.88,2953.9,5449.54,personal,36,4,45.0,0,0,consistent,0.279,8635.42,1
49,female,113311.56,9442.63,employed,5.0,600.12,6513.04,34390.33,13380.18,education,36,4,24.9,0,0,poor,0.359,258.37,1
38,female,34772.57,2897.71,employed,8.5,16140.95,2097.94,1237.13,19866.6,home,24,3,12.9,1,0,consistent,0.604,10001.62,0
44,female,77881.87,6490.16,self_employed,12.1,0.0,3021.44,4526.74,500.0,home,12,0,21.4,0,0,consistent,0.577,0.0,1
50,male,44139.62,3678.3,self_employed,9.4,7402.54,2852.08,5625.07,3098.85,debt_consolidation,48,1,28.2,1,0,minor_delays,0.581,1706.35,1
33,male,64071.49,5339.29,self_employed,0.0,3418.32,2477.32,6201.17,11424.67,home,60,1,10.1,0,0,consistent,0.197,765.03,1
34,male,45535.39,3794.62,contract,7.8,7002.5,1896.99,4889.64,16422.2,debt_consolidation,36,1,10.8,1,1,consistent,0.421,5826.8,0
41,female,76600.07,6383.34,employed,15.8,12142.26,3350.45,16955.07,11567.2,medical,36,1,17.7,0,2,consistent,0.31,7874.66,1
33,female,65556.13,5463.01,employed,8.0,813.2,4546.4,5849.0,14024.3,auto,12,1,11.7,0,0,minor_delays,0.353,511.66,1
57,female,50344.47,4195.37,self_employed,0.9,31878.15,3219.06,11542.99,9231.94,business,36,1,28.3,0,0,consistent,0.499,22957.71,0
25,not_specified,34695.52,2891.29,self_employed,6.6,18919.4,1886.54,1153.28,1056.6,debt_consolidation,36,0,5.0,0,0,consistent,0.489,3991.22,0
60,female,68962.13,5746.84,employed,0.4,34534.76,4696.65,36671.21,11117.74,auto,36,2,43.1,0,0,minor_delays,0.593,12517.25,0
37,male,30469.31,2539.11,student,10.4,11079.04,2065.23,3892.98,14655.15,auto,60,2,17.0,0,1,minor_delays,0.261,7257.74,1
47,female,73114.51,6092.88,contract,1.7,6414.52,3486.37,1165.14,13585.71,debt_consolidation,36,2,28.5,0,1,consistent,0.334,4508.58,1
28,female,130288.61,10857.38,employed,5.8,34100.99,8636.17,7760.06,18229.76,debt_consolidation,48,2,8.9,0,2,minor_delays,0.28,21849.59,1
39,female,97104.42,8092.04,unemployed,2.1,6063.28,3783.5,3881.5,21607.84,business,48,3,21.9,0,0,consistent,0.328,2957.13,1
57,female,80677.05,6723.09,self_employed,3.3,10860.5,4281.53,16471.24,24498.99,auto,24,2,39.5,0,4,consistent,0.598,6648.89,1
33,male,59774.21,4981.18,unemployed,11.4,21640.57,2079.14,4265.29,10030.94,business,36,4,11.8,0,1,minor_delays,0.464,14930.34,0
27,female,12000.0,1000.0,self_employed,5.9,0.0,593.27,740.12,500.0,medical,24,6,3.3,0,2,consistent,0.18,0.0,1
46,male,27620.55,2301.71,self_employed,3.3,21535.54,1488.31,26312.7,30987.56,personal,36,3,22.9,0,1,poor,0.358,12809.26,0
28,female,95352.61,7946.05,employed,0.9,20000.16,3143.09,2546.14,21239.91,medical,60,2,4.1,1,0,poor,0.347,5105.83,1
36,not_specified,41466.34,3455.53,employed,0.0,28231.9,2120.62,3421.81,6498.71,debt_consolidation,36,3,9.9,0,1,consistent,0.736,8997.16,0
42,female,43819.45,3651.62,self_employed,0.5,23680.53,2634.47,5789.22,20054.76,home,36,3,22.4,0,0,consistent,0.348,17542.59,1
48,male,57693.09,4807.76,contract,5.9,28599.74,3365.58,3720.99,28747.94,education,24,4,26.1,0,0,minor_delays,0.675,13327.57,0
51,male,34386.8,2865.57,unemployed,9.4,11674.94,1091.73,2866.93,36020.94,personal,36,4,24.3,0,0,minor_delays,0.26,8693.46,0
53,not_specified,30104.01,2508.67,employed,3.3,2647.96,1014.36,1873.71,19756.71,personal,60,3,28.6,0,0,consistent,0.604,1779.43,1
61,male,60687.67,5057.31,self_employed,11.8,38319.82,2782.9,1931.47,28656.38,business,36,1,42.5,1,0,consistent,0.484,17390.51,1
24,male,38820.23,3235.02,employed,2.6,0.0,2686.14,5939.18,3694.38,medical,48,1,0.0,0,1,consistent,0.12,0.0,1
38,male,42733.52,3561.13,self_employed,4.5,0.0,3011.86,13375.04,16605.07,debt_consolidation,12,2,12.5,0,1,consistent,0.434,0.0,1
21,male,41689.03,3474.09,employed,1.2,19781.54,1829.03,1949.07,13314.86,home,24,4,5.3,0,1,consistent,0.382,6179.99,1
21,male,75581.37,6298.45,self_employed,9.5,32499.83,4785.36,4433.73,20768.27,debt_consolidation,36,3,0.0,0,1,consistent,0.454,15808.16,0
31,male,55964.73,4663.73,employed,13.9,15274.61,3167.2,6901.43,34723.13,home,60,2,11.2,0,1,consistent,0.421,10066.88,1
49,male,57357.13,4779.76,student,0.0,24991.64,4352.21,18864.01,19748.78,education,24,4,33.0,0,1,consistent,0.156,10207.47,1
63,not_specified,77520.59,6460.05,self_employed,4.1,0.0,2609.52,2983.3,6685.4,debt_consolidation,48,2,43.2,0,1,consistent,0.244,0.0,1
58,female,58306.97,4858.91,employed,10.6,7005.46,3218.02,17678.65,3102.18,education,24,2,36.5,0,0,consistent,0.641,5626.8,1
52,male,54765.4,4563.78,self_employed,0.0,0.0,3138.73,7561.67,35103.58,education,48,5,33.1,0,1,minor_delays,0.21,0.0,1
58,female,74231.71,6185.98,self_employed,7.8,22364.93,3249.93,8706.28,22651.73,medical,48,3,36.9,0,1,minor_delays,0.868,18759.17,0
29,female,79373.14,6614.43,employed,10.4,0.0,2492.07,9242.87,21928.89,personal,48,3,11.7,0,1,consistent,0.528,0.0,0
61,male,58176.09,4848.01,employed,5.8,0.0,1840.79,18883.36,13218.95,education,36,1,41.7,0,1,minor_delays,0.598,0.0,1
63,female,64095.8,5341.32,student,7.7,19168.3,3250.52,3861.62,19946.48,business,24,4,45.0,0,1,consistent,0.467,14055.55,1
25,female,41673.45,3472.79,employed,12.5,25741.89,2586.22,12.96,6143.44,education,60,3,2.0,0,1,irregular,0.585,9800.01,1
43,male,39622.24,3301.85,employed,13.3,11092.38,2473.42,290.55,21259.18,debt_consolidation,36,6,20.3,0,1,consistent,0.467,3978.19,0
60,female,81997.84,6833.15,self_employed,5.3,19842.07,3096.46,19886.44,4076.43,education,24,1,42.3,1,0,consistent,0.347,4452.55,1
43,male,73568.49,6130.71,employed,3.4,19453.46,5143.93,408.03,13047.83,personal,36,3,20.8,1,1,consistent,0.229,15085.15,1
61,female,73837.76,6153.15,employed,1.8,10414.88,3476.42,4195.36,9928.18,auto,12,1,42.8,0,3,consistent,0.67,6512.11,1
65,not_specified,69302.21,5775.18,employed,9.4,0.0,5195.87,44456.11,500.0,debt_consolidation,36,3,43.0,0,1,minor_delays,0.242,0.0,1
43,female,63201.29,5266.77,employed,0.0,19778.7,2198.09,11985.6,13185.55,home,36,1,21.4,0,0,poor,0.237,7074.48,0
23,male,80106.71,6675.56,employed,4.5,20357.15,5519.21,9339.5,7112.47,debt_consolidation,24,1,0.0,0,2,minor_delays,0.71,15909.95,0
37,female,86312.83,7192.74,self_employed,5.9,23728.29,6241.52,3628.79,14685.71,business,36,3,19.4,0,2,consistent,0.681,14746.77,0
31,female,85691.93,7140.99,employed,3.5,16744.8,5847.94,7404.84,17018.95,medical,48,4,14.0,0,0,irregular,0.198,13379.9,1
43,female,59379.77,4948.31,employed,6.6,0.0,4013.28,6906.91,36447.25,debt_consolidation,60,2,19.7,0,1,consistent,0.196,0.0,1
49,female,98061.81,8171.82,self_employed,15.8,21284.08,4543.1,13632.86,20351.8,auto,48,1,26.6,0,0,minor_delays,0.479,18449.39,1
43,male,67939.98,5661.66,self_employed,5.0,12983.43,4283.65,11398.69,20675.24,business,36,0,23.8,0,1,consistent,0.13,4481.92,1
30,male,78441.78,6536.82,employed,3.8,7207.15,4446.52,2683.56,22451.75,personal,60,1,12.9,1,2,consistent,0.604,2972.68,0
35,female,69334.29,5777.86,employed,9.6,9464.37,3420.22,4584.01,26589.89,debt_consolidation,36,3,14.1,0,1,consistent,0.124,8028.24,0
53,male,68422.17,5701.85,employed,6.5,4716.91,5223.31,1335.19,21997.07,auto,48,2,32.0,1,0,irregular,0.661,1976.55,0
22,male,42870.45,3572.54,employed,11.3,23666.13,1841.85,927.63,20098.84,debt_consolidation,12,1,0.0,0,0,consistent,0.454,14593.41,0
31,male,80235.12,6686.26,employed,6.2,0.0,3914.75,13607.26,24823.72,home,12,3,10.4,0,0,minor_delays,0.409,0.0,1
63,male,135977.65,11331.47,self_employed,4.5,1078.17,9797.54,6456.16,500.0,home,48,1,34.8,0,0,consistent,0.474,773.89,1
25,male,52255.33,4354.61,unemployed,0.0,9054.73,2241.47,6299.9,39979.57,debt_consolidation,24,3,0.0,0,0,consistent,0.235,3784.61,1
40,male,63845.86,5320.49,employed,0.0,32365.01,2325.2,15708.27,34487.03,debt_consolidation,48,2,21.0,0,0,minor_delays,0.194,16470.55,0
30,male,50398.66,4199.89,employed,0.0,25651.37,2212.08,12927.76,19388.49,home,48,1,8.0,0,0,minor_delays,0.503,6634.55,0
26,female,49311.48,4109.29,unemployed,7.0,0.0,3216.78,6894.02,1456.93,debt_consolidation,12,2,4.2,0,1,consistent,0.252,0.0,1
41,female,102155.69,8512.97,employed,0.1,29216.17,7151.89,777.92,30313.85,personal,36,3,21.7,0,0,minor_delays,0.4,24372.75,1
46,male,44502.75,3708.56,student,10.5,29193.04,1539.92,648.93,9367.36,personal,48,4,24.1,0,2,minor_delays,0.227,22272.5,1
29,female,49673.91,4139.49,self_employed,5.6,0.0,2915.76,2772.87,22872.25,medical,48,2,5.3,0,0,consistent,0.418,0.0,1
24,female,20725.19,1727.1,student,4.5,0.0,1162.95,5838.5,2888.04,debt_consolidation,60,2,5.8,1,1,consistent,0.538,0.0,1
27,male,42302.1,3525.17,contract,2.1,12133.34,2577.66,19172.91,41490.48,home,36,1,2.6,0,0,consistent,0.421,3152.54,0
52,female,17581.6,1465.13,employed,8.0,26469.09,1073.21,13166.64,1135.62,auto,60,2,25.8,0,0,consistent,0.207,6601.76,1
62,female,78426.92,6535.58,contract,2.3,32095.14,5861.74,13655.59,17758.85,home,36,4,40.8,0,0,consistent,0.237,24079.58,1
29,male,134792.13,11232.68,employed,1.6,2550.07,6150.13,1018.18,500.0,education,12,1,7.5,0,0,minor_delays,0.429,1433.03,1
36,female,52466.35,4372.2,contract,10.3,34023.75,2277.33,418.03,16546.55,business,48,0,15.1,1,0,minor_delays,0.418,13402.06,0
37,male,18664.29,1555.36,employed,6.9,0.0,1059.66,7610.01,12321.86,debt_consolidation,36,6,16.8,0,0,consistent,0.461,0.0,0
38,female,85399.99,7116.67,self_employed,4.6,8583.39,4232.77,16553.44,29509.02,debt_consolidation,24,3,18.3,0,1,consistent,0.294,7629.18,1
32,male,43099.95,3591.66,employed,8.1,7993.47,2226.97,2794.78,12320.83,auto,36,6,11.2,0,2,consistent,0.354,2139.75,0
23,male,95783.02,7981.92,employed,5.5,26828.04,3108.86,3833.4,29524.86,medical,60,5,0.2,0,1,consistent,0.342,12206.37,1
46,female,54667.24,4555.6,employed,7.0,28579.63,1979.4,11729.66,5734.67,business,60,0,23.7,0,2,irregular,0.675,19323.84,1
38,male,45572.79,3797.73,employed,2.2,24450.68,3354.02,24209.18,13898.42,debt_consolidation,72,3,16.4,0,1,consistent,0.257,15554.75,0
37,male,57373.1,4781.09,employed,13.8,0.0,1859.49,1611.11,14118.97,auto,36,0,15.1,1,1,consistent,0.752,0.0,1
33,male,81702.2,6808.52,employed,3.2,23351.43,4673.25,50609.76,22451.47,auto,36,2,13.1,0,0,minor_delays,0.38,14812.2,1
65,female,56087.06,4673.92,student,11.7,19108.5,3646.16,1732.03,21052.12,education,60,2,45.0,0,1,consistent,0.13,8321.39,1
50,male,49085.16,4090.43,contract,4.7,0.0,1459.31,3703.44,24944.48,auto,36,1,27.0,0,0,irregular,0.079,0.0,1
41,not_specified,56830.38,4735.86,self_employed,8.7,0.0,2258.85,9130.89,19935.14,business,36,3,19.7,0,2,consistent,0.81,0.0,1
30,male,28931.77,2410.98,self_employed,8.4,25455.87,1362.04,5649.24,24274.46,debt_consolidation,36,3,7.3,0,1,irregular,0.882,21136.36,0
59,male,72322.82,6026.9,employed,10.1,10838.81,3850.5,2708.93,7123.5,debt_consolidation,36,3,35.7,0,2,consistent,0.09,7869.69,1
63,female,15545.11,1295.43,self_employed,2.1,0.0,705.63,5563.69,21276.79,education,48,3,38.8,0,0,minor_delays,0.139,0.0,1
22,male,50452.84,4204.4,employed,9.8,10501.94,3026.87,2993.55,34690.27,personal,36,2,0.4,1,1,consistent,0.504,3380.39,0
65,male,81744.02,6812.0,employed,12.9,17368.49,3263.27,5506.3,500.0,personal,12,1,45.0,0,1,consistent,0.293,9179.81,1
54,female,69879.26,5823.27,self_employed,4.5,12005.79,2122.73,17018.76,22379.09,education,48,1,34.1,0,0,consistent,0.575,2578.74,1
25,male,77348.33,6445.69,retired,5.6,0.0,2261.77,8846.89,24444.58,business,48,2,0.0,1,1,consistent,0.846,0.0,0
57,female,60308.81,5025.73,employed,3.4,35626.68,2748.78,8391.72,33073.05,home,24,4,35.2,0,1,consistent,0.714,13407.72,0
26,not_specified,92413.4,7701.12,employed,4.1,25050.62,4282.96,2570.48,24986.52,personal,36,1,5.1,0,1,consistent,0.577,6881.17,1
23,male,86042.18,7170.18,contract,12.3,8975.47,6386.51,21672.51,18103.48,auto,72,4,4.6,0,2,consistent,0.2,5230.03,1
26,male,73599.67,6133.31,employed,1.5,9458.86,2303.21,25673.95,21730.81,business,48,0,8.7,0,0,consistent,0.15,2179.4,1
43,male,86116.19,7176.35,employed,1.7,17313.85,4679.96,5730.7,8914.58,auto,48,3,27.9,0,2,minor_delays,0.347,6414.28,0
50,male,81511.01,6792.58,employed,11.9,0.0,4614.57,3533.56,12732.35,medical,48,4,33.0,0,3,minor_delays,0.668,0.0,0
40,female,50573.95,4214.5,employed,8.0,16872.12,3154.92,4205.43,2307.27,business,72,2,17.4,0,1,minor_delays,0.366,9639.44,1
26,male,27058.63,2254.89,self_employed,14.0,0.0,1610.17,19817.65,33357.32,home,36,1,2.1,0,1,consistent,0.326,0.0,1
30,female,72929.42,6077.45,unemployed,3.7,12153.59,2155.3,4526.49,21951.73,personal,36,4,5.6,1,1,consistent,0.254,3137.09,1
61,male,76198.32,6349.86,self_employed,6.0,0.0,4509.41,76.88,6922.76,debt_consolidation,36,0,41.0,0,0,minor_delays,0.596,0.0,1
67,female,90352.27,7529.36,student,2.9,0.0,4018.88,868.08,19984.93,debt_consolidation,60,1,45.0,0,1,consistent,0.43,0.0,1
57,male,37655.65,3137.97,employed,6.1,32748.67,2480.68,494.48,29752.82,home,24,3,36.9,0,0,minor_delays,0.683,25472.49,0
25,female,38432.79,3202.73,employed,0.0,13710.71,1464.83,7716.11,27920.72,home,24,1,2.3,0,0,consistent,0.157,6233.02,1
60,not_specified,73957.41,6163.12,employed,8.2,15488.88,4673.1,15619.1,6795.98,education,36,2,41.3,0,0,consistent,0.713,10317.57,1
54,male,60149.66,5012.47,employed,6.8,0.0,3541.47,3615.47,500.0,auto,48,1,35.4,1,1,minor_delays,0.309,0.0,0
46,male,12970.2,1080.85,self_employed,5.3,5835.98,780.16,6662.6,21349.25,medical,48,2,25.5,1,0,consistent,0.533,3434.13,0
27,female,71752.81,5979.4,unemployed,3.9,18534.55,2692.47,544.09,7244.43,home,36,1,6.6,0,0,irregular,0.176,11346.66,1
68,male,13837.0,1153.08,employed,1.9,15329.64,843.4,8111.53,23845.6,home,36,0,45.0,0,1,consistent,0.537,7665.34,0
42,male,37423.33,3118.61,student,8.4,0.0,2401.57,22977.54,27452.97,education,48,4,21.0,0,3,consistent,0.153,0.0,0
23,male,97143.72,8095.31,employed,0.8,15485.65,5091.66,12542.8,29249.96,debt_consolidation,12,2,0.0,0,2,minor_delays,0.392,6413.63,1
31,male,109446.85,9120.57,employed,7.5,17398.71,4961.67,21996.62,36192.15,debt_consolidation,48,3,12.3,0,1,irregular,0.416,4347.35,1
40,male,30392.93,2532.74,employed,13.8,28405.14,1126.91,4178.29,30599.93,debt_consolidation,24,1,19.0,0,1,consistent,0.342,12629.66,0
23,female,53435.82,4452.99,employed,11.4,5137.23,2294.52,4882.59,36245.04,debt_consolidation,60,1,4.1,0,3,consistent,0.089,2690.68,0
36,male,63108.19,5259.02,contract,0.0,0.0,4130.34,8644.16,32169.66,business,36,2,11.2,0,2,consistent,0.67,0.0,1
43,male,108311.9,9025.99,contract,3.4,1038.75,5265.39,1642.54,33128.39,debt_consolidation,48,0,17.3,0,0,consistent,0.234,868.01,1
66,female,49185.41,4098.78,self_employed,7.2,0.0,3076.33,26289.92,16550.45,business,24,0,45.0,1,0,consistent,0.458,0.0,0
25,male,49601.02,4133.42,self_employed,5.2,21840.51,3190.39,10473.65,2817.41,education,36,1,5.0,0,0,irregular,0.466,7789.39,0
48,male,102266.86,8522.24,self_employed,0.0,0.0,6257.68,1313.47,44304.97,education,48,1,26.6,0,1,consistent,0.517,0.0,1
64,female,52255.48,4354.62,employed,7.0,7619.72,3195.93,3573.24,17692.48,business,36,2,45.0,0,0,consistent,0.455,5916.17,1
59,not_specified,80777.24,6731.44,unemployed,5.5,30109.55,4699.62,3357.51,30515.79,auto,60,0,40.1,0,1,minor_delays,0.362,16006.89,1
65,female,23594.28,1966.19,employed,13.2,13086.55,1269.18,18131.02,10946.98,personal,36,4,39.8,0,1,consistent,0.242,8009.31,1
29,female,57547.95,4795.66,self_employed,4.5,23755.8,2219.22,19985.65,27603.15,debt_consolidation,36,2,8.5,0,1,consistent,0.698,9290.93,0
59,female,18850.48,1570.87,contract,10.2,0.0,1304.45,3265.71,500.0,education,60,6,37.9,0,0,minor_delays,0.225,0.0,1
67,not_specified,34558.72,2879.89,employed,0.4,0.0,2590.84,14984.93,12485.12,home,36,3,45.0,1,0,irregular,0.341,0.0,1
36,female,83819.24,6984.94,employed,1.4,30246.91,4301.99,2688.25,15917.48,education,60,3,17.4,0,1,consistent,0.367,8832.89,1
44,female,60702.46,5058.54,employed,8.4,14214.58,4461.36,7383.31,22088.7,business,36,1,22.9,1,2,irregular,0.336,10170.53,0
46,female,53703.25,4475.27,employed,9.8,14239.29,4112.13,1068.36,28792.27,debt_consolidation,36,3,19.1,0,3,consistent,0.28,4121.43,1
44,male,42532.51,3544.38,self_employed,1.7,0.0,2222.79,18609.19,4964.43,medical,60,4,18.9,0,1,irregular,0.428,0.0,1
34,female,56262.94,4688.58,unemployed,5.6,14209.38,3576.83,3416.6,24259.65,debt_consolidation,12,2,9.0,0,1,consistent,0.125,7727.8,0
67,female,69828.94,5819.08,employed,0.0,0.0,4172.05,17234.95,30493.34,education,24,5,45.0,0,1,irregular,0.564,0.0,0
66,male,87555.82,7296.32,contract,4.8,27242.45,3540.47,9832.45,42805.03,auto,12,0,44.2,0,0,irregular,0.286,24448.17,1
39,male,12000.0,1000.0,employed,8.8,45733.97,500.0,3261.33,24772.91,debt_consolidation,36,0,20.9,0,2,consistent,0.394,21039.52,0
59,male,40374.21,3364.52,contract,3.8,18807.29,2047.01,13154.9,11945.43,auto,48,3,37.4,0,1,minor_delays,0.164,12657.6,1
40,male,66136.5,5511.38,contract,4.5,5380.64,4401.97,1653.36,3010.59,auto,12,1,16.0,0,1,consistent,0.201,3608.67,1
59,male,59429.56,4952.46,self_employed,1.0,0.0,2651.19,8707.19,37121.23,home,24,2,40.3,0,1,consistent,0.366,0.0,1
49,male,72487.78,6040.65,employed,2.9,0.0,4815.18,15723.84,25110.76,education,36,3,24.8,1,0,consistent,0.067,0.0,1
43,male,68956.05,5746.34,self_employed,12.5,31658.34,4155.96,8410.97,16758.27,debt_consolidation,36,2,21.7,0,1,consistent,0.637,25820.32,1
27,male,54073.44,4506.12,self_employed,5.8,649.7,3363.63,7524.14,500.0,debt_consolidation,24,1,3.6,1,0,consistent,0.655,382.68,0
52,female,48301.82,4025.15,student,1.5,8549.98,2064.39,2219.31,6756.98,debt_consolidation,24,3,32.0,0,0,consistent,0.436,4581.45,1
36,not_specified,55616.96,4634.75,employed,4.2,20863.91,2863.94,7964.77,23944.52,medical,60,3,18.7,0,0,consistent,0.555,13630.08,1
31,male,91867.3,7655.61,student,0.0,30787.48,3472.36,16703.32,20892.16,debt_consolidation,48,2,10.4,1,0,consistent,0.232,23546.07,0
30,male,42967.79,3580.65,employed,1.4,10604.96,1756.49,8552.41,500.0,education,36,3,11.3,0,1,consistent,0.201,3793.32,0
68,female,60367.03,5030.59,contract,10.9,8144.0,2018.34,2915.09,23958.74,education,36,0,45.0,0,1,irregular,0.152,2558.62,1
25,female,66766.9,5563.91,self_employed,4.9,13859.45,2349.42,485.47,500.0,business,24,2,5.5,0,3,minor_delays,0.118,9089.93,1
59,not_specified,102569.12,8547.43,employed,13.1,5468.35,4017.23,2249.55,31894.1,auto,36,2,41.9,0,1,irregular,0.352,1226.05,1
62,female,54191.99,4516.0,employed,5.1,6114.17,3074.19,19695.49,19294.12,home,36,1,39.9,0,0,irregular,0.264,4754.93,1
22,male,86928.97,7244.08,contract,5.4,17942.56,4357.24,5231.77,11902.36,debt_consolidation,60,1,3.0,0,1,irregular,0.346,7382.5,1
49,female,94031.46,7835.96,self_employed,8.1,15223.5,3934.87,611.67,27891.7,business,48,3,24.5,0,0,minor_delays,0.32,4227.35,1
48,female,60342.39,5028.53,self_employed,0.0,38579.26,4228.16,7479.1,20888.49,auto,36,6,26.6,0,1,consistent,0.163,28366.22,1
38,female,56521.31,4710.11,contract,6.3,18266.19,3058.43,1861.87,31574.2,debt_consolidation,24,3,14.8,0,0,minor_delays,0.489,6503.21,1
53,male,53444.6,4453.72,student,5.3,26813.75,3902.22,29512.54,17885.23,home,48,3,33.1,0,1,consistent,0.304,12897.37,1
40,female,55348.6,4612.38,employed,11.4,144.58,3283.69,15321.76,18527.01,debt_consolidation,60,4,22.3,0,3,irregular,0.215,70.8,0
42,female,84210.24,7017.52,employed,9.4,19301.89,2519.28,28583.98,13862.25,debt_consolidation,12,2,23.7,0,2,minor_delays,0.301,14942.79,0
41,male,68006.26,5667.19,retired,1.0,4324.22,4934.31,10862.42,19892.64,auto,60,3,18.6,1,1,minor_delays,0.476,1665.24,0
59,male,68117.53,5676.46,employed,10.5,17745.44,4761.15,1861.03,35677.46,personal,24,2,34.0,0,0,minor_delays,0.683,11414.56,1
51,male,32744.19,2728.68,contract,4.5,21262.18,1943.11,640.98,11469.59,personal,48,4,33.0,0,1,minor_delays,0.458,19115.76,1
39,not_specified,36845.26,3070.44,employed,1.9,13598.43,2010.59,7718.24,24127.51,debt_consolidation,24,2,18.0,0,1,minor_delays,0.506,8424.87,0
65,female,117729.62,9810.8,employed,6.3,41887.91,5966.61,572.69,7315.12,auto,48,0,45.0,0,0,consistent,0.146,12511.15,1
59,male,57376.53,4781.38,self_employed,4.7,30135.76,2987.59,40554.95,500.0,home,36,2,35.3,1,0,consistent,0.731,12002.62,0
65,female,41855.93,3487.99,contract,11.7,27126.94,2750.13,4097.69,19282.05,business,36,1,40.1,0,0,poor,0.525,15586.73,0
56,female,99208.58,8267.38,employed,6.9,22171.43,5311.72,11658.51,21074.46,debt_consolidation,48,1,30.6,0,0,minor_delays,0.541,9436.4,1
39,male,69327.02,5777.25,employed,6.3,34160.33,2601.69,5660.26,15789.44,auto,48,2,18.6,0,5,consistent,0.26,19184.07,0
58,female,77032.03,6419.34,contract,9.1,0.0,2459.64,8056.55,544.17,auto,48,0,40.0,0,0,consistent,0.234,0.0,1
36,male,58410.78,4867.56,self_employed,9.9,29443.4,2053.75,8487.76,20347.31,auto,12,3,14.7,1,0,consistent,0.34,21048.27,1
34,female,53714.5,4476.21,employed,8.6,1105.07,2208.21,24532.17,19929.45,debt_consolidation,48,1,13.0,0,2,poor,0.182,702.89,1
42,female,57590.75,4799.23,employed,11.2,6227.93,2685.69,14695.73,7223.41,business,24,1,20.6,1,1,poor,0.307,4288.3,0
67,male,26048.81,2170.73,self_employed,7.9,19736.71,1863.96,1395.59,2111.59,home,48,3,45.0,0,0,consistent,0.487,6963.4,1
48,male,59713.89,4976.16,self_employed,6.2,27798.64,2419.8,19554.08,14223.73,auto,24,2,30.1,0,1,consistent,0.068,13795.02,1
39,male,69696.86,5808.07,contract,10.5,0.0,3090.89,939.83,24182.22,medical,36,4,17.3,0,0,consistent,0.314,0.0,1
43,female,110112.04,9176.0,student,5.1,6849.46,4378.04,2084.34,21583.2,debt_consolidation,36,1,25.7,0,1,consistent,0.142,4976.51,1
34,female,64235.98,5353.0,self_employed,5.6,14170.38,3538.72,5119.37,7310.79,home,72,1,12.3,2,0,consistent,0.358,4639.77,0
52,male,12000.0,1000.0,self_employed,12.4,10763.61,701.74,97.94,18506.18,auto,48,2,25.9,1,1,minor_delays,0.181,2634.67,0
37,female,59556.38,4963.03,employed,12.0,23248.38,3242.41,1197.11,26758.39,home,24,0,15.1,0,1,irregular,0.78,15279.25,0
47,female,133227.11,11102.26,self_employed,5.5,54231.13,9909.41,99.81,4100.68,auto,48,3,26.1,0,0,consistent,0.031,27704.2,1
38,male,84525.52,7043.79,retired,3.7,18031.85,6461.73,3754.75,17694.71,business,24,4,16.3,0,0,consistent,0.484,8787.49,0
36,female,40916.89,3409.74,employed,11.4,4177.64,2820.93,1917.93,31736.05,business,36,2,5.7,0,1,minor_delays,0.486,908.69,1
67,male,77368.77,6447.4,employed,8.7,0.0,5216.07,7307.45,2975.75,auto,36,2,45.0,0,1,consistent,0.321,0.0,1
37,not_specified,42707.65,3558.97,employed,6.8,9096.95,1988.22,15108.62,29710.79,debt_consolidation,60,0,15.4,1,2,consistent,0.328,2957.34,0
24,male,26801.0,2233.42,self_employed,4.2,1717.0,1519.79,3870.2,34811.06,debt_consolidation,72,4,0.0,0,1,consistent,0.553,384.69,0
39,female,52942.4,4411.87,contract,6.8,18610.6,2428.02,6217.44,14555.74,education,60,2,13.7,0,2,minor_delays,0.487,8918.72,0
46,male,64379.69,5364.97,employed,5.4,18424.26,4276.33,274.46,13226.91,auto,24,0,30.9,0,2,consistent,0.1,14322.49,1
25,male,13323.96,1110.33,contract,2.8,7441.98,500.0,5585.76,28364.04,home,12,2,3.3,0,1,minor_delays,0.359,6131.89,0
35,male,32121.86,2676.82,self_employed,6.0,36819.46,1267.48,1686.99,14952.57,business,60,1,10.9,0,0,irregular,0.633,13502.73,0
28,female,62268.72,5189.06,unemployed,6.6,4174.63,1930.62,5113.17,500.0,auto,36,0,4.5,0,0,consistent,0.501,1638.46,1
45,not_specified,51387.5,4282.29,contract,4.0,11566.83,2985.17,7547.31,15913.26,auto,48,2,22.0,0,1,minor_delays,0.259,3111.45,1
55,male,72265.09,6022.09,contract,9.1,20669.95,4471.2,45712.26,22174.44,debt_consolidation,72,2,34.9,0,0,minor_delays,0.46,17290.6,1
67,female,30418.62,2534.89,employed,10.7,23704.66,892.07,28815.36,25140.92,personal,24,3,40.3,0,3,minor_delays,0.366,5823.04,1
39,female,80566.96,6713.91,retired,9.4,28330.92,4304.61,5799.99,7313.08,medical,36,1,16.3,0,1,consistent,0.101,24253.91,1
